PO_Number,PO_Date,Vendor_ID,Vendor_Name,Department,Category,Item_ID,Item_Description,Quantity,Unit_Price_INR,PO_Amount_INR,Payment_Terms,Expected_Delivery_Date,Actual_Delivery_Date,Region,Buyer,PO_Status,Delivery_Status
PO202500001,2025-04-25,V002,Metro Business Supplies,Finance,Office Supplies,ITM001,A4 Copier Paper - 500 Sheets,39,232.61,9071.79,Net 30,2025-05-01,2025-05-01,West,Kavya Iyer,Closed,On Time
PO202600002,2026-06-02,V002,Metro Business Supplies,Sales & Marketing,Office Supplies,ITM003,Ergonomic Office Chair,8,7237.73,57901.84,Net 45,2026-06-16,2026-06-16,West,Ishita Shah,Closed,On Time
PO202500003,2025-12-15,V003,Prime Workplace India,Operations,Facilities,ITM010,Printer Maintenance Kit,14,5597.17,78360.38,Net 45,2025-12-25,2025-12-25,South,Rohit Mehta,Closed,On Time
PO202500004,2025-03-22,V015,TalentBridge Consulting,IT,Professional Services,ITM020,Audit Support - Monthly,1,53142.53,53142.53,Net 60,2025-04-08,2025-04-08,South,Vikram Reddy,Closed,On Time
PO202500005,2025-10-12,V005,Vertex Digital Systems,IT,Technology,ITM006,Business Laptop - Standard,2,64463.55,128927.1,Net 30,2025-10-26,2025-10-25,East,Vikram Reddy,Closed,On Time
PO202500006,2025-02-27,V003,Prime Workplace India,Operations,Facilities,ITM013,Electrical Maintenance Service,6,19379.08,116274.48,Net 60,2025-03-07,2025-03-04,East,Ananya Rao,Closed,On Time
PO202500007,2025-09-29,V016,StratEdge Partners,IT,Professional Services,ITM022,Data Reporting Support - Monthly,1,46371.25,46371.25,Net 45,2025-10-06,2025-10-06,South,Vikram Reddy,Closed,On Time
PO202600008,2026-03-09,V006,CoreTech Solutions,Human Resources,Technology,ITM007,USB-C Docking Station,14,8482.87,118760.18,Net 45,2026-03-14,2026-03-14,North,Neha Kapoor,Closed,On Time
PO202500009,2025-04-25,V003,Prime Workplace India,Operations,Office Supplies,ITM003,Ergonomic Office Chair,9,8210.0,73890.0,Net 60,2025-05-12,2025-05-12,North,Ananya Rao,Closed,On Time
PO202500010,2025-06-06,V011,ProSafe Equipment,Operations,Safety,ITM014,Safety Gloves - Box,12,686.72,8240.64,Net 30,2025-06-16,2025-06-14,West,Ananya Rao,Closed,On Time
PO202500011,2025-03-29,V006,CoreTech Solutions,IT,Technology,ITM005,24-inch Business Monitor,3,10652.85,31958.55,Net 60,2025-04-07,2025-04-04,West,Vikram Reddy,Closed,On Time
PO202600012,2026-01-18,V012,BrightReach Media,Sales & Marketing,Marketing,ITM017,Digital Marketing Campaign,3,41597.96,124793.88,Net 30,2026-01-31,2026-01-30,South,Arjun Nair,Closed,On Time
PO202500013,2025-12-05,V010,SafeGuard Industrial,Operations,Safety,ITM015,Safety Helmet,41,1128.87,46283.67,Net 45,2025-12-19,2025-12-16,West,Ananya Rao,Closed,On Time
PO202500014,2025-12-29,V006,CoreTech Solutions,Human Resources,Technology,ITM004,Wireless Keyboard & Mouse,11,1765.28,19418.08,Net 45,2026-01-03,2026-01-01,South,Neha Kapoor,Closed,On Time
PO202500015,2025-07-16,V014,Insight Advisory Services,Human Resources,Professional Services,ITM020,Audit Support - Monthly,1,51089.09,51089.09,Net 30,2025-07-28,2025-07-28,South,Neha Kapoor,Closed,On Time
PO202500016,2025-08-31,V013,MarketCraft Communications,Sales & Marketing,Marketing,ITM018,Printed Marketing Materials,1,13403.74,13403.74,Net 30,2025-09-11,2025-09-08,East,Arjun Nair,Closed,On Time
PO202500017,2025-07-14,V015,TalentBridge Consulting,Administration,Professional Services,ITM019,Training Workshop - Per Batch,3,38876.04,116628.12,Net 30,2025-07-26,2025-07-25,South,Meera Joshi,Closed,On Time
PO202500018,2025-03-12,V004,Nexa Technologies,IT,Technology,ITM007,USB-C Docking Station,4,9071.98,36287.92,Net 30,2025-03-26,2025-03-26,North,Vikram Reddy,Closed,On Time
PO202500019,2025-11-18,V005,Vertex Digital Systems,Human Resources,Technology,ITM009,Annual Software License,2,24019.48,48038.96,Net 30,2025-11-23,2025-11-23,West,Neha Kapoor,Closed,On Time
PO202600020,2026-01-14,V005,Vertex Digital Systems,Human Resources,Technology,ITM009,Annual Software License,1,25479.69,25479.69,Net 60,2026-01-29,2026-01-27,South,Neha Kapoor,Closed,On Time
PO202500021,2025-09-28,V010,SafeGuard Industrial,Operations,Safety,ITM014,Safety Gloves - Box,50,737.7,36885.0,Net 30,2025-10-08,2025-10-06,North,Ananya Rao,Closed,On Time
PO202500022,2025-04-05,V005,Vertex Digital Systems,IT,Technology,ITM004,Wireless Keyboard & Mouse,21,1941.6,40773.6,Net 45,2025-04-12,2025-04-09,South,Vikram Reddy,Closed,On Time
PO202500023,2025-06-02,V004,Nexa Technologies,IT,Technology,ITM007,USB-C Docking Station,15,8615.1,129226.5,Net 60,2025-06-19,2025-06-19,West,Vikram Reddy,Closed,On Time
PO202500024,2025-04-16,V006,CoreTech Solutions,Sales & Marketing,Technology,ITM008,Network Switch - 24 Port,4,15950.26,63801.04,Net 45,2025-05-04,2025-05-18,East,Arjun Nair,Closed,Late
PO202500025,2025-09-12,V007,SecureNet Systems,IT,Technology,ITM007,USB-C Docking Station,4,9416.37,37665.48,Net 30,2025-09-20,2025-09-17,West,Vikram Reddy,Closed,On Time
PO202600026,2026-02-13,V008,FacilityPro Services,Administration,Facilities,ITM012,LED Panel Light,58,1643.35,95314.3,Net 30,2026-02-26,2026-02-26,North,Meera Joshi,Closed,On Time
PO202500027,2025-09-29,V006,CoreTech Solutions,Sales & Marketing,Technology,ITM009,Annual Software License,2,20460.16,40920.32,Net 30,2025-10-10,2025-10-09,East,Arjun Nair,Closed,On Time
PO202500028,2025-07-21,V011,ProSafe Equipment,Operations,Safety,ITM015,Safety Helmet,12,1114.03,13368.36,Net 45,2025-08-06,2025-08-04,North,Rohit Mehta,Closed,On Time
PO202500029,2025-10-30,V011,ProSafe Equipment,Operations,Safety,ITM015,Safety Helmet,44,1137.57,50053.08,Net 30,2025-11-13,2025-11-13,West,Rohit Mehta,Closed,On Time
PO202500030,2025-11-26,V001,Apex Office Solutions,Human Resources,Office Supplies,ITM003,Ergonomic Office Chair,13,8120.63,105568.19,Net 30,2025-12-12,2025-12-12,North,Neha Kapoor,Closed,On Time
PO202500031,2025-05-31,V014,Insight Advisory Services,Finance,Professional Services,ITM019,Training Workshop - Per Batch,3,39510.59,118531.77,Net 30,2025-06-08,2025-06-05,West,Kavya Iyer,Closed,On Time
PO202500032,2025-08-13,V014,Insight Advisory Services,Administration,Professional Services,ITM022,Data Reporting Support - Monthly,1,47156.54,47156.54,Net 45,2025-08-25,2025-08-22,North,Meera Joshi,Closed,On Time
PO202600033,2026-06-01,V009,Urban Maintenance Co.,Administration,Facilities,ITM011,Cleaning Supplies Kit,21,1299.53,27290.13,Net 45,2026-06-18,2026-06-16,East,Meera Joshi,Closed,On Time
PO202500034,2025-10-09,V005,Vertex Digital Systems,IT,Technology,ITM006,Business Laptop - Standard,2,65730.73,131461.46,Net 45,2025-10-16,2025-10-13,West,Vikram Reddy,Closed,On Time
PO202600035,2026-03-01,V004,Nexa Technologies,Sales & Marketing,Technology,ITM004,Wireless Keyboard & Mouse,54,1809.03,97687.62,Net 60,2026-03-15,2026-03-15,East,Ishita Shah,Closed,On Time
PO202500036,2025-11-02,V008,FacilityPro Services,Administration,Facilities,ITM011,Cleaning Supplies Kit,36,1329.16,47849.76,Net 45,2025-11-07,2025-11-04,East,Meera Joshi,Closed,On Time
PO202500037,2025-01-28,V014,Insight Advisory Services,Human Resources,Professional Services,ITM020,Audit Support - Monthly,1,51694.21,51694.21,Net 30,2025-02-09,2025-02-06,East,Neha Kapoor,Closed,On Time
PO202500038,2025-03-25,V005,Vertex Digital Systems,IT,Technology,ITM006,Business Laptop - Standard,1,61042.98,61042.98,Net 30,2025-04-11,2025-04-16,South,Vikram Reddy,Closed,Late
PO202500039,2025-09-02,V006,CoreTech Solutions,IT,Technology,ITM007,USB-C Docking Station,3,8334.04,25002.12,Net 45,2025-09-16,2025-09-16,West,Vikram Reddy,Closed,On Time
PO202500040,2025-04-21,V014,Insight Advisory Services,Administration,Professional Services,ITM022,Data Reporting Support - Monthly,1,49168.86,49168.86,Net 30,2025-05-05,2025-05-04,North,Meera Joshi,Closed,On Time
PO202500041,2025-02-12,V015,TalentBridge Consulting,Human Resources,Professional Services,ITM019,Training Workshop - Per Batch,2,39905.83,79811.66,Net 60,2025-03-02,2025-02-27,East,Neha Kapoor,Closed,On Time
PO202600042,2026-03-22,V002,Metro Business Supplies,Sales & Marketing,Office Supplies,ITM002,Black Toner Cartridge,13,3054.78,39712.14,Net 30,2026-04-03,2026-04-01,West,Arjun Nair,Closed,On Time
PO202600043,2026-01-24,V006,CoreTech Solutions,Sales & Marketing,Technology,ITM005,24-inch Business Monitor,5,10109.79,50548.95,Net 45,2026-02-03,2026-02-01,West,Arjun Nair,Closed,On Time
PO202600044,2026-05-16,V014,Insight Advisory Services,Finance,Professional Services,ITM022,Data Reporting Support - Monthly,1,46154.49,46154.49,Net 30,2026-05-24,2026-05-23,North,Kavya Iyer,Closed,On Time
PO202600045,2026-06-28,V014,Insight Advisory Services,Administration,Professional Services,ITM021,Recruitment Service Fee,1,45037.67,45037.67,Net 45,2026-07-07,,West,Meera Joshi,Open,Open
PO202500046,2025-10-11,V016,StratEdge Partners,Administration,Professional Services,ITM021,Recruitment Service Fee,1,45174.98,45174.98,Net 30,2025-10-19,2025-10-17,West,Meera Joshi,Closed,On Time
PO202500047,2025-10-27,V009,Urban Maintenance Co.,Operations,Facilities,ITM010,Printer Maintenance Kit,8,5244.48,41955.84,Net 60,2025-11-08,2025-11-07,North,Rohit Mehta,Closed,On Time
PO202600048,2026-02-15,V001,Apex Office Solutions,Sales & Marketing,Office Supplies,ITM001,A4 Copier Paper - 500 Sheets,24,253.09,6074.16,Net 45,2026-02-21,2026-02-21,East,Arjun Nair,Closed,On Time
PO202600049,2026-06-20,V003,Prime Workplace India,Administration,Facilities,ITM013,Electrical Maintenance Service,2,20109.59,40219.18,Net 30,2026-07-07,,West,Meera Joshi,Open,Open
PO202500050,2025-03-18,V006,CoreTech Solutions,Human Resources,Technology,ITM008,Network Switch - 24 Port,5,14721.39,73606.95,Net 30,2025-04-03,2025-03-31,West,Neha Kapoor,Closed,On Time
PO202500051,2025-07-22,V003,Prime Workplace India,Sales & Marketing,Office Supplies,ITM001,A4 Copier Paper - 500 Sheets,9,271.17,2440.53,Net 45,2025-07-27,2025-07-25,North,Ishita Shah,Closed,On Time
PO202500052,2025-05-08,V015,TalentBridge Consulting,Finance,Professional Services,ITM021,Recruitment Service Fee,1,47911.86,47911.86,Net 45,2025-05-22,2025-05-30,North,Kavya Iyer,Closed,Late
PO202500053,2025-04-04,V006,CoreTech Solutions,IT,Technology,ITM009,Annual Software License,3,20717.88,62153.64,Net 60,2025-04-16,2025-04-13,West,Vikram Reddy,Closed,On Time
PO202600054,2026-04-27,V007,SecureNet Systems,Finance,Technology,ITM004,Wireless Keyboard & Mouse,49,1867.53,91508.97,Net 45,2026-05-09,2026-05-06,South,Kavya Iyer,Closed,On Time
PO202500055,2025-04-01,V015,TalentBridge Consulting,Finance,Professional Services,ITM019,Training Workshop - Per Batch,2,40635.81,81271.62,Net 45,2025-04-06,2025-04-04,East,Kavya Iyer,Closed,On Time
PO202500056,2025-02-22,V007,SecureNet Systems,Sales & Marketing,Technology,ITM007,USB-C Docking Station,1,9110.9,9110.9,Net 45,2025-03-09,2025-03-08,North,Arjun Nair,Closed,On Time
PO202600057,2026-02-22,V003,Prime Workplace India,Administration,Office Supplies,ITM002,Black Toner Cartridge,3,3638.09,10914.27,Net 30,2026-03-06,2026-03-04,North,Meera Joshi,Closed,On Time
PO202500058,2025-09-07,V002,Metro Business Supplies,Operations,Office Supplies,ITM003,Ergonomic Office Chair,14,7537.92,105530.88,Net 30,2025-09-13,2025-09-10,North,Ananya Rao,Closed,On Time
PO202500059,2025-10-17,V014,Insight Advisory Services,IT,Professional Services,ITM020,Audit Support - Monthly,1,52186.72,52186.72,Net 30,2025-10-30,2025-10-27,North,Vikram Reddy,Closed,On Time
PO202500060,2025-09-02,V003,Prime Workplace India,Operations,Facilities,ITM010,Printer Maintenance Kit,15,5792.84,86892.6,Net 30,2025-09-19,2025-09-18,South,Ananya Rao,Closed,On Time
PO202600061,2026-03-27,V001,Apex Office Solutions,Administration,Office Supplies,ITM003,Ergonomic Office Chair,3,8585.36,25756.08,Net 30,2026-04-02,2026-03-31,East,Meera Joshi,Closed,On Time
PO202500062,2025-02-06,V011,ProSafe Equipment,Operations,Safety,ITM015,Safety Helmet,32,1122.23,35911.36,Net 30,2025-02-12,2025-02-12,North,Ananya Rao,Closed,On Time
PO202500063,2025-02-17,V008,FacilityPro Services,Operations,Facilities,ITM012,LED Panel Light,31,1620.26,50228.06,Net 30,2025-03-03,2025-03-02,South,Rohit Mehta,Closed,On Time
PO202500064,2025-09-04,V013,MarketCraft Communications,Sales & Marketing,Marketing,ITM018,Printed Marketing Materials,1,13768.72,13768.72,Net 45,2025-09-21,2025-09-19,West,Arjun Nair,Closed,On Time
PO202500065,2025-11-03,V016,StratEdge Partners,Human Resources,Professional Services,ITM022,Data Reporting Support - Monthly,2,45532.4,91064.8,Net 30,2025-11-21,2025-11-20,North,Neha Kapoor,Closed,On Time
PO202500066,2025-10-30,V014,Insight Advisory Services,IT,Professional Services,ITM021,Recruitment Service Fee,1,46703.52,46703.52,Net 45,2025-11-13,2025-11-11,West,Vikram Reddy,Closed,On Time
PO202500067,2025-08-13,V002,Metro Business Supplies,Sales & Marketing,Office Supplies,ITM003,Ergonomic Office Chair,3,7408.34,22225.02,Net 45,2025-08-28,2025-09-09,North,Ishita Shah,Closed,Late
PO202500068,2025-02-04,V005,Vertex Digital Systems,IT,Technology,ITM006,Business Laptop - Standard,4,63015.43,252061.72,Net 30,2025-02-11,2025-02-09,North,Vikram Reddy,Closed,On Time
PO202500069,2025-10-30,V003,Prime Workplace India,Finance,Office Supplies,ITM002,Black Toner Cartridge,4,3278.38,13113.52,Net 60,2025-11-17,2025-11-14,North,Kavya Iyer,Closed,On Time
PO202600070,2026-02-09,V006,CoreTech Solutions,Sales & Marketing,Technology,ITM006,Business Laptop - Standard,7,54326.89,380288.23,Net 30,2026-02-27,2026-02-25,West,Ishita Shah,Closed,On Time
PO202500071,2025-01-26,V008,FacilityPro Services,Administration,Facilities,ITM011,Cleaning Supplies Kit,34,1373.2,46688.8,Net 30,2025-02-11,2025-02-08,South,Meera Joshi,Closed,On Time
PO202500072,2025-04-29,V001,Apex Office Solutions,Administration,Office Supplies,ITM002,Black Toner Cartridge,12,3406.93,40883.16,Net 45,2025-05-15,2025-05-12,West,Meera Joshi,Closed,On Time
PO202500073,2025-10-14,V016,StratEdge Partners,Human Resources,Professional Services,ITM022,Data Reporting Support - Monthly,1,48282.28,48282.28,Net 30,2025-10-29,2025-10-27,North,Neha Kapoor,Closed,On Time
PO202600074,2026-04-11,V011,ProSafe Equipment,Operations,Safety,ITM016,First Aid Refill Kit,26,1924.28,50031.28,Net 30,2026-04-19,2026-04-18,West,Ananya Rao,Closed,On Time
PO202500075,2025-08-27,V010,SafeGuard Industrial,Operations,Safety,ITM014,Safety Gloves - Box,13,762.51,9912.63,Net 30,2025-09-09,2025-09-08,South,Ananya Rao,Closed,On Time
PO202500076,2025-01-16,V014,Insight Advisory Services,IT,Professional Services,ITM019,Training Workshop - Per Batch,2,36659.2,73318.4,Net 30,2025-01-29,2025-01-29,North,Vikram Reddy,Closed,On Time
PO202600077,2026-04-08,V003,Prime Workplace India,Administration,Office Supplies,ITM003,Ergonomic Office Chair,9,9183.19,82648.71,Net 30,2026-04-17,2026-04-17,East,Meera Joshi,Closed,On Time
PO202600078,2026-03-13,V007,SecureNet Systems,Sales & Marketing,Technology,ITM004,Wireless Keyboard & Mouse,14,1866.22,26127.08,Net 30,2026-03-19,2026-03-17,North,Ishita Shah,Closed,On Time
PO202600079,2026-06-02,V011,ProSafe Equipment,Operations,Safety,ITM014,Safety Gloves - Box,54,696.71,37622.34,Net 30,2026-06-15,2026-06-14,West,Rohit Mehta,Closed,On Time
PO202600080,2026-02-13,V008,FacilityPro Services,Operations,Facilities,ITM012,LED Panel Light,14,1639.58,22954.12,Net 30,2026-02-28,2026-02-28,South,Ananya Rao,Closed,On Time
PO202600081,2026-03-19,V004,Nexa Technologies,IT,Technology,ITM008,Network Switch - 24 Port,6,17222.93,103337.58,Net 60,2026-04-03,2026-04-01,East,Vikram Reddy,Closed,On Time
PO202500082,2025-10-22,V004,Nexa Technologies,Finance,Technology,ITM008,Network Switch - 24 Port,4,16778.57,67114.28,Net 30,2025-11-09,2025-11-07,North,Kavya Iyer,Closed,On Time
PO202500083,2025-01-27,V014,Insight Advisory Services,IT,Professional Services,ITM019,Training Workshop - Per Batch,1,38883.23,38883.23,Net 60,2025-02-06,2025-02-05,East,Vikram Reddy,Closed,On Time
PO202500084,2025-02-01,V006,CoreTech Solutions,Sales & Marketing,Technology,ITM007,USB-C Docking Station,5,7889.78,39448.9,Net 60,2025-02-17,2025-02-17,West,Arjun Nair,Closed,On Time
PO202500085,2025-10-06,V006,CoreTech Solutions,Human Resources,Technology,ITM007,USB-C Docking Station,9,7932.17,71389.53,Net 30,2025-10-12,2025-10-12,East,Neha Kapoor,Closed,On Time
PO202500086,2025-02-16,V001,Apex Office Solutions,Administration,Office Supplies,ITM001,A4 Copier Paper - 500 Sheets,54,271.41,14656.14,Net 30,2025-02-23,2025-02-21,South,Meera Joshi,Closed,On Time
PO202600087,2026-03-17,V006,CoreTech Solutions,Human Resources,Technology,ITM005,24-inch Business Monitor,6,10548.74,63292.44,Net 30,2026-03-23,2026-03-23,East,Neha Kapoor,Closed,On Time
PO202500088,2025-11-17,V001,Apex Office Solutions,Sales & Marketing,Office Supplies,ITM003,Ergonomic Office Chair,1,7568.85,7568.85,Net 45,2025-11-27,2025-11-24,North,Arjun Nair,Closed,On Time
PO202500089,2025-09-07,V003,Prime Workplace India,Human Resources,Office Supplies,ITM002,Black Toner Cartridge,4,3461.92,13847.68,Net 30,2025-09-17,2025-09-17,South,Neha Kapoor,Closed,On Time
PO202500090,2025-12-24,V014,Insight Advisory Services,Administration,Professional Services,ITM020,Audit Support - Monthly,1,50605.36,50605.36,Net 30,2025-12-31,2025-12-31,East,Meera Joshi,Closed,On Time
PO202500091,2025-11-20,V009,Urban Maintenance Co.,Operations,Facilities,ITM012,LED Panel Light,27,1604.95,43333.65,Net 30,2025-12-03,2025-12-12,South,Rohit Mehta,Closed,Late
PO202500092,2025-10-21,V002,Metro Business Supplies,Administration,Office Supplies,ITM003,Ergonomic Office Chair,10,7647.74,76477.4,Net 30,2025-11-03,2025-11-03,West,Meera Joshi,Closed,On Time
PO202600093,2026-05-03,V009,Urban Maintenance Co.,Administration,Facilities,ITM010,Printer Maintenance Kit,12,5367.33,64407.96,Net 30,2026-05-09,2026-05-08,East,Meera Joshi,Closed,On Time
PO202600094,2026-06-21,V008,FacilityPro Services,Operations,Facilities,ITM012,LED Panel Light,48,1699.01,81552.48,Net 30,2026-07-05,2026-07-17,South,Rohit Mehta,Closed,Late
PO202500095,2025-10-18,V014,Insight Advisory Services,Administration,Professional Services,ITM020,Audit Support - Monthly,1,52647.22,52647.22,Net 30,2025-10-28,2025-10-25,South,Meera Joshi,Closed,On Time
PO202600096,2026-06-24,V014,Insight Advisory Services,IT,Professional Services,ITM019,Training Workshop - Per Batch,1,37096.5,37096.5,Net 60,2026-07-04,,West,Vikram Reddy,Open,Open
PO202500097,2025-04-14,V001,Apex Office Solutions,Sales & Marketing,Office Supplies,ITM003,Ergonomic Office Chair,13,7724.41,100417.33,Net 30,2025-04-28,2025-04-25,West,Arjun Nair,Closed,On Time
PO202600098,2026-03-25,V007,SecureNet Systems,Human Resources,Technology,ITM005,24-inch Business Monitor,8,11594.83,92758.64,Net 60,2026-04-02,2026-03-31,East,Neha Kapoor,Closed,On Time
PO202600099,2026-03-28,V016,StratEdge Partners,Finance,Professional Services,ITM022,Data Reporting Support - Monthly,3,48120.7,144362.1,Net 45,2026-04-04,2026-04-04,North,Kavya Iyer,Closed,On Time
PO202500100,2025-10-19,V009,Urban Maintenance Co.,Operations,Facilities,ITM011,Cleaning Supplies Kit,19,1254.86,23842.34,Net 60,2025-11-06,2025-11-04,East,Ananya Rao,Closed,On Time
PO202600101,2026-02-10,V001,Apex Office Solutions,Operations,Office Supplies,ITM002,Black Toner Cartridge,2,3114.35,6228.7,Net 45,2026-02-28,2026-02-26,West,Ananya Rao,Closed,On Time
PO202600102,2026-04-26,V001,Apex Office Solutions,Operations,Office Supplies,ITM001,A4 Copier Paper - 500 Sheets,40,253.61,10144.4,Net 30,2026-05-12,2026-05-09,North,Ananya Rao,Closed,On Time
PO202500103,2025-11-05,V010,SafeGuard Industrial,Operations,Safety,ITM016,First Aid Refill Kit,36,2057.32,74063.52,Net 45,2025-11-19,2025-11-18,North,Rohit Mehta,Closed,On Time
PO202500104,2025-01-02,V015,TalentBridge Consulting,Finance,Professional Services,ITM020,Audit Support - Monthly,1,53339.91,53339.91,Net 30,2025-01-08,2025-01-08,East,Kavya Iyer,Closed,On Time
PO202500105,2025-12-20,V006,CoreTech Solutions,IT,Technology,ITM008,Network Switch - 24 Port,1,15134.0,15134.0,Net 45,2025-12-30,2025-12-29,East,Vikram Reddy,Closed,On Time
PO202500106,2025-03-06,V001,Apex Office Solutions,Administration,Office Supplies,ITM002,Black Toner Cartridge,15,3443.18,51647.7,Net 30,2025-03-11,2025-03-09,East,Meera Joshi,Closed,On Time
PO202500107,2025-07-15,V001,Apex Office Solutions,Administration,Office Supplies,ITM003,Ergonomic Office Chair,6,8029.9,48179.4,Net 60,2025-07-26,2025-07-23,East,Meera Joshi,Closed,On Time
PO202500108,2025-07-11,V003,Prime Workplace India,Sales & Marketing,Office Supplies,ITM002,Black Toner Cartridge,2,3456.24,6912.48,Net 30,2025-07-22,2025-07-21,North,Arjun Nair,Closed,On Time
PO202500109,2025-03-23,V014,Insight Advisory Services,Finance,Professional Services,ITM022,Data Reporting Support - Monthly,2,47997.68,95995.36,Net 45,2025-03-28,2025-03-26,East,Kavya Iyer,Closed,On Time
PO202500110,2025-02-28,V006,CoreTech Solutions,Sales & Marketing,Technology,ITM008,Network Switch - 24 Port,1,15611.29,15611.29,Net 30,2025-03-07,2025-03-04,South,Arjun Nair,Closed,On Time
PO202600111,2026-01-11,V001,Apex Office Solutions,Administration,Office Supplies,ITM003,Ergonomic Office Chair,6,8272.08,49632.48,Net 45,2026-01-21,2026-01-21,North,Meera Joshi,Closed,On Time
PO202500112,2025-11-18,V002,Metro Business Supplies,Finance,Office Supplies,ITM001,A4 Copier Paper - 500 Sheets,29,228.97,6640.13,Net 30,2025-12-01,2025-12-15,East,Kavya Iyer,Closed,Late
PO202500113,2025-10-20,V001,Apex Office Solutions,Administration,Office Supplies,ITM001,A4 Copier Paper - 500 Sheets,16,251.04,4016.64,Net 45,2025-11-05,2025-11-05,North,Meera Joshi,Closed,On Time
PO202500114,2025-03-08,V015,TalentBridge Consulting,Finance,Professional Services,ITM020,Audit Support - Monthly,1,57515.47,57515.47,Net 30,2025-03-25,2025-03-24,West,Kavya Iyer,Closed,On Time
PO202500115,2025-01-27,V004,Nexa Technologies,Sales & Marketing,Technology,ITM008,Network Switch - 24 Port,2,17115.68,34231.36,Net 30,2025-02-05,2025-02-02,East,Arjun Nair,Closed,On Time
PO202500116,2025-03-17,V016,StratEdge Partners,IT,Professional Services,ITM020,Audit Support - Monthly,3,51964.48,155893.44,Net 30,2025-03-24,2025-03-23,South,Vikram Reddy,Closed,On Time
PO202600117,2026-06-15,V008,FacilityPro Services,Operations,Facilities,ITM011,Cleaning Supplies Kit,23,1410.32,32437.36,Net 45,2026-07-03,2026-07-02,West,Rohit Mehta,Closed,On Time
PO202500118,2025-04-06,V010,SafeGuard Industrial,Operations,Safety,ITM014,Safety Gloves - Box,43,738.98,31776.14,Net 45,2025-04-16,2025-04-16,South,Ananya Rao,Closed,On Time
PO202600119,2026-03-03,V010,SafeGuard Industrial,Operations,Safety,ITM016,First Aid Refill Kit,35,2218.77,77656.95,Net 30,2026-03-11,2026-03-08,South,Ananya Rao,Closed,On Time
PO202500120,2025-06-11,V013,MarketCraft Communications,Sales & Marketing,Marketing,ITM018,Printed Marketing Materials,1,13586.82,13586.82,Net 60,2025-06-27,2025-06-25,West,Ishita Shah,Closed,On Time
PO202600121,2026-06-12,V014,Insight Advisory Services,Finance,Professional Services,ITM019,Training Workshop - Per Batch,1,37327.88,37327.88,Net 60,2026-06-17,2026-06-14,East,Kavya Iyer,Closed,On Time
PO202500122,2025-11-17,V010,SafeGuard Industrial,Operations,Safety,ITM015,Safety Helmet,6,1147.29,6883.74,Net 60,2025-11-23,2025-11-20,West,Rohit Mehta,Closed,On Time
PO202500123,2025-02-19,V001,Apex Office Solutions,Sales & Marketing,Office Supplies,ITM003,Ergonomic Office Chair,14,7864.76,110106.64,Net 45,2025-02-25,2025-02-23,East,Ishita Shah,Closed,On Time
PO202500124,2025-02-16,V013,MarketCraft Communications,Sales & Marketing,Marketing,ITM018,Printed Marketing Materials,3,13291.0,39873.0,Net 45,2025-02-28,2025-02-26,South,Arjun Nair,Closed,On Time
PO202500125,2025-04-10,V016,StratEdge Partners,IT,Professional Services,ITM021,Recruitment Service Fee,3,42686.0,128058.0,Net 30,2025-04-21,2025-04-21,North,Vikram Reddy,Closed,On Time
PO202600126,2026-06-16,V001,Apex Office Solutions,Sales & Marketing,Office Supplies,ITM001,A4 Copier Paper - 500 Sheets,15,248.72,3730.8,Net 30,2026-06-27,2026-06-25,East,Ishita Shah,Closed,On Time
PO202600127,2026-01-13,V009,Urban Maintenance Co.,Operations,Facilities,ITM012,LED Panel Light,49,1624.04,79577.96,Net 30,2026-01-28,2026-02-06,West,Ananya Rao,Closed,Late
PO202600128,2026-05-07,V001,Apex Office Solutions,Sales & Marketing,Office Supplies,ITM002,Black Toner Cartridge,1,3216.99,3216.99,Net 30,2026-05-21,2026-05-21,East,Ishita Shah,Closed,On Time
PO202600129,2026-03-05,V016,StratEdge Partners,IT,Professional Services,ITM022,Data Reporting Support - Monthly,1,47781.05,47781.05,Net 45,2026-03-21,2026-03-20,East,Vikram Reddy,Closed,On Time
PO202500130,2025-12-17,V014,Insight Advisory Services,IT,Professional Services,ITM022,Data Reporting Support - Monthly,3,47144.96,141434.88,Net 45,2025-12-26,2025-12-24,West,Vikram Reddy,Closed,On Time
PO202500131,2025-11-21,V001,Apex Office Solutions,Sales & Marketing,Office Supplies,ITM002,Black Toner Cartridge,9,3186.58,28679.22,Net 45,2025-12-02,2025-11-29,West,Ishita Shah,Closed,On Time
PO202500132,2025-02-13,V015,TalentBridge Consulting,IT,Professional Services,ITM022,Data Reporting Support - Monthly,1,52267.01,52267.01,Net 60,2025-02-21,2025-02-19,North,Vikram Reddy,Closed,On Time
PO202500133,2025-04-22,V013,MarketCraft Communications,Sales & Marketing,Marketing,ITM017,Digital Marketing Campaign,1,46560.07,46560.07,Net 45,2025-04-27,2025-04-25,South,Arjun Nair,Closed,On Time
PO202500134,2025-06-11,V008,FacilityPro Services,Administration,Facilities,ITM013,Electrical Maintenance Service,5,19018.59,95092.95,Net 60,2025-06-21,2025-06-21,South,Meera Joshi,Closed,On Time
PO202500135,2025-06-29,V006,CoreTech Solutions,IT,Technology,ITM007,USB-C Docking Station,12,7910.84,94930.08,Net 30,2025-07-17,2025-07-17,South,Vikram Reddy,Closed,On Time
PO202500136,2025-10-19,V003,Prime Workplace India,Sales & Marketing,Office Supplies,ITM002,Black Toner Cartridge,9,3276.39,29487.51,Net 30,2025-10-31,2025-10-31,East,Ishita Shah,Closed,On Time
PO202500137,2025-07-10,V014,Insight Advisory Services,Finance,Professional Services,ITM020,Audit Support - Monthly,2,53926.77,107853.54,Net 30,2025-07-28,2025-07-26,South,Kavya Iyer,Closed,On Time
PO202500138,2025-05-24,V001,Apex Office Solutions,Administration,Office Supplies,ITM002,Black Toner Cartridge,5,3339.69,16698.45,Net 30,2025-06-03,2025-06-03,North,Meera Joshi,Closed,On Time
PO202500139,2025-03-05,V002,Metro Business Supplies,Human Resources,Office Supplies,ITM002,Black Toner Cartridge,15,3055.7,45835.5,Net 45,2025-03-21,2025-03-21,North,Neha Kapoor,Closed,On Time
PO202500140,2025-08-15,V002,Metro Business Supplies,Operations,Office Supplies,ITM002,Black Toner Cartridge,7,2972.03,20804.21,Net 45,2025-08-31,2025-08-28,West,Ananya Rao,Closed,On Time
PO202500141,2025-03-25,V007,SecureNet Systems,Sales & Marketing,Technology,ITM004,Wireless Keyboard & Mouse,58,1830.58,106173.64,Net 45,2025-04-07,2025-04-06,West,Arjun Nair,Closed,On Time
PO202600142,2026-03-29,V010,SafeGuard Industrial,Operations,safety,ITM015,Safety Helmet,56,1168.39,65429.84,Net 30,2026-04-03,2026-03-31,South,Rohit Mehta,Closed,On Time
PO202500143,2025-11-12,V001,Apex Office Solutions,Human Resources,Office Supplies,ITM003,Ergonomic Office Chair,7,7539.27,52774.89,Net 60,2025-11-22,2025-11-22,South,Neha Kapoor,Closed,On Time
PO202500144,2025-02-02,V003,Prime Workplace India,Operations,Office Supplies,ITM003,Ergonomic Office Chair,7,8497.31,59481.17,Net 30,2025-02-12,2025-02-09,East,Rohit Mehta,Closed,On Time
PO202500145,2025-03-24,V007,SecureNet Systems,IT,Technology,ITM009,Annual Software License,7,22277.04,155939.28,Net 45,2025-04-06,2025-04-05,South,Vikram Reddy,Closed,On Time
PO202600146,2026-03-11,V005,Vertex Digital Systems,IT,Technology,ITM007,USB-C Docking Station,15,9465.98,141989.7,Net 45,2026-03-27,2026-03-27,East,Vikram Reddy,Closed,On Time
PO202500147,2025-09-04,V002,Metro Business Supplies,Operations,Office Supplies,ITM002,Black Toner Cartridge,1,2997.74,2997.74,Net 30,2025-09-12,2025-09-09,West,Ananya Rao,Closed,On Time
PO202500148,2025-05-24,V005,Vertex Digital Systems,Finance,Technology,ITM008,Network Switch - 24 Port,6,18394.62,110367.72,Net 60,2025-06-01,2025-05-31,West,Kavya Iyer,Closed,On Time
PO202500149,2025-11-04,V003,Prime Workplace India,Sales & Marketing,Office Supplies,ITM003,Ergonomic Office Chair,7,8482.37,59376.59,Net 60,2025-11-17,2025-11-15,East,Ishita Shah,Closed,On Time
PO202600150,2026-03-03,V001,Apex Office Solutions,Finance,Office Supplies,ITM003,Ergonomic Office Chair,5,8084.24,40421.2,Net 60,2026-03-21,2026-03-18,East,Kavya Iyer,Closed,On Time
PO202600151,2026-06-27,V002,Metro Business Supplies,Finance,Office Supplies,ITM002,Black Toner Cartridge,14,3055.47,42776.58,Net 30,2026-07-07,2026-07-20,East,Kavya Iyer,Closed,Late
PO202500152,2025-03-16,V004,Nexa Technologies,IT,Technology,ITM007,USB-C Docking Station,5,9085.12,45425.6,Net 60,2025-03-21,2025-03-20,South,Vikram Reddy,Closed,On Time
PO202500153,2025-07-29,V008,FacilityPro Services,Operations,Facilities,ITM012,LED Panel Light,27,1663.25,44907.75,Net 30,2025-08-07,2025-08-04,East,Rohit Mehta,Closed,On Time
PO202500154,2025-07-28,V006,CoreTech Solutions,Human Resources,Technology,ITM005,24-inch Business Monitor,7,9799.2,68594.4,Net 30,2025-08-06,2025-08-13,West,Neha Kapoor,Closed,Late
PO202500155,2025-12-12,V014,Insight Advisory Services,IT,Professional Services,ITM022,Data Reporting Support - Monthly,1,49514.29,49514.29,Net 30,2025-12-19,2025-12-16,South,Vikram Reddy,Closed,On Time
PO202600156,2026-02-27,V012,BrightReach Media,Sales & Marketing,Marketing,ITM017,Digital Marketing Campaign,1,42231.67,42231.67,Net 45,2026-03-04,2026-03-01,South,Arjun Nair,Closed,On Time
PO202600157,2026-06-29,V010,SafeGuard Industrial,Operations,Safety,ITM016,First Aid Refill Kit,6,2222.75,13336.5,Net 60,2026-07-12,2026-07-09,South,Ananya Rao,Closed,On Time
PO202600158,2026-06-21,V011,ProSafe Equipment,Operations,Safety,ITM015,Safety Helmet,30,1075.08,32252.4,Net 30,2026-06-27,2026-06-24,West,Rohit Mehta,Closed,On Time
PO202500159,2025-03-24,V001,Apex Office Solutions,Administration,Office Supplies,ITM001,A4 Copier Paper - 500 Sheets,35,258.13,9034.55,Net 30,2025-03-29,2025-03-28,East,Meera Joshi,Closed,On Time
PO202500160,2025-02-13,V014,Insight Advisory Services,Administration,Professional Services,ITM022,Data Reporting Support - Monthly,1,50072.37,50072.37,Net 30,2025-02-26,2025-02-26,North,Meera Joshi,Closed,On Time
PO202500161,2025-08-01,V014,Insight Advisory Services,IT,Professional Services,ITM019,Training Workshop - Per Batch,3,38408.74,115226.22,Net 30,2025-08-19,2025-08-17,West,Vikram Reddy,Closed,On Time
PO202500162,2025-12-21,V002,Metro Business Supplies,Human Resources,Office Supplies,ITM002,Black Toner Cartridge,10,2974.17,29741.7,Net 30,2026-01-01,2025-12-30,North,Neha Kapoor,Closed,On Time
PO202600163,2026-05-18,V004,Nexa Technologies,Sales & Marketing,Technology,ITM007,USB-C Docking Station,7,8833.02,61831.14,Net 45,2026-05-24,2026-05-22,South,Arjun Nair,Closed,On Time
PO202500164,2025-10-02,V006,CoreTech Solutions,IT,Technology,ITM009,Annual Software License,2,20320.68,40641.36,Net 30,2025-10-07,2025-10-04,North,Vikram Reddy,Closed,On Time
PO202500165,2025-05-16,V006,CoreTech Solutions,Human Resources,Technology,ITM008,Network Switch - 24 Port,2,14818.6,29637.2,Net 60,2025-05-26,2025-05-24,South,Neha Kapoor,Closed,On Time
PO202600166,2026-02-28,V011,ProSafe Equipment,Operations,Safety,ITM014,Safety Gloves - Box,29,667.08,19345.32,Net 30,2026-03-07,2026-03-13,West,Ananya Rao,Closed,Late
PO202500167,2025-06-21,V014,Insight Advisory Services,Human Resources,Professional Services,ITM019,Training Workshop - Per Batch,2,39709.24,79418.48,Net 30,2025-07-05,2025-07-02,North,Neha Kapoor,Closed,On Time
PO202600168,2026-02-10,V005,Vertex Digital Systems,Sales & Marketing,Technology,ITM007,USB-C Docking Station,14,9932.97,139061.58,Net 30,2026-02-25,2026-02-24,West,Ishita Shah,Closed,On Time
PO202500169,2025-11-18,V015,TalentBridge Consulting,Human Resources,Professional Services,ITM021,Recruitment Service Fee,3,48509.05,145527.15,Net 30,2025-12-05,2025-12-02,East,Neha Kapoor,Closed,On Time
PO202500170,2025-07-24,V001,Apex Office Solutions,Sales & Marketing,Office Supplies,ITM003,Ergonomic Office Chair,12,7998.5,95982.0,Net 45,2025-08-01,2025-07-30,South,Ishita Shah,Closed,On Time
PO202600171,2026-05-27,V015,TalentBridge Consulting,Finance,Professional Services,ITM020,Audit Support - Monthly,1,56829.65,56829.65,Net 45,2026-06-08,2026-06-05,East,Kavya Iyer,Closed,On Time
PO202500172,2025-03-29,V004,Nexa Technologies,Finance,Technology,ITM006,Business Laptop - Standard,7,58198.03,407386.21,Net 30,2025-04-15,2025-04-12,South,Kavya Iyer,Closed,On Time
PO202500173,2025-08-16,V002,Metro Business Supplies,Sales & Marketing,Office Supplies,ITM003,Ergonomic Office Chair,7,7254.87,50784.09,Net 30,2025-08-28,2025-08-27,South,Ishita Shah,Closed,On Time
PO202500174,2025-04-18,V003,Prime Workplace India,Administration,Office Supplies,ITM001,A4 Copier Paper - 500 Sheets,27,285.02,7695.54,Net 30,2025-04-27,2025-04-26,North,Meera Joshi,Closed,On Time
PO202500175,2025-04-10,V014,Insight Advisory Services,IT,Professional Services,ITM019,Training Workshop - Per Batch,1,39250.84,39250.84,Net 45,2025-04-15,2025-04-15,West,Vikram Reddy,Closed,On Time
PO202600176,2026-06-13,V011,ProSafe Equipment,Operations,Safety,ITM015,Safety Helmet,30,1071.6,32148.0,Net 30,2026-06-28,2026-06-25,West,Rohit Mehta,Closed,On Time
PO202600177,2026-03-16,V006,CoreTech Solutions,IT,Technology,ITM006,Business Laptop - Standard,2,54980.35,109960.7,Net 30,2026-03-30,2026-04-14,North,Vikram Reddy,Closed,Late
PO202500178,2025-07-21,V015,TalentBridge Consulting,Finance,Professional Services,ITM021,Recruitment Service Fee,3,48416.35,145249.05,Net 45,2025-07-27,2025-07-24,North,Kavya Iyer,Closed,On Time
PO202500179,2025-05-18,V001,Apex Office Solutions,Operations,Office Supplies,ITM001,A4 Copier Paper - 500 Sheets,29,238.32,6911.28,Net 30,2025-05-29,2025-05-26,East,Ananya Rao,Closed,On Time
PO202500180,2025-06-20,V008,FacilityPro Services,Operations,Facilities,ITM013,Electrical Maintenance Service,1,19201.09,19201.09,Net 60,2025-07-02,2025-06-29,East,Rohit Mehta,Closed,On Time
PO202600181,2026-05-19,V014,Insight Advisory Services,IT,Professional Services,ITM020,Audit Support - Monthly,1,50064.43,50064.43,Net 30,2026-05-28,2026-06-02,West,Vikram Reddy,Closed,Late
PO202600182,2026-05-23,V002,Metro Business Supplies,Operations,Office Supplies,ITM002,Black Toner Cartridge,6,3029.38,18176.28,Net 45,2026-06-05,2026-06-05,East,Ananya Rao,Closed,On Time
PO202600183,2026-03-12,V007,SecureNet Systems,IT,Technology,ITM006,Business Laptop - Standard,5,57456.29,287281.45,Net 30,2026-03-22,2026-03-22,South,Vikram Reddy,Closed,On Time
PO202600184,2026-03-15,V003,Prime Workplace India,Operations,Office Supplies,ITM001,A4 Copier Paper - 500 Sheets,39,265.11,10339.29,Net 30,2026-03-24,2026-03-23,North,Rohit Mehta,Closed,On Time
PO202500185,2025-04-08,V016,StratEdge Partners,IT,Professional Services,ITM019,Training Workshop - Per Batch,1,38261.94,38261.94,Net 30,2025-04-24,2025-04-23,North,Vikram Reddy,Closed,On Time
PO202600186,2026-02-07,V006,CoreTech Solutions,Sales & Marketing,Technology,ITM009,Annual Software License,2,20488.91,40977.82,Net 45,2026-02-18,2026-02-16,North,Ishita Shah,Closed,On Time
PO202600187,2026-05-15,V011,ProSafe Equipment,Operations,Safety,ITM014,Safety Gloves - Box,47,684.86,32188.42,Net 45,2026-05-31,2026-05-31,East,Ananya Rao,Closed,On Time
PO202600188,2026-05-22,V015,TalentBridge Consulting,IT,Professional Services,ITM020,Audit Support - Monthly,1,55322.86,55322.86,Net 30,2026-06-06,2026-06-06,East,Vikram Reddy,Closed,On Time
PO202500189,2025-06-11,V009,Urban Maintenance Co.,Operations,Facilities,ITM011,Cleaning Supplies Kit,46,1350.23,62110.58,Net 30,2025-06-20,2025-06-26,North,Rohit Mehta,Closed,Late
PO202500190,2025-03-26,V001,Apex Office Solutions,Administration,Office Supplies,ITM001,A4 Copier Paper - 500 Sheets,49,256.45,12566.05,Net 45,2025-04-12,2025-04-12,South,Meera Joshi,Closed,On Time
PO202600191,2026-05-04,V001,Apex Office Solutions,Sales & Marketing,Office Supplies,ITM003,Ergonomic Office Chair,6,7493.66,44961.96,Net 45,2026-05-22,2026-05-19,East,Arjun Nair,Closed,On Time
PO202500192,2025-08-23,V005,Vertex Digital Systems,IT,Technology,ITM004,Wireless Keyboard & Mouse,13,2076.5,26994.5,Net 45,2025-09-03,2025-09-02,West,Vikram Reddy,Closed,On Time
PO202600193,2026-06-28,V012,BrightReach Media,Sales & Marketing,Marketing,ITM018,Printed Marketing Materials,1,12239.69,12239.69,Net 30,2026-07-09,2026-07-06,South,Arjun Nair,Closed,On Time
PO202500194,2025-05-07,V016,StratEdge Partners,Human Resources,Professional Services,ITM021,Recruitment Service Fee,1,42877.43,42877.43,Net 45,2025-05-15,2025-05-13,South,Neha Kapoor,Closed,On Time
PO202500195,2025-07-30,V001,Apex Office Solutions,Sales & Marketing,Office Supplies,ITM002,Black Toner Cartridge,15,3039.47,45592.05,Net 30,2025-08-16,2025-08-13,West,Ishita Shah,Closed,On Time
PO202500196,2025-03-14,V003,Prime Workplace India,Administration,Facilities,ITM012,LED Panel Light,41,1831.66,75098.06,Net 45,2025-03-25,2025-03-24,South,Meera Joshi,Closed,On Time
PO202500197,2025-03-11,V002,Metro Business Supplies,Operations,Office Supplies,ITM002,Black Toner Cartridge,9,2978.05,26802.45,Net 30,2025-03-28,2025-03-25,West,Rohit Mehta,Closed,On Time
PO202500198,2025-03-27,V013,MarketCraft Communications,Sales & Marketing,Marketing,ITM017,Digital Marketing Campaign,1,45976.66,45976.66,Net 30,2025-04-05,2025-04-04,South,Ishita Shah,Closed,On Time
PO202500199,2025-04-29,V006,CoreTech Solutions,Sales & Marketing,Technology,ITM009,Annual Software License,2,21020.85,42041.7,Net 30,2025-05-04,2025-05-04,North,Ishita Shah,Closed,On Time
PO202500200,2025-06-20,V016,StratEdge Partners,IT,Professional Services,ITM019,Training Workshop - Per Batch,2,35482.99,70965.98,Net 45,2025-06-29,2025-06-27,South,Vikram Reddy,Closed,On Time
PO202600201,2026-04-12,V010,SafeGuard Industrial,Operations,Safety,ITM014,Safety Gloves - Box,11,714.81,7862.91,Net 30,2026-04-26,2026-04-26,South,Ananya Rao,Closed,On Time
PO202500202,2025-01-13,V004, Nexa Technologies ,Sales & Marketing,Technology,ITM005,24-inch Business Monitor,1,11485.62,11485.62,Net 30,2025-01-26,2025-01-23,West,Ishita Shah,Closed,On Time
PO202500203,2025-11-24,V008,FacilityPro Services,Operations,Facilities,ITM010,Printer Maintenance Kit,3,5622.34,16867.02,Net 60,2025-12-02,2025-12-02,South,Rohit Mehta,Closed,On Time
PO202500204,2025-10-17,V001,Apex Office Solutions,Finance,Office Supplies,ITM003,Ergonomic Office Chair,5,7746.98,38734.9,Net 30,2025-10-31,2025-10-30,East,Kavya Iyer,Closed,On Time
PO202500205,2025-09-09,V002,Metro Business Supplies,Administration,Office Supplies,ITM001,A4 Copier Paper - 500 Sheets,49,245.68,12038.32,Net 45,2025-09-14,2025-09-14,East,Meera Joshi,Closed,On Time
PO202500206,2025-04-17,V009,Urban Maintenance Co.,Administration,Facilities,ITM013,Electrical Maintenance Service,3,18604.14,55812.42,Net 60,2025-05-03,2025-05-03,East,Meera Joshi,Closed,On Time
PO202500207,2025-03-28,V001,Apex Office Solutions,Sales & Marketing,Office Supplies,ITM002,Black Toner Cartridge,7,3184.98,22294.86,Net 30,2025-04-12,2025-04-11,North,Ishita Shah,Closed,On Time
PO202500208,2025-12-01,V001,Apex Office Solutions,Finance,Office Supplies,ITM001,A4 Copier Paper - 500 Sheets,11,252.18,2773.98,Net 30,2025-12-08,2025-12-05,East,Kavya Iyer,Closed,On Time
PO202500209,2025-08-01,V001,Apex Office Solutions,Human Resources,Office Supplies,ITM001,A4 Copier Paper - 500 Sheets,57,250.33,14268.81,Net 30,2025-08-17,2025-08-17,North,Neha Kapoor,Closed,On Time
PO202500210,2025-12-31,V009,Urban Maintenance Co.,Operations,Facilities,ITM012,LED Panel Light,30,1545.43,46362.9,Net 30,2026-01-18,2026-01-17,South,Ananya Rao,Closed,On Time
PO202500211,2025-05-05,V004,Nexa Technologies,IT,Technology,ITM005,24-inch Business Monitor,2,10932.67,21865.34,Net 30,2025-05-19,2025-05-19,South,Vikram Reddy,Closed,On Time
PO202600212,2026-03-31,V003,Prime Workplace India,Operations,Facilities,ITM010,Printer Maintenance Kit,3,5786.61,17359.83,Net 30,2026-04-14,2026-04-11,East,Rohit Mehta,Closed,On Time
PO202500213,2025-06-26,V008,FacilityPro Services,Administration,Facilities,ITM012,LED Panel Light,44,1606.07,70667.08,Net 30,2025-07-10,2025-07-08,East,Meera Joshi,Closed,On Time
PO202500214,2025-03-31,V003,Prime Workplace India,Operations,Office Supplies,ITM003,Ergonomic Office Chair,11,8407.12,92478.32,Net 60,2025-04-17,2025-04-17,North,Rohit Mehta,Closed,On Time
PO202600215,2026-05-12,V005,Vertex Digital Systems,Sales & Marketing,Technology,ITM007,USB-C Docking Station,10,9250.07,92500.7,Net 45,2026-05-20,2026-06-03,South,Ishita Shah,Closed,Late
PO202600216,2026-06-27,V012,BrightReach Media,Sales & Marketing,Marketing,ITM017,Digital Marketing Campaign,1,42802.95,42802.95,Net 60,2026-07-10,2026-07-10,East,Ishita Shah,Closed,On Time
PO202500217,2025-06-27,V001,Apex Office Solutions,Sales & Marketing,Office Supplies,ITM003,Ergonomic Office Chair,12,7903.28,94839.36,Net 45,2025-07-13,2025-07-12,West,Ishita Shah,Closed,On Time
PO202500218,2025-11-13,V002,Metro Business Supplies,Operations,Office Supplies,ITM001,A4 Copier Paper - 500 Sheets,35,219.14,7669.9,Net 45,2025-11-18,2025-11-17,North,Ananya Rao,Closed,On Time
PO202500219,2025-11-28,V011,ProSafe Equipment,Operations,Safety,ITM014,Safety Gloves - Box,60,708.75,42525.0,Net 45,2025-12-08,2025-12-06,East,Ananya Rao,Closed,On Time
PO202500220,2025-12-11,V003,Prime Workplace India,Operations,Office Supplies,ITM003,Ergonomic Office Chair,8,8606.94,68855.52,Net 30,2025-12-26,2025-12-24,West,Rohit Mehta,Closed,On Time
PO202500221,2025-11-11,V001,Apex Office Solutions,Finance,Office Supplies,ITM003,Ergonomic Office Chair,10,7980.81,79808.1,Net 30,2025-11-22,2025-11-22,North,Kavya Iyer,Closed,On Time
PO202500222,2025-05-25,V003,Prime Workplace India,Operations,Facilities,ITM012,LED Panel Light,10,1835.55,18355.5,Net 30,2025-06-12,2025-06-10,North,Ananya Rao,Closed,On Time
PO202500223,2025-12-25,V001,Apex Office Solutions,Operations,Office Supplies,ITM001,A4 Copier Paper - 500 Sheets,15,251.35,3770.25,Net 30,2026-01-05,2026-01-02,East,Ananya Rao,Closed,On Time
PO202500224,2025-08-19,V001,Apex Office Solutions,Operations,Office Supplies,ITM002,Black Toner Cartridge,2,3098.03,6196.06,Net 30,2025-08-25,2025-08-22,South,Ananya Rao,Closed,On Time
PO202500225,2025-12-13,V004,Nexa Technologies,Sales & Marketing,Technology,ITM009,Annual Software License,3,23038.28,69114.84,Net 30,2025-12-27,2025-12-26,North,Arjun Nair,Closed,On Time
PO202500226,2025-07-14,V001,Apex Office Solutions,Sales & Marketing,Office Supplies,ITM003,Ergonomic Office Chair,4,7685.63,30742.52,Net 30,2025-07-20,2025-07-31,East,Arjun Nair,Closed,Late
PO202500227,2025-02-25,V014,Insight Advisory Services,Human Resources,Professional Services,ITM022,Data Reporting Support - Monthly,1,46191.18,46191.18,Net 30,2025-03-12,2025-03-12,South,Neha Kapoor,Closed,On Time
PO202600228,2026-02-12,V008,FacilityPro Services,Administration,Facilities,ITM010,Printer Maintenance Kit,6,5372.34,32234.04,Net 30,2026-02-23,2026-02-20,East,Meera Joshi,Closed,On Time
PO202500229,2025-09-27,V002,Metro Business Supplies,Finance,Office Supplies,ITM001,A4 Copier Paper - 500 Sheets,10,232.42,2324.2,Net 60,2025-10-12,2025-10-09,West,Kavya Iyer,Closed,On Time
PO202600230,2026-05-02,V008,FacilityPro Services,Operations,Facilities,ITM010,Printer Maintenance Kit,1,5599.01,5599.01,Net 30,2026-05-15,2026-05-14,East,Ananya Rao,Closed,On Time
PO202500231,2025-07-17,V004,Nexa Technologies,Human Resources,Technology,ITM007,USB-C Docking Station,3,9018.82,27056.46,Net 60,2025-08-04,2025-08-02,South,Neha Kapoor,Closed,On Time
PO202600232,2026-02-02,V006,CoreTech Solutions,Sales & Marketing,Technology,ITM008,Network Switch - 24 Port,7,15878.3,111148.1,Net 45,2026-02-08,2026-02-07,South,Arjun Nair,Closed,On Time
PO202500233,2025-09-28,V001,Apex Office Solutions,Sales & Marketing,Office Supplies,ITM002,Black Toner Cartridge,3,3102.08,9306.24,Net 30,2025-10-12,2025-10-09,North,Arjun Nair,Closed,On Time
PO202500234,2025-01-21,V016,StratEdge Partners,IT,Professional Services,ITM021,Recruitment Service Fee,1,45275.58,45275.58,Net 60,2025-02-08,2025-02-06,East,Vikram Reddy,Closed,On Time
PO202500235,2025-10-03,V012,BrightReach Media,Sales & Marketing,Marketing,ITM017,Digital Marketing Campaign,2,43772.78,87545.56,Net 45,2025-10-19,2025-10-17,West,Arjun Nair,Closed,On Time
PO202500236,2025-11-15,V004,Nexa Technologies,Human Resources,Technology,ITM008,Network Switch - 24 Port,4,16091.07,64364.28,Net 30,2025-12-03,2025-12-05,North,Neha Kapoor,Closed,Late
PO202500237,2025-10-08,V015,TalentBridge Consulting,Human Resources,Professional Services,ITM019,Training Workshop - Per Batch,2,39545.87,79091.74,Net 45,2025-10-22,2025-10-19,North,Neha Kapoor,Closed,On Time
PO202500238,2025-04-03,V002,Metro Business Supplies,Human Resources,Office Supplies,ITM003,Ergonomic Office Chair,4,7103.76,28415.04,Net 30,2025-04-18,2025-04-17,East,Neha Kapoor,Closed,On Time
PO202500239,2025-01-10,V003,Prime Workplace India,Operations,Office Supplies,ITM003,Ergonomic Office Chair,10,8180.24,81802.4,Net 30,2025-01-27,2025-01-25,East,Rohit Mehta,Closed,On Time
PO202600240,2026-04-16,V006,CoreTech Solutions,Human Resources,Technology,ITM008,Network Switch - 24 Port,2,15222.93,30445.86,Net 45,2026-04-21,2026-04-19,North,Neha Kapoor,Closed,On Time
PO202500241,2025-04-21,V016,StratEdge Partners,Finance,Professional Services,ITM021,Recruitment Service Fee,1,42929.92,42929.92,Net 60,2025-04-29,2025-04-28,East,Kavya Iyer,Closed,On Time
PO202600242,2026-02-19,V011,ProSafe Equipment,Operations,Safety,ITM016,First Aid Refill Kit,50,1976.82,98841.0,Net 60,2026-02-27,2026-02-24,North,Rohit Mehta,Closed,On Time
PO202500243,2025-07-05,V002,Metro Business Supplies,Sales & Marketing,Office Supplies,ITM002,Black Toner Cartridge,15,2959.71,44395.65,Net 45,2025-07-12,2025-07-10,West,Ishita Shah,Closed,On Time
PO202500244,2025-11-11,V008,FacilityPro Services,Administration,Facilities,ITM012,LED Panel Light,12,1652.87,19834.44,Net 45,2025-11-23,2025-12-05,South,Meera Joshi,Closed,Late
PO202500245,2025-07-19,V008,FacilityPro Services,Administration,Facilities,ITM012,LED Panel Light,14,1713.32,23986.48,Net 30,2025-07-26,2025-07-24,East,Meera Joshi,Closed,On Time
PO202600246,2026-05-15,V003,Prime Workplace India,Administration,Facilities,ITM010,Printer Maintenance Kit,13,5689.12,73958.56,Net 30,2026-06-01,2026-05-31,South,Meera Joshi,Closed,On Time
PO202600247,2026-03-21,V014,Insight Advisory Services,Human Resources,Professional Services,ITM022,Data Reporting Support - Monthly,1,48385.94,48385.94,Net 30,2026-03-26,2026-03-25,South,Neha Kapoor,Closed,On Time
PO202500248,2025-12-19,V010,SafeGuard Industrial,Operations,Safety,ITM016,First Aid Refill Kit,7,2048.62,14340.34,Net 45,2025-12-28,2025-12-25,North,Rohit Mehta,Closed,On Time
PO202500249,2025-05-18,V003,Prime Workplace India,Administration,Facilities,ITM011,Cleaning Supplies Kit,56,1504.62,84258.72,Net 45,2025-05-29,2025-06-03,West,Meera Joshi,Closed,Late
PO202500250,2025-01-23,V008,FacilityPro Services,Operations,Facilities,ITM010,Printer Maintenance Kit,13,5495.2,71437.6,Net 45,2025-02-05,2025-02-05,South,Ananya Rao,Closed,On Time
PO202500251,2025-04-29,V006,CoreTech Solutions,Human Resources,Technology,ITM006,Business Laptop - Standard,1,51839.25,51839.25,Net45,2025-05-08,2025-05-08,North,Neha Kapoor,Closed,On Time
PO202500252,2025-04-18,V006,CoreTech Solutions,Sales & Marketing,Technology,ITM004,Wireless Keyboard & Mouse,43,1691.57,72737.51,Net 30,2025-04-26,2025-04-25,East,Ishita Shah,Closed,On Time
PO202500253,2025-06-14,V012,BrightReach Media,Sales & Marketing,Marketing,ITM018,Printed Marketing Materials,1,12003.08,12003.08,Net 30,2025-06-20,2025-06-17,South,Arjun Nair,Closed,On Time
PO202500254,2025-08-25,V003,Prime Workplace India,Administration,Facilities,ITM013,Electrical Maintenance Service,1,20451.92,20451.92,Net 30,2025-09-12,2025-09-10,South,Meera Joshi,Closed,On Time
PO202500255,2025-02-16,V010,SafeGuard Industrial,Operations,Safety,ITM014,Safety Gloves - Box,44,756.66,33293.04,Net 30,2025-02-25,2025-02-25,North,Ananya Rao,Closed,On Time
PO202500256,2025-04-27,V009,Urban Maintenance Co.,Administration,Facilities,ITM013,Electrical Maintenance Service,7,17814.03,124698.21,Net 30,2025-05-12,2025-05-11,South,Meera Joshi,Closed,On Time
PO202500257,2025-04-17,V001,Apex Office Solutions,Sales & Marketing,Office Supplies,ITM003,Ergonomic Office Chair,13,7917.15,102922.95,Net 30,2025-04-27,2025-04-26,East,Arjun Nair,Closed,On Time
PO202600258,2026-02-26,V010,SafeGuard Industrial,Operations,Safety,ITM015,Safety Helmet,38,1205.81,45820.78,Net 60,2026-03-15,2026-03-14,North,Ananya Rao,Closed,On Time
PO202600259,2026-03-20,V014,Insight Advisory Services,Finance,Professional Services,ITM022,Data Reporting Support - Monthly,3,49650.21,148950.63,Net 30,2026-03-25,2026-03-29,East,Kavya Iyer,Closed,Late
PO202500260,2025-06-19,V013,MarketCraft Communications,Sales & Marketing,Marketing,ITM018,Printed Marketing Materials,1,13262.31,13262.31,Net 45,2025-07-02,2025-06-29,South,Ishita Shah,Closed,On Time
PO202600261,2026-03-31,V014,Insight Advisory Services,Human Resources,Professional Services,ITM022,Data Reporting Support - Monthly,1,50316.5,50316.5,Net 45,2026-04-06,2026-04-06,South,Neha Kapoor,Closed,On Time
PO202500262,2025-12-06,V006,CoreTech Solutions,Sales & Marketing,Technology,ITM009,Annual Software License,2,20975.25,41950.5,Net 30,2025-12-12,2025-12-11,North,Ishita Shah,Closed,On Time
PO202600263,2026-06-19,V001,Apex Office Solutions,Operations,Office Supplies,ITM002,Black Toner Cartridge,12,3227.23,38726.76,Net 60,2026-06-30,,East,Ananya Rao,Open,Open
PO202600264,2026-04-07,V003,Prime Workplace India,Sales & Marketing,Office Supplies,ITM001,A4 Copier Paper - 500 Sheets,52,251.77,13092.04,Net 45,2026-04-12,2026-04-09,East,Arjun Nair,Closed,On Time
PO202500265,2025-05-12,V014,Insight Advisory Services,IT,Professional Services,ITM022,Data Reporting Support - Monthly,1,48710.85,48710.85,Net 60,2025-05-21,2025-05-19,East,Vikram Reddy,Closed,On Time
PO202500266,2025-05-22,V015,TalentBridge Consulting,IT,Professional Services,ITM021,Recruitment Service Fee,1,49808.15,49808.15,Net 45,2025-05-30,2025-05-28,West,Vikram Reddy,Closed,On Time
PO202600267,2026-05-31,V002,Metro Business Supplies,Sales & Marketing,Office Supplies,ITM001,A4 Copier Paper - 500 Sheets,42,230.27,9671.34,Net 45,2026-06-14,2026-06-11,North,Ishita Shah,Closed,On Time
PO202500268,2025-01-14,V002,Metro Business Supplies,Operations,Office Supplies,ITM001,A4 Copier Paper - 500 Sheets,53,222.84,11810.52,Net 45,2025-01-31,2025-02-06,West,Ananya Rao,Closed,Late
PO202500269,2025-10-30,V004,Nexa Technologies,Sales & Marketing,Technology,ITM007,USB-C Docking Station,12,9054.51,108654.12,Net 30,2025-11-12,2025-11-09,North,Arjun Nair,Closed,On Time
PO202600270,2026-01-26,V016,StratEdge Partners,Administration,Professional Services,ITM021,Recruitment Service Fee,1,42115.36,42115.36,Net 45,2026-02-03,2026-01-31,North,Meera Joshi,Closed,On Time
PO202500271,2025-07-18,V010,SafeGuard Industrial,Operations,Safety,ITM014,Safety Gloves - Box,37,709.49,26251.13,Net 30,2025-07-24,2025-07-21,North,Ananya Rao,Closed,On Time
PO202500272,2025-06-14,V015,TalentBridge Consulting,Finance,Professional Services,ITM022,Data Reporting Support - Monthly,1,49553.69,49553.69,Net 30,2025-06-24,2025-06-22,North,Kavya Iyer,Closed,On Time
PO202500273,2025-11-22,V016,StratEdge Partners,Administration,Professional Services,ITM019,Training Workshop - Per Batch,3,35914.3,107742.9,Net 30,2025-12-05,2025-12-03,West,Meera Joshi,Closed,On Time
PO202500274,2025-12-06,V010,SafeGuard Industrial,Operations,Safety,ITM016,First Aid Refill Kit,53,2143.31,113595.43,Net 30,2025-12-21,2026-01-02,West,Ananya Rao,Closed,Late
PO202500275,2025-11-25,V005,Vertex Digital Systems,IT,Technology,ITM007,USB-C Docking Station,1,9853.82,9853.82,Net 30,2025-12-08,2025-12-06,East,Vikram Reddy,Closed,On Time
PO202500276,2025-02-14,V016,StratEdge Partners,IT,Professional Services,ITM019,Training Workshop - Per Batch,3,35940.92,107822.76,Net 30,2025-02-27,2025-03-02,West,Vikram Reddy,Closed,Late
PO202500277,2025-04-17,V015,TalentBridge Consulting,IT,Professional Services,ITM019,Training Workshop - Per Batch,2,39226.19,78452.38,Net 30,2025-05-03,2025-05-03,West,Vikram Reddy,Closed,On Time
PO202500278,2025-03-14,V008,FacilityPro Services,Operations,Facilities,ITM013,Electrical Maintenance Service,7,18809.31,131665.17,Net 30,2025-03-24,2025-04-05,South,Ananya Rao,Closed,Late
PO202500279,2025-03-16,V005,Vertex Digital Systems,Sales & Marketing,Technology,ITM009,Annual Software License,8,23517.19,188137.52,Net 30,2025-03-27,2025-03-27,West,Arjun Nair,Closed,On Time
PO202500280,2025-05-28,V016,StratEdge Partners,Administration,Professional Services,ITM021,Recruitment Service Fee,3,41947.8,125843.4,Net 45,2025-06-04,2025-06-04,East,Meera Joshi,Closed,On Time
PO202500281,2025-11-09,V014,Insight Advisory Services,IT,Professional Services,ITM020,Audit Support - Monthly,3,52942.96,158828.88,Net 45,2025-11-16,2025-11-15,North,Vikram Reddy,Closed,On Time
PO202500282,2025-04-28,V006,CoreTech Solutions,IT,Technology,ITM008,Network Switch - 24 Port,5,15432.77,77163.85,Net 30,2025-05-13,2025-05-16,East,Vikram Reddy,Closed,Late
PO202600283,2026-01-01,V006,CoreTech Solutions,IT,Technology,ITM006,Business Laptop - Standard,6,55418.2,332509.2,Net 45,2026-01-13,2026-01-11,West,Vikram Reddy,Closed,On Time
PO202500284,2025-06-22,V002,Metro Business Supplies,Finance,Office Supplies,ITM003,Ergonomic Office Chair,14,7248.57,101479.98,Net 30,2025-07-02,2025-07-15,East,Kavya Iyer,Closed,Late
PO202600285,2026-04-02,V004,Nexa Technologies,Finance,Technology,ITM004,Wireless Keyboard & Mouse,58,1839.46,106688.68,Net 60,2026-04-11,2026-04-10,West,Kavya Iyer,Closed,On Time
PO202500286,2025-03-20,V016,StratEdge Partners,Administration,Professional Services,ITM019,Training Workshop - Per Batch,3,37306.05,111918.15,Net 30,2025-03-28,2025-03-26,East,Meera Joshi,Closed,On Time
PO202600287,2026-01-10,V014,Insight Advisory Services,Administration,Professional Services,ITM021,Recruitment Service Fee,1,45229.55,45229.55,Net 45,2026-01-21,2026-01-21,West,Meera Joshi,Closed,On Time
PO202600288,2026-04-02,V003,Prime Workplace India,Sales & Marketing,Office Supplies,ITM003,Ergonomic Office Chair,12,8121.98,97463.76,Net 30,2026-04-14,2026-04-14,East,Arjun Nair,Closed,On Time
PO202500289,2025-03-06,V011,ProSafe Equipment,Operations,Safety,ITM014,Safety Gloves - Box,29,705.36,20455.44,Net 30,2025-03-18,2025-03-18,North,Ananya Rao,Closed,On Time
PO202600290,2026-06-18,V006,CoreTech Solutions,Finance,Technology,ITM006,Business Laptop - Standard,7,53837.32,376861.24,Net 30,2026-07-03,2026-07-03,West,Kavya Iyer,Closed,On Time
PO202500291,2025-12-20,V002,Metro Business Supplies,Sales & Marketing,Office Supplies,ITM001,A4 Copier Paper - 500 Sheets,15,221.59,3323.85,Net 30,2025-12-28,2026-01-09,West,Arjun Nair,Closed,Late
PO202500292,2025-06-11,V005,Vertex Digital Systems,IT,Technology,ITM009,Annual Software License,2,25102.03,50204.06,Net 30,2025-06-23,2025-06-20,West,Vikram Reddy,Closed,On Time
PO202500293,2025-01-23,V010,SafeGuard Industrial,Operations,Safety,ITM014,Safety Gloves - Box,41,731.66,29998.06,Net 60,2025-01-30,2025-01-28,East,Ananya Rao,Closed,On Time
PO202500294,2025-08-10,V003,Prime Workplace India,Administration,Facilities,ITM011,Cleaning Supplies Kit,14,1440.12,20161.68,Net 45,2025-08-27,2025-08-26,North,Meera Joshi,Closed,On Time
PO202500295,2025-03-12,V001,Apex Office Solutions,Human Resources,Office Supplies,ITM001,A4 Copier Paper - 500 Sheets,37,254.15,9403.55,Net 45,2025-03-27,2025-03-26,West,Neha Kapoor,Closed,On Time
PO202600296,2026-06-29,V009,Urban Maintenance Co.,Operations,Facilities,ITM011,Cleaning Supplies Kit,5,1307.06,6535.3,Net 30,2026-07-16,2026-07-13,South,Rohit Mehta,Closed,On Time
PO202600297,2026-01-26,V004,Nexa Technologies,IT,Technology,ITM007,USB-C Docking Station,4,8747.67,34990.68,Net 30,2026-02-13,2026-02-10,South,VIKRAM REDDY,Closed,On Time
PO202600298,2026-06-20,V011,ProSafe Equipment,Operations,Safety,ITM014,Safety Gloves - Box,28,676.09,18930.52,Net 30,2026-06-26,,North,Rohit Mehta,Open,Open
PO202600299,2026-02-28,V013,MarketCraft Communications,Sales & Marketing,Marketing,ITM018,Printed Marketing Materials,1,13798.65,13798.65,Net 45,2026-03-14,2026-03-11,South,Arjun Nair,Closed,On Time
PO202500300,2025-06-15,V006,CoreTech Solutions,Sales & Marketing,Technology,ITM008,Network Switch - 24 Port,1,15618.39,15618.39,Net 45,2025-06-22,2025-06-22,West,Ishita Shah,Closed,On Time
PO202600301,2026-03-22,V015,TalentBridge Consulting,Finance,Professional Services,ITM019,Training Workshop - Per Batch,2,41295.24,82590.48,Net 45,2026-04-05,2026-04-03,South,Kavya Iyer,Closed,On Time
PO202600302,2026-05-22,V010,SafeGuard Industrial,Operations,Safety,ITM016,First Aid Refill Kit,43,2042.58,87830.94,Net 45,2026-06-04,2026-06-03,South,Rohit Mehta,Closed,On Time
PO202500303,2025-06-11,V015,TalentBridge Consulting,Finance,Professional Services,ITM021,Recruitment Service Fee,1,47532.6,47532.6,Net 30,2025-06-24,2025-07-07,South,Kavya Iyer,Closed,Late
PO202500304,2025-12-23,V007,SecureNet Systems,IT,Technology,ITM008,Network Switch - 24 Port,7,17151.91,120063.37,Net 30,2026-01-06,2026-01-10,South,Vikram Reddy,Closed,Late
PO202600305,2026-05-31,V016,StratEdge Partners,Administration,Professional Services,ITM021,Recruitment Service Fee,3,45098.45,135295.35,Net 45,2026-06-09,2026-06-06,West,Meera Joshi,Closed,On Time
PO202500306,2025-01-29,V015,TalentBridge Consulting,Finance,Professional Services,ITM020,Audit Support - Monthly,1,54055.84,54055.84,Net 45,2025-02-09,2025-02-09,North,Kavya Iyer,Closed,On Time
PO202500307,2025-10-22,V015,TalentBridge Consulting,IT,Professional Services,ITM019,Training Workshop - Per Batch,1,39315.85,39315.85,Net 30,2025-11-01,2025-10-30,West,Vikram Reddy,Closed,On Time
PO202500308,2025-07-24,V014,Insight Advisory Services,Finance,Professional Services,ITM020,Audit Support - Monthly,3,53827.52,161482.56,Net 30,2025-08-03,2025-08-03,South,Kavya Iyer,Closed,On Time
PO202600309,2026-01-16,V002,Metro Business Supplies,Sales & Marketing,Office Supplies,ITM002,Black Toner Cartridge,15,3071.86,46077.9,Net 45,2026-01-29,2026-01-28,West,Arjun Nair,Closed,On Time
PO202500310,2025-02-03,V006,CoreTech Solutions,Human Resources,Technology,ITM005,24-inch Business Monitor,8,9894.73,79157.84,Net 45,2025-02-13,2025-02-13,East,Neha Kapoor,Closed,On Time
PO202500311,2025-11-30,V001,Apex Office Solutions,Administration,Office Supplies,ITM003,Ergonomic Office Chair,10,8137.75,81377.5,Net 30,2025-12-10,2025-12-07,East,Meera Joshi,Closed,On Time
PO202500312,2025-10-14,V001,Apex Office Solutions,Sales & Marketing,Office Supplies,ITM003,Ergonomic Office Chair,5,7558.11,37790.55,Net 60,2025-10-31,2025-10-28,West,Arjun Nair,Closed,On Time
PO202500313,2025-06-03,V003,Prime Workplace India,Operations,Facilities,ITM013,Electrical Maintenance Service,6,20594.61,123567.66,Net 45,2025-06-20,2025-06-18,South,Rohit Mehta,Closed,On Time
PO202500314,2025-03-03,V006,CoreTech Solutions,Finance,Technology,ITM004,Wireless Keyboard & Mouse,28,1666.87,46672.36,Net 30,2025-03-13,2025-03-11,East,Kavya Iyer,Closed,On Time
PO202500315,2025-07-23,V003,Prime Workplace India,Sales & Marketing,Office Supplies,ITM001,A4 Copier Paper - 500 Sheets,25,258.38,6459.5,Net 60,2025-08-07,2025-08-04,East,Ishita Shah,Closed,On Time
PO202600316,2026-04-20,V003,Prime Workplace India,Operations,Office Supplies,ITM003,Ergonomic Office Chair,11,8265.59,90921.49,Net 30,2026-05-04,2026-05-04,North,Ananya Rao,Closed,On Time
PO202500317,2025-11-18,V014,Insight Advisory Services,Finance,Professional Services,ITM022,Data Reporting Support - Monthly,1,48001.96,48001.96,Net 30,2025-12-04,2025-12-01,West,Kavya Iyer,Closed,On Time
PO202500318,2025-03-23,V003,Prime Workplace India,Human Resources,Office Supplies,ITM001,A4 Copier Paper - 500 Sheets,8,262.83,2102.64,Net 30,2025-03-28,2025-03-28,West,Neha Kapoor,Closed,On Time
PO202600319,2026-02-04,V015,TalentBridge Consulting,Finance,Professional Services,ITM022,Data Reporting Support - Monthly,1,49445.94,49445.94,Net 60,2026-02-09,2026-02-16,North,Kavya Iyer,Closed,Late
PO202500320,2025-10-06,V010,SafeGuard Industrial,Operations,Safety,ITM016,First Aid Refill Kit,45,2150.23,96760.35,Net 30,2025-10-22,2025-10-19,North,Rohit Mehta,Closed,On Time
PO202600321,2026-05-09,V014,Insight Advisory Services,IT,Professional Services,ITM021,Recruitment Service Fee,1,44252.22,44252.22,Net 45,2026-05-14,2026-05-29,West,Vikram Reddy,Closed,Late
PO202500322,2025-10-21,V003,Prime Workplace India,Operations,Facilities,ITM013,Electrical Maintenance Service,5,20367.63,101838.15,Net 30,2025-11-04,2025-11-04,West,Rohit Mehta,Closed,On Time
PO202600323,2026-03-24,V010,SafeGuard Industrial,Operations,Safety,ITM016,First Aid Refill Kit,21,2108.38,44275.98,Net 30,2026-03-30,2026-03-29,North,Rohit Mehta,Closed,On Time
PO202600324,2026-02-27,V001,Apex Office Solutions,Operations,Office Supplies,ITM002,Black Toner Cartridge,8,3153.09,25224.72,Net 30,2026-03-08,2026-03-05,South,Ananya Rao,Closed,On Time
PO202500325,2025-01-23,V009,Urban Maintenance Co.,Operations,Facilities,ITM011,Cleaning Supplies Kit,19,1328.97,25250.43,Net 30,2025-01-29,2025-02-07,East,Rohit Mehta,Closed,Late
PO202500326,2025-02-02,V005,Vertex Digital Systems,IT,Technology,ITM004,Wireless Keyboard & Mouse,39,1988.65,77557.35,Net 45,2025-02-14,2025-02-12,South,Vikram Reddy,Closed,On Time
PO202500327,2025-09-12,V003,Prime Workplace India,Administration,Office Supplies,ITM003,Ergonomic Office Chair,12,8651.48,103817.76,Net 30,2025-09-29,2025-09-28,North,Meera Joshi,Closed,On Time
PO202500328,2025-06-12,V010,SafeGuard Industrial,Operations,Safety,ITM016,First Aid Refill Kit,24,2128.02,51072.48,Net 60,2025-06-20,2025-06-20,West,Ananya Rao,Closed,On Time
PO202500329,2025-08-30,V002,Metro Business Supplies,Finance,Office Supplies,ITM002,Black Toner Cartridge,4,2916.68,11666.72,Net 45,2025-09-04,2025-09-01,West,Kavya Iyer,Closed,On Time
PO202500330,2025-04-02,V001,Apex Office Solutions,Sales & Marketing,Office Supplies,ITM003,Ergonomic Office Chair,13,8168.7,106193.1,Net 45,2025-04-17,2025-04-24,South,Arjun Nair,Closed,Late
PO202600331,2026-05-15,V016, StratEdge Partners ,Administration,Professional Services,ITM021,Recruitment Service Fee,1,43627.51,43627.51,Net 45,2026-05-20,2026-05-18,North,Meera Joshi,Closed,On Time
PO202500332,2025-10-29,V002,Metro Business Supplies,Sales & Marketing,Office Supplies,ITM001,A4 Copier Paper - 500 Sheets,34,225.37,7662.58,Net 30,2025-11-07,2025-11-06,West,Ishita Shah,Closed,On Time
PO202500333,2025-10-30,V006,CoreTech Solutions,Sales & Marketing,Technology,ITM004,Wireless Keyboard & Mouse,51,1692.82,86333.82,Net 45,2025-11-06,2025-11-04,West,Ishita Shah,Closed,On Time
PO202500334,2025-03-06,V006,CoreTech Solutions,Sales & Marketing,Technology,ITM005,24-inch Business Monitor,3,10240.71,30722.13,Net 45,2025-03-20,2025-03-17,South,Arjun Nair,Closed,On Time
PO202500335,2025-05-13,V001,Apex Office Solutions,Operations,Office Supplies,ITM002,Black Toner Cartridge,11,3033.02,33363.22,Net 30,2025-05-31,2025-05-28,North,Ananya Rao,Closed,On Time
PO202600336,2026-01-11,V006,CoreTech Solutions,IT,Technology,ITM005,24-inch Business Monitor,2,10635.93,21271.86,Net 30,2026-01-23,2026-01-23,East,Vikram Reddy,Closed,On Time
PO202500337,2025-09-30,V016,StratEdge Partners,IT,Professional Services,ITM019,Training Workshop - Per Batch,1,38572.25,38572.25,Net 30,2025-10-06,2025-10-03,West,Vikram Reddy,Closed,On Time
PO202600338,2026-03-02,V015,TalentBridge Consulting,IT,Professional Services,ITM022,Data Reporting Support - Monthly,1,50800.46,50800.46,Net 30,2026-03-09,2026-03-06,West,Vikram Reddy,Closed,On Time
PO202500339,2025-11-28,V013,MarketCraft Communications,Sales & Marketing,Marketing,ITM018,Printed Marketing Materials,1,14346.11,14346.11,Net 60,2025-12-08,2025-12-05,South,Arjun Nair,Closed,On Time
PO202500340,2025-10-19,V005,Vertex Digital Systems,Sales & Marketing,Technology,ITM004,Wireless Keyboard & Mouse,59,1957.98,115520.82,Net 60,2025-10-29,2025-11-13,North,Arjun Nair,Closed,Late
PO202500341,2025-04-07,V001,Apex Office Solutions,Finance,Office Supplies,ITM002,Black Toner Cartridge,4,3189.04,12756.16,Net 45,2025-04-16,2025-04-16,West,Kavya Iyer,Closed,On Time
PO202500342,2025-11-29,V011,ProSafe Equipment,Operations,Safety,ITM016,First Aid Refill Kit,43,2078.17,89361.31,Net 30,2025-12-14,2025-12-11,South,Rohit Mehta,Closed,On Time
PO202600343,2026-03-21,V002,Metro Business Supplies,Administration,Office Supplies,ITM003,Ergonomic Office Chair,1,7798.48,7798.48,Net 30,2026-04-05,2026-04-02,South,Meera Joshi,Closed,On Time
PO202500344,2025-06-03,V006,CoreTech Solutions,IT,Technology,ITM004,Wireless Keyboard & Mouse,33,1767.28,58320.24,Net 30,2025-06-20,2025-06-20,North,Vikram Reddy,Closed,On Time
PO202500345,2025-06-01,V010,SafeGuard Industrial,Operations,Safety,ITM016,First Aid Refill Kit,10,2112.36,21123.6,Net 45,2025-06-12,2025-06-11,East,Ananya Rao,Closed,On Time
PO202600346,2026-05-15,V003,Prime Workplace India,Sales & Marketing,Office Supplies,ITM003,Ergonomic Office Chair,4,8405.94,33623.76,Net 30,2026-05-21,2026-05-18,South,Arjun Nair,Closed,On Time
PO202600347,2026-02-28,V015,TalentBridge Consulting,Finance,Professional Services,ITM021,Recruitment Service Fee,1,45895.92,45895.92,Net 45,2026-03-07,2026-03-04,East,Kavya Iyer,Closed,On Time
PO202500348,2025-08-28,V004,Nexa Technologies,Human Resources,Technology,ITM004,Wireless Keyboard & Mouse,44,1749.38,76972.72,Net 30,2025-09-04,2025-09-02,South,Neha Kapoor,Closed,On Time
PO202600349,2026-04-06,V004,Nexa Technologies,Finance,Technology,ITM008,Network Switch - 24 Port,5,16615.11,83075.55,Net 45,2026-04-19,2026-04-18,South,Kavya Iyer,Closed,On Time
PO202600350,2026-06-24,V009,Urban Maintenance Co.,Operations,Facilities,ITM011,Cleaning Supplies Kit,8,1316.24,10529.92,Net 45,2026-07-06,,North,Ananya Rao,Open,Open
PO202500351,2025-01-20,V009,Urban Maintenance Co.,Administration,Facilities,ITM011,Cleaning Supplies Kit,50,1303.48,65174.0,Net 60,2025-01-26,2025-01-23,South,Meera Joshi,Closed,On Time
PO202500352,2025-07-23,V004,Nexa Technologies,Human Resources,Technology,ITM004,Wireless Keyboard & Mouse,24,1890.97,45383.28,Net 30,2025-08-02,2025-08-01,North,Neha Kapoor,Closed,On Time
PO202500353,2025-11-06,V016,StratEdge Partners,Administration,Professional Services,ITM021,Recruitment Service Fee,2,44362.43,88724.86,Net 30,2025-11-24,2025-11-22,North,Meera Joshi,Closed,On Time
PO202500354,2025-05-21,V007,SecureNet Systems,Human Resources,Technology,ITM008,Network Switch - 24 Port,7,17509.34,122565.38,Net 60,2025-05-29,2025-05-26,North,Neha Kapoor,Closed,On Time
PO202500355,2025-05-15,V011,ProSafe Equipment,Operations,Safety,ITM016,First Aid Refill Kit,24,2070.08,49681.92,Net 30,2025-05-31,2025-05-30,West,Ananya Rao,Closed,On Time
PO202500356,2025-11-22,V001,Apex Office Solutions,Sales & Marketing,Office Supplies,ITM001,A4 Copier Paper - 500 Sheets,14,253.71,3551.94,Net 60,2025-12-08,2025-12-15,East,Ishita Shah,Closed,Late
PO202500357,2025-11-07,V014,Insight Advisory Services,Administration,Professional Services,ITM021,Recruitment Service Fee,1,43961.13,43961.13,Net 45,2025-11-14,2025-11-25,West,Meera Joshi,Closed,Late
PO202600358,2026-01-03,V006,CoreTech Solutions,IT,Technology,ITM008,Network Switch - 24 Port,6,15321.46,91928.76,Net 30,2026-01-10,2026-01-07,West,Vikram Reddy,Closed,On Time
PO202500359,2025-08-20,V007,SecureNet Systems,IT,Technology,ITM006,Business Laptop - Standard,4,58478.38,233913.52,Net 60,2025-09-06,2025-09-05,East,Vikram Reddy,Closed,On Time
PO202500360,2025-09-10,V014,Insight Advisory Services,IT,Professional Services,ITM021,Recruitment Service Fee,3,47003.51,141010.53,Net 30,2025-09-24,2025-09-24,East,Vikram Reddy,Closed,On Time
PO202500361,2025-09-09,V006,CoreTech Solutions,Human Resources,Technology,ITM004,Wireless Keyboard & Mouse,45,1694.36,76246.2,Net 30,2025-09-14,2025-09-23,North,Neha Kapoor,Closed,Late
PO202600362,2026-04-18,V002,Metro Business Supplies,Finance,Office Supplies,ITM003,Ergonomic Office Chair,14,7056.7,98793.8,Net 30,2026-05-03,2026-05-03,West,Kavya Iyer,Closed,On Time
PO202600363,2026-02-28,V009,Urban Maintenance Co.,Operations,Facilities,ITM011,Cleaning Supplies Kit,25,1254.68,31367.0,Net 45,2026-03-16,2026-03-15,South,Ananya Rao,Closed,On Time
PO202600364,2026-01-07,V006,CoreTech Solutions,IT,Technology,ITM007,USB-C Docking Station,3,7807.04,23421.12,Net 30,2026-01-17,2026-01-16,West,Vikram Reddy,Closed,On Time
PO202500365,2025-02-22,V015,TalentBridge Consulting,Finance,Professional Services,ITM021,Recruitment Service Fee,1,46296.66,46296.66,Net 30,2025-03-02,2025-03-16,East,Kavya Iyer,Closed,Late
PO202600366,2026-05-26,V003,Prime Workplace India,Operations,Facilities,ITM011,Cleaning Supplies Kit,34,1472.45,50063.3,Net 30,2026-06-06,2026-06-06,North,Ananya Rao,Closed,On Time
PO202500367,2025-02-20,V003,Prime Workplace India,Operations,Facilities,ITM010,Printer Maintenance Kit,10,5563.75,55637.5,Net 60,2025-03-10,2025-03-08,South,Ananya Rao,Closed,On Time
PO202500368,2025-11-27,V003,Prime Workplace India,Human Resources,Office Supplies,ITM002,Black Toner Cartridge,8,3255.37,26042.96,Net 30,2025-12-04,2025-12-02,East,Neha Kapoor,Closed,On Time
PO202500369,2025-08-03,V011,ProSafe Equipment,Operations,Safety,ITM016,First Aid Refill Kit,51,1930.94,98477.94,Net 30,2025-08-19,2025-08-17,North,Rohit Mehta,Closed,On Time
PO202600370,2026-06-23,V013,MarketCraft Communications,Sales & Marketing,marketing,ITM018,Printed Marketing Materials,2,13981.92,27963.84,Net 60,2026-07-10,2026-07-09,South,Arjun Nair,Closed,On Time
PO202500371,2025-01-25,V007,SecureNet Systems,IT,Technology,ITM008,Network Switch - 24 Port,6,17089.11,102534.66,Net 30,2025-02-04,2025-02-03,West,Vikram Reddy,Closed,On Time
PO202500372,2025-11-12,V013,MarketCraft Communications,Sales & Marketing,Marketing,ITM017,Digital Marketing Campaign,3,45771.38,137314.14,Net 30,2025-11-26,2025-11-25,North,Ishita Shah,Closed,On Time
PO202500373,2025-05-20,V001,Apex Office Solutions,Sales & Marketing,Office Supplies,ITM002,Black Toner Cartridge,15,3254.82,48822.3,Net 30,2025-06-05,2025-06-15,North,Arjun Nair,Closed,Late
PO202500374,2025-08-02,V016,StratEdge Partners,Finance,Professional Services,ITM019,Training Workshop - Per Batch,1,36316.0,36316.0,Net 45,2025-08-12,2025-08-11,East,Kavya Iyer,Closed,On Time
PO202500375,2025-11-12,V001,Apex Office Solutions,Finance,Office Supplies,ITM002,Black Toner Cartridge,4,3164.91,12659.64,Net 30,2025-11-22,2025-11-20,North,Kavya Iyer,Closed,On Time
PO202500376,2025-04-25,V001,Apex Office Solutions,Operations,Office Supplies,ITM001,A4 Copier Paper - 500 Sheets,35,235.75,8251.25,Net 60,2025-05-08,2025-05-06,North,Rohit Mehta,Closed,On Time
PO202500377,2025-05-16,V003,Prime Workplace India,Operations,Facilities,ITM010,Printer Maintenance Kit,11,6031.71,66348.81,Net 30,2025-06-03,2025-06-03,South,Ananya Rao,Closed,On Time
PO202500378,2025-11-16,V004,Nexa Technologies,IT,Technology,ITM006,Business Laptop - Standard,6,56515.4,339092.4,Net 30,2025-12-03,2025-12-03,West,Vikram Reddy,Closed,On Time
PO202500379,2025-04-28,V001,Apex Office Solutions,Sales & Marketing,Office Supplies,ITM001,A4 Copier Paper - 500 Sheets,25,242.92,6073.0,Net 45,2025-05-07,2025-05-05,West,Arjun Nair,Closed,On Time
PO202500380,2025-11-15,V014,Insight Advisory Services,Finance,Professional Services,ITM019,Training Workshop - Per Batch,1,38089.92,38089.92,Net 30,2025-11-21,2025-11-21,West,Kavya Iyer,Closed,On Time
PO202500381,2025-12-31,V006,CoreTech Solutions,IT,Technology,ITM007,USB-C Docking Station,13,7842.77,101956.01,Net 30,2026-01-16,2026-01-13,East,Vikram Reddy,Closed,On Time
PO202600382,2026-02-06,V008,FacilityPro Services,Administration,Facilities,ITM012,LED Panel Light,35,1588.49,55597.15,Net 45,2026-02-12,2026-02-09,North,Meera Joshi,Closed,On Time
PO202500383,2025-05-11,V005,Vertex Digital Systems,Human Resources,Technology,ITM004,Wireless Keyboard & Mouse,55,2034.86,111917.3,Net 45,2025-05-20,2025-05-17,West,Neha Kapoor,Closed,On Time
PO202600384,2026-01-29,V010,SafeGuard Industrial,Operations,Safety,ITM016,First Aid Refill Kit,41,2223.27,91154.07,Net 30,2026-02-15,2026-02-14,South,Rohit Mehta,Closed,On Time
PO202500385,2025-04-28,V006,CoreTech Solutions,Human Resources,Technology,ITM004,Wireless Keyboard & Mouse,30,1642.85,49285.5,Net 30,2025-05-04,2025-05-01,South,Neha Kapoor,Closed,On Time
PO202500386,2025-06-02,V006,CoreTech Solutions,Finance,Technology,ITM008,Network Switch - 24 Port,6,14959.45,89756.7,Net 60,2025-06-11,2025-06-09,East,Kavya Iyer,Closed,On Time
PO202500387,2025-04-02,V003,Prime Workplace India,Sales & Marketing,Office Supplies,ITM002,Black Toner Cartridge,1,3494.28,3494.28,Net 30,2025-04-12,2025-04-12,North,Arjun Nair,Closed,On Time
PO202500388,2025-08-29,V002,Metro Business Supplies,Sales & Marketing,Office Supplies,ITM002,Black Toner Cartridge,7,2919.37,20435.59,Net 30,2025-09-11,2025-09-15,West,Ishita Shah,Closed,Late
PO202500389,2025-06-07,V001,Apex Office Solutions,Administration,Office Supplies,ITM001,A4 Copier Paper - 500 Sheets,14,264.47,3702.58,Net 60,2025-06-23,2025-06-20,West,Meera Joshi,Closed,On Time
PO202600390,2026-03-12,V014,Insight Advisory Services,Human Resources,Professional Services,ITM022,Data Reporting Support - Monthly,2,47055.2,94110.4,Net45,2026-03-26,2026-04-04,West,Neha Kapoor,Closed,Late
PO202600391,2026-01-11,V003,Prime Workplace India,Operations,Facilities,ITM012,LED Panel Light,49,1771.39,86798.11,Net 30,2026-01-17,2026-01-15,South,Ananya Rao,Closed,On Time
PO202500392,2025-09-09,V006,CoreTech Solutions,IT,Technology,ITM009,Annual Software License,5,21126.7,105633.5,Net 30,2025-09-23,2025-09-30,South,Vikram Reddy,Closed,Late
PO202600393,2026-04-10,V006,CoreTech Solutions,Human Resources,Technology,ITM006,Business Laptop - Standard,5,55707.89,278539.45,Net 60,2026-04-19,2026-05-02,North,Neha Kapoor,Closed,Late
PO202500394,2025-03-04,V002,Metro Business Supplies,Sales & Marketing,Office Supplies,ITM001,A4 Copier Paper - 500 Sheets,52,224.72,11685.44,Net 30,2025-03-18,2025-03-27,South,Ishita Shah,Closed,Late
PO202500395,2025-09-16,V015,TalentBridge Consulting,Finance,Professional Services,ITM019,Training Workshop - Per Batch,3,40857.77,122573.31,Net 30,2025-10-02,2025-09-29,West,Kavya Iyer,Closed,On Time
PO202500396,2025-08-30,V007,SecureNet Systems,IT,Technology,ITM006,Business Laptop - Standard,3,62478.14,187434.42,Net 45,2025-09-17,2025-09-14,West,Vikram Reddy,Closed,On Time
PO202500397,2025-06-21,V015,TalentBridge Consulting,IT,Professional Services,ITM019,Training Workshop - Per Batch,1,41407.58,41407.58,Net 30,2025-06-26,2025-06-23,East,Vikram Reddy,Closed,On Time
PO202600398,2026-02-04,V003,Prime Workplace India,Operations,Facilities,ITM010,Printer Maintenance Kit,7,5961.5,41730.5,Net 30,2026-02-19,2026-02-19,North,Rohit Mehta,Closed,On Time
PO202500399,2025-10-07,V002,Metro Business Supplies,Finance,Office Supplies,ITM002,Black Toner Cartridge,13,2915.45,37900.85,Net 30,2025-10-22,2025-10-21,West,Kavya Iyer,Closed,On Time
PO202500400,2025-03-11,V001,Apex Office Solutions,Operations,Office Supplies,ITM003,Ergonomic Office Chair,5,7642.03,38210.15,Net 45,2025-03-20,2025-03-20,South,Ananya Rao,Closed,On Time
PO202500401,2025-05-03,V006,CoreTech Solutions,Sales & Marketing,Technology,ITM009,Annual Software License,3,20849.93,62549.79,Net 30,2025-05-09,2025-05-07,South,Ishita Shah,Closed,On Time
PO202500402,2025-10-11,V014,Insight Advisory Services,IT,Professional Services,ITM021,Recruitment Service Fee,1,43499.69,43499.69,Net30,2025-10-22,2025-10-22,North,Vikram Reddy,Closed,On Time
PO202600403,2026-03-28,V001,Apex Office Solutions,Administration,Office Supplies,ITM003,Ergonomic Office Chair,2,8417.6,16835.2,Net 30,2026-04-04,2026-04-01,South,Meera Joshi,Closed,On Time
PO202500404,2025-09-23,V010,SafeGuard Industrial,Operations,Safety,ITM016,First Aid Refill Kit,36,2121.27,76365.72,Net 60,2025-09-30,2025-09-30,East,Rohit Mehta,Closed,On Time
PO202600405,2026-02-05,V006,CoreTech Solutions,Sales & Marketing,Technology,ITM007,USB-C Docking Station,13,8390.28,109073.64,Net 30,2026-02-22,2026-02-21,East,Arjun Nair,Closed,On Time
PO202600406,2026-01-03,V003,Prime Workplace India,Finance,Office Supplies,ITM003,Ergonomic Office Chair,6,8498.2,50989.2,Net 30,2026-01-16,2026-01-14,East,Kavya Iyer,Closed,On Time
PO202500407,2025-07-27,V003,Prime Workplace India,Operations,Facilities,ITM011,Cleaning Supplies Kit,11,1437.44,15811.84,Net 30,2025-08-11,2025-08-08,East,Ananya Rao,Closed,On Time
PO202500408,2025-05-24,V010,SafeGuard Industrial,Operations,Safety,ITM014,Safety Gloves - Box,39,702.23,27386.97,Net 60,2025-06-08,2025-06-05,South,Ananya Rao,Closed,On Time
PO202500409,2025-12-14,V004,Nexa Technologies,IT,Technology,ITM007,USB-C Docking Station,11,9006.68,99073.48,Net 45,2025-12-27,2025-12-26,West,Vikram Reddy,Closed,On Time
PO202500410,2025-02-16,V013,MarketCraft Communications,Sales & Marketing,Marketing,ITM017,Digital Marketing Campaign,1,48113.59,48113.59,Net 45,2025-02-28,2025-02-28,South,Arjun Nair,Closed,On Time
PO202600411,2026-05-25,V012,BrightReach Media,Sales & Marketing,Marketing,ITM017,Digital Marketing Campaign,2,43387.55,86775.1,Net 30,2026-06-04,2026-06-03,West,Arjun Nair,Closed,On Time
PO202500412,2025-06-27,V001,Apex Office Solutions,Operations,Office Supplies,ITM002,Black Toner Cartridge,3,3128.87,9386.61,Net 30,2025-07-09,2025-07-09,East,Ananya Rao,Closed,On Time
PO202500413,2025-03-24,V002,Metro Business Supplies,Operations,Office Supplies,ITM003,Ergonomic Office Chair,7,7542.87,52800.09,Net 45,2025-04-09,2025-04-06,West,Ananya Rao,Closed,On Time
PO202500414,2025-10-05,V002,Metro Business Supplies,Human Resources,Office Supplies,ITM003,Ergonomic Office Chair,12,7353.12,88237.44,Net 45,2025-10-17,2025-10-17,North,Neha Kapoor,Closed,On Time
PO202600415,2026-03-05,V003,Prime Workplace India,Operations,Office Supplies,ITM003,Ergonomic Office Chair,14,8477.06,118678.84,Net 30,2026-03-22,2026-03-21,West,Rohit Mehta,Closed,On Time
PO202500416,2025-02-24,V014,Insight Advisory Services,IT,Professional Services,ITM022,Data Reporting Support - Monthly,1,48975.02,48975.02,Net 30,2025-03-01,2025-02-27,North,Vikram Reddy,Closed,On Time
PO202600417,2026-04-10,V006,CoreTech Solutions,IT,Technology,ITM005,24-inch Business Monitor,2,10229.26,20458.52,Net 45,2026-04-16,2026-04-13,North,Vikram Reddy,Closed,On Time
PO202500418,2025-11-30,V001,Apex Office Solutions,Operations,Office Supplies,ITM001,A4 Copier Paper - 500 Sheets,17,244.3,4153.1,Net 30,2025-12-11,2025-12-11,East,Ananya Rao,Closed,On Time
PO202600419,2026-03-23,V008,FacilityPro Services,Administration,Facilities,ITM011,Cleaning Supplies Kit,51,1312.57,66941.07,Net 30,2026-03-31,2026-03-29,West,Meera Joshi,Closed,On Time
PO202500420,2025-03-03,V008,FacilityPro Services,Operations,Facilities,ITM013,Electrical Maintenance Service,4,19025.97,76103.88,Net 45,2025-03-12,2025-03-11,West,Ananya Rao,Closed,On Time
PO202500421,2025-08-10,V015,TalentBridge Consulting,IT,Professional Services,ITM019,Training Workshop - Per Batch,1,41337.6,41337.6,Net 60,2025-08-18,2025-08-17,West,Vikram Reddy,Closed,On Time
PO202600422,2026-06-01,V006,CoreTech Solutions,Sales & Marketing,Technology,ITM009,Annual Software License,4,20489.74,81958.96,Net 45,2026-06-07,2026-06-07,East,Arjun Nair,Closed,On Time
PO202500423,2025-05-16,V001,Apex Office Solutions,Operations,Office Supplies,ITM001,A4 Copier Paper - 500 Sheets,50,241.92,12096.0,Net 60,2025-05-28,2025-05-28,East,Ananya Rao,Closed,On Time
PO202600424,2026-02-20,V015,TalentBridge Consulting,Administration,Professional Services,ITM022,Data Reporting Support - Monthly,1,48851.04,48851.04,Net 30,2026-03-03,2026-03-01,North,Meera Joshi,Closed,On Time
PO202500425,2025-10-04,V003,Prime Workplace India,Sales & Marketing,Office Supplies,ITM001,A4 Copier Paper - 500 Sheets,26,253.57,6592.82,Net 60,2025-10-20,2025-10-18,South,Ishita Shah,Closed,On Time
PO202600426,2026-01-10,V008,FacilityPro Services,Operations,Facilities,ITM011,Cleaning Supplies Kit,40,1381.64,55265.6,Net 60,2026-01-26,2026-01-25,West,Ananya Rao,Closed,On Time
PO202500427,2025-08-19,V014,Insight Advisory Services,Administration,Professional Services,ITM022,Data Reporting Support - Monthly,1,46353.75,46353.75,Net 30,2025-08-31,2025-08-31,North,Meera Joshi,Closed,On Time
PO202500428,2025-03-09,V001,Apex Office Solutions,Administration,Office Supplies,ITM001,A4 Copier Paper - 500 Sheets,9,253.49,2281.41,Net 45,2025-03-15,2025-03-15,East,Meera Joshi,Closed,On Time
PO202500429,2025-07-29,V007,SecureNet Systems,Sales & Marketing,Technology,ITM007,USB-C Docking Station,3,9157.24,27471.72,Net 45,2025-08-10,2025-08-07,South,Ishita Shah,Closed,On Time
PO202500430,2025-07-13,V002,Metro Business Supplies,Administration,Office Supplies,ITM003,Ergonomic Office Chair,6,7666.57,45999.42,Net 30,2025-07-28,2025-07-26,East,Meera Joshi,Closed,On Time
PO202500431,2025-11-08,V009,Urban Maintenance Co.,Administration,Facilities,ITM011,Cleaning Supplies Kit,28,1270.61,35577.08,Net 30,2025-11-17,2025-11-17,North,Meera Joshi,Closed,On Time
PO202500432,2025-06-20,V010,SafeGuard Industrial,Operations,Safety,ITM015,Safety Helmet,50,1133.37,56668.5,Net 30,2025-07-06,2025-07-05,South,Ananya Rao,Closed,On Time
PO202500433,2025-11-21,V014,Insight Advisory Services,Human Resources,Professional Services,ITM020,Audit Support - Monthly,1,53229.39,53229.39,Net 30,2025-12-01,2025-11-28,West,Neha Kapoor,Closed,On Time
PO202500434,2025-11-24,V015,TalentBridge Consulting,Administration,Professional Services,ITM021,Recruitment Service Fee,1,47060.83,47060.83,Net 45,2025-12-11,2025-12-10,East,Meera Joshi,Closed,On Time
PO202500435,2025-02-11,V006,CoreTech Solutions,Sales & Marketing,Technology,ITM004,Wireless Keyboard & Mouse,33,1743.57,57537.81,Net 45,2025-02-21,2025-02-23,West,Arjun Nair,Closed,Late
PO202500436,2025-10-12,V009,Urban Maintenance Co.,Operations,Facilities,ITM010,Printer Maintenance Kit,8,5160.66,41285.28,Net 60,2025-10-22,2025-10-22,North,Rohit Mehta,Closed,On Time
PO202600437,2026-03-14,V014,Insight Advisory Services,Human Resources,Professional Services,ITM021,Recruitment Service Fee,3,47158.97,141476.91,Net 45,2026-03-20,2026-03-17,East,Neha Kapoor,Closed,On Time
PO202500438,2025-10-23,V014,Insight Advisory Services,IT,Professional Services,ITM022,Data Reporting Support - Monthly,1,48616.62,48616.62,Net 60,2025-10-30,2025-10-27,North,Vikram Reddy,Closed,On Time
PO202600439,2026-01-20,V014,Insight Advisory Services,Human Resources,Professional Services,ITM022,Data Reporting Support - Monthly,3,48076.36,144229.08,Net 30,2026-02-06,2026-02-05,East,Neha Kapoor,Closed,On Time
PO202600440,2026-05-18,V015,TalentBridge Consulting,IT,Professional Services,ITM022,Data Reporting Support - Monthly,1,50967.04,50967.04,Net 30,2026-06-04,2026-06-10,East,Vikram Reddy,Closed,Late
PO202500441,2025-10-22,V001,Apex Office Solutions,Sales & Marketing,Office Supplies,ITM003,Ergonomic Office Chair,5,7571.79,37858.95,Net 45,2025-11-03,2025-11-03,North,Ishita Shah,Closed,On Time
PO202500442,2025-05-03,V004,Nexa Technologies,IT,Technology,ITM006,Business Laptop - Standard,6,55338.7,332032.2,Net 30,2025-05-15,2025-05-14,South,Vikram Reddy,Closed,On Time
PO202600443,2026-01-05,V003,Prime Workplace India,Administration,Facilities,ITM010,Printer Maintenance Kit,15,5822.29,87334.35,Net 45,2026-01-11,2026-01-10,West,Meera Joshi,Closed,On Time
PO202500444,2025-11-05,V015,TalentBridge Consulting,IT,Professional Services,ITM019,Training Workshop - Per Batch,1,39943.53,39943.53,Net 30,2025-11-10,2025-11-08,East,Vikram Reddy,Closed,On Time
PO202500445,2025-06-16,V003,Prime Workplace India,Operations,Office Supplies,ITM001,A4 Copier Paper - 500 Sheets,49,264.84,12977.16,Net 30,2025-07-04,2025-07-04,South,Ananya Rao,Closed,On Time
PO202600446,2026-05-07,V007,SecureNet Systems,IT,Technology,ITM007,USB-C Docking Station,13,9203.17,119641.21,Net 30,2026-05-17,2026-05-15,South,Vikram Reddy,Closed,On Time
PO202500447,2025-11-11,V002,Metro Business Supplies,Operations,Office Supplies,ITM002,Black Toner Cartridge,2,3019.03,6038.06,Net 30,2025-11-16,2025-11-13,South,Ananya Rao,Closed,On Time
PO202600448,2026-06-10,V014,Insight Advisory Services,Human Resources,Professional Services,ITM019,Training Workshop - Per Batch,1,38763.15,38763.15,Net 45,2026-06-27,2026-06-26,West,Neha Kapoor,Closed,On Time
PO202500449,2025-12-26,V011,ProSafe Equipment,Operations,Safety,ITM015,Safety Helmet,15,1083.0,16245.0,Net 30,2026-01-13,2026-01-12,South,Ananya Rao,Closed,On Time
PO202500450,2025-01-15,V016,StratEdge Partners,IT,Professional Services,ITM020,Audit Support - Monthly,1,50860.74,50860.74,Net 30,2025-01-23,2025-01-20,West,Vikram Reddy,Closed,On Time
PO202500451,2025-04-20,V014,Insight Advisory Services,Finance,Professional Services,ITM022,Data Reporting Support - Monthly,1,47063.03,47063.03,Net 30,2025-05-07,2025-05-07,West,Kavya Iyer,Closed,On Time
PO202500452,2025-02-11,V006,CoreTech Solutions,Sales & Marketing,Technology,ITM006,Business Laptop - Standard,8,54632.72,437061.76,Net 60,2025-02-19,2025-02-17,East,Arjun Nair,Closed,On Time
PO202600453,2026-01-12,V008,FacilityPro Services,Administration,Facilities,ITM010,Printer Maintenance Kit,11,5438.01,59818.11,Net 30,2026-01-18,2026-01-15,South,Meera Joshi,Closed,On Time
PO202500454,2025-03-08,V003,Prime Workplace India,Operations,Office Supplies,ITM003,Ergonomic Office Chair,4,8315.84,33263.36,Net 30,2025-03-26,2025-03-23,North,Rohit Mehta,Closed,On Time
PO202500455,2025-12-31,V006,CoreTech Solutions,Sales & Marketing,Technology,ITM007,USB-C Docking Station,8,7882.46,63059.68,Net 30,2026-01-06,2026-01-15,West,Arjun Nair,Closed,Late
PO202500456,2025-03-11,V002,Metro Business Supplies,Operations,Office Supplies,ITM002,Black Toner Cartridge,5,2898.52,14492.6,Net 45,2025-03-25,2025-03-25,East,Rohit Mehta,Closed,On Time
PO202500457,2025-07-26,V002,Metro Business Supplies,Sales & Marketing,Office Supplies,ITM002,Black Toner Cartridge,9,3025.74,27231.66,Net 30,2025-08-08,2025-08-22,East,Arjun Nair,Closed,Late
PO202600458,2026-01-28,V003,Prime Workplace India,Administration,Facilities,ITM013,Electrical Maintenance Service,5,19318.3,96591.5,Net 30,2026-02-13,2026-02-10,East,Meera Joshi,Closed,On Time
PO202500459,2025-04-23,V002,Metro Business Supplies,Sales & Marketing,Office Supplies,ITM003,Ergonomic Office Chair,9,7270.57,65435.13,Net 30,2025-05-11,2025-05-13,East,Ishita Shah,Closed,Late
PO202500460,2025-10-19,V003,Prime Workplace India,Operations,Office Supplies,ITM001,A4 Copier Paper - 500 Sheets,52,259.9,13514.8,Net 30,2025-11-02,2025-11-14,South,Rohit Mehta,Closed,Late
PO202600461,2026-02-26,V006,CoreTech Solutions,IT,Technology,ITM005,24-inch Business Monitor,2,10327.84,20655.68,Net 30,2026-03-16,2026-03-14,North,Vikram Reddy,Closed,On Time
PO202600462,2026-03-09,V009,Urban Maintenance Co.,Administration,Facilities,ITM010,Printer Maintenance Kit,6,5250.97,31505.82,Net 45,2026-03-20,2026-03-18,East,Meera Joshi,Closed,On Time
PO202500463,2025-07-30,V001,Apex Office Solutions,Sales & Marketing,Office Supplies,ITM002,Black Toner Cartridge,7,3108.91,21762.37,Net 45,2025-08-07,2025-08-07,West,Ishita Shah,Closed,On Time
PO202500464,2025-09-29,V008,FacilityPro Services,Administration,Facilities,ITM011,Cleaning Supplies Kit,50,1412.39,70619.5,Net 30,2025-10-17,2025-10-15,East,Meera Joshi,Closed,On Time
PO202500465,2025-08-03,V008,FacilityPro Services,Operations,Facilities,ITM012,LED Panel Light,17,1664.18,28291.06,Net 45,2025-08-14,2025-08-11,West,Ananya Rao,Closed,On Time
PO202600466,2026-05-27,V014,Insight Advisory Services,Administration,Professional Services,ITM022,Data Reporting Support - Monthly,3,48835.84,146507.52,Net 60,2026-06-14,2026-06-11,South,Meera Joshi,Closed,On Time
PO202600467,2026-01-09,V006,CoreTech Solutions,Finance,Technology,ITM009,Annual Software License,7,21211.51,148480.57,Net 45,2026-01-19,2026-01-19,East,Kavya Iyer,Closed,On Time
PO202500468,2025-10-21,V006,CoreTech Solutions,Finance,Technology,ITM005,24-inch Business Monitor,4,9888.49,39553.96,Net 30,2025-10-26,2025-10-24,East,Kavya Iyer,Closed,On Time
PO202500469,2025-02-07,V003,Prime Workplace India,Finance,Office Supplies,ITM002,Black Toner Cartridge,9,3319.94,29879.46,Net 60,2025-02-14,2025-02-14,East,Kavya Iyer,Closed,On Time
PO202500470,2025-03-27,V003,Prime Workplace India,Finance,Office Supplies,ITM002,Black Toner Cartridge,15,3439.43,51591.45,Net 30,2025-04-02,2025-04-01,South,Kavya Iyer,Closed,On Time
PO202500471,2025-09-01,V016,StratEdge Partners,IT,Professional Services,ITM021,Recruitment Service Fee,1,44800.23,44800.23,Net 30,2025-09-12,2025-09-12,North,Vikram Reddy,Closed,On Time
PO202600472,2026-02-23,V006,CoreTech Solutions,Sales & Marketing,Technology,ITM008,Network Switch - 24 Port,6,15981.83,95890.98,Net 60,2026-03-08,2026-03-07,West,Ishita Shah,Closed,On Time
PO202500473,2025-11-12,V016,StratEdge Partners,Administration,Professional Services,ITM019,Training Workshop - Per Batch,1,37582.46,37582.46,Net 30,2025-11-28,2025-11-27,East,Meera Joshi,Closed,On Time
PO202500474,2025-05-05,V003,Prime Workplace India,Operations,Facilities,ITM013,Electrical Maintenance Service,5,20714.82,103574.1,Net 30,2025-05-14,2025-05-13,West,Rohit Mehta,Closed,On Time
PO202600475,2026-05-19,V016,StratEdge Partners,Human Resources,Professional Services,ITM022,Data Reporting Support - Monthly,1,48134.74,48134.74,Net 30,2026-06-04,2026-06-04,North,Neha Kapoor,Closed,On Time
PO202500476,2025-07-08,V006,CoreTech Solutions,IT,Technology,ITM004,Wireless Keyboard & Mouse,25,1711.36,42784.0,Net 30,2025-07-22,2025-07-26,West,Vikram Reddy,Closed,Late
PO202500477,2025-11-24,V001,Apex Office Solutions,Administration,Office Supplies,ITM002,Black Toner Cartridge,6,3383.65,20301.9,Net 30,2025-12-11,2025-12-11,West,Meera Joshi,Closed,On Time
PO202500478,2025-08-18,V011,ProSafe Equipment,Operations,Safety,ITM016,First Aid Refill Kit,10,1956.26,19562.6,Net 30,2025-08-30,2025-08-29,East,Rohit Mehta,Closed,On Time
PO202500479,2025-06-02,V004,Nexa Technologies,Human Resources,Technology,ITM004,Wireless Keyboard & Mouse,54,1826.28,98619.12,Net 30,2025-06-14,2025-06-11,West,Neha Kapoor,Closed,On Time
PO202500480,2025-09-30,V013,MarketCraft Communications,Sales & Marketing,Marketing,ITM018,Printed Marketing Materials,1,13942.6,13942.6,Net 30,2025-10-16,2025-10-13,West,Arjun Nair,Closed,On Time
PO202500481,2025-08-30,V003,Prime Workplace India,Administration,Facilities,ITM013,Electrical Maintenance Service,6,19838.54,119031.24,Net 45,2025-09-15,2025-09-14,East,Meera Joshi,Closed,On Time
PO202500482,2025-03-16,V008,FacilityPro Services,Operations,Facilities,ITM011,Cleaning Supplies Kit,43,1339.05,57579.15,Net 30,2025-03-31,2025-03-31,East,Rohit Mehta,Closed,On Time
PO202500483,2025-02-12,V007,SecureNet Systems,Finance,Technology,ITM007,USB-C Docking Station,3,9432.14,28296.42,Net 30,2025-02-18,2025-02-15,South,Kavya Iyer,Closed,On Time
PO202500484,2025-10-15,V008,FacilityPro Services,Administration,Facilities,ITM012,LED Panel Light,21,1697.09,35638.89,Net 30,2025-10-28,2025-10-27,East,Meera Joshi,Closed,On Time
PO202600485,2026-03-27,V001,Apex Office Solutions,Operations,Office Supplies,ITM001,A4 Copier Paper - 500 Sheets,50,240.94,12047.0,Net 30,2026-04-08,2026-04-05,North,Rohit Mehta,Closed,On Time
PO202600486,2026-04-14,V005,Vertex Digital Systems,IT,Technology,ITM004,Wireless Keyboard & Mouse,23,1954.72,44958.56,Net 45,2026-04-21,2026-04-19,West,Vikram Reddy,Closed,On Time
PO202500487,2025-07-04,V009,Urban Maintenance Co.,Operations,Facilities,ITM010,Printer Maintenance Kit,11,4988.75,54876.25,Net 45,2025-07-19,2025-07-26,South,Rohit Mehta,Closed,Late
PO202500488,2025-06-07,V006,CoreTech Solutions,Human Resources,Technology,ITM009,Annual Software License,5,20813.9,104069.5,Net 60,2025-06-21,2025-06-19,East,Neha Kapoor,Closed,On Time
PO202500489,2025-05-13,V010,SafeGuard Industrial,Operations,Safety,ITM015,Safety Helmet,9,1120.85,10087.65,Net 30,2025-05-26,2025-05-23,North,Ananya Rao,Closed,On Time
PO202600490,2026-02-13,V002,Metro Business Supplies,Administration,Office Supplies,ITM002,Black Toner Cartridge,13,3060.69,39788.97,Net 30,2026-02-28,2026-03-06,East,Meera Joshi,Closed,Late
PO202500491,2025-05-15,V008,FacilityPro Services,Operations,Facilities,ITM011,Cleaning Supplies Kit,35,1403.58,49125.3,Net 30,2025-05-24,2025-05-21,East,Rohit Mehta,Closed,On Time
PO202500492,2025-07-10,V001,Apex Office Solutions,Human Resources,Office Supplies,ITM003,Ergonomic Office Chair,4,7813.39,31253.56,Net 60,2025-07-25,2025-07-24,South,Neha Kapoor,Closed,On Time
PO202600493,2026-04-25,V003,Prime Workplace India,Administration,Facilities,ITM012,LED Panel Light,24,1715.19,41164.56,Net 30,2026-05-13,2026-05-10,South,Meera Joshi,Closed,On Time
PO202500494,2025-02-16,V006,CoreTech Solutions,Sales & Marketing,Technology,ITM004,Wireless Keyboard & Mouse,57,1725.3,98342.1,Net 45,2025-02-25,2025-02-25,South,Arjun Nair,Closed,On Time
PO202600495,2026-04-19,V003,Prime Workplace India,Operations,Facilities,ITM010,Printer Maintenance Kit,5,6002.81,30014.05,Net 45,2026-04-29,2026-04-26,East,Rohit Mehta,Closed,On Time
PO202500496,2025-07-11,V011,ProSafe Equipment,Operations,Safety,ITM015,Safety Helmet,39,1059.25,41310.75,Net 30,2025-07-16,2025-07-19,East,Rohit Mehta,Closed,Late
PO202600497,2026-05-14,V016,StratEdge Partners,IT,Professional Services,ITM022,Data Reporting Support - Monthly,1,45064.83,45064.83,Net 45,2026-05-19,2026-05-19,West,Vikram Reddy,Closed,On Time
PO202500498,2025-08-03,V003,Prime Workplace India,Operations,Office Supplies,ITM002,Black Toner Cartridge,9,3496.01,31464.09,Net 30,2025-08-11,2025-08-08,East,Ananya Rao,Closed,On Time
PO202500499,2025-04-30,V011,ProSafe Equipment,Operations,Safety,ITM015,Safety Helmet,60,1095.16,65709.6,Net 30,2025-05-12,2025-05-11,East,Ananya Rao,Closed,On Time
PO202500500,2025-12-08,V003,Prime Workplace India,Sales & Marketing,Office Supplies,ITM002,Black Toner Cartridge,12,3493.1,41917.2,Net 30,2025-12-22,2025-12-20,East,Ishita Shah,Closed,On Time
PO202600501,2026-06-10,V001,Apex Office Solutions,Sales & Marketing,Office Supplies,ITM002,Black Toner Cartridge,1,3041.21,3041.21,Net 30,2026-06-21,2026-06-21,East,Ishita Shah,Closed,On Time
PO202500502,2025-04-30,V009,Urban Maintenance Co.,Administration,Facilities,ITM013,Electrical Maintenance Service,5,17082.86,85414.3,Net 30,2025-05-16,2025-05-14,West,Meera Joshi,Closed,On Time
PO202600503,2026-04-25,V007,SecureNet Systems,Finance,Technology,ITM007,USB-C Docking Station,11,9395.52,103350.72,Net 45,2026-05-10,2026-05-07,West,Kavya Iyer,Closed,On Time
PO202500504,2025-10-17,V003,Prime Workplace India,Operations,Facilities,ITM011,Cleaning Supplies Kit,36,1407.04,50653.44,Net 30,2025-10-23,2025-10-20,West,Ananya Rao,Closed,On Time
PO202500505,2025-01-19,V004,Nexa Technologies,Finance,Technology,ITM005,24-inch Business Monitor,1,11385.97,11385.97,Net 30,2025-02-05,2025-02-13,West,Kavya Iyer,Closed,Late
PO202500506,2025-08-18,V009,Urban Maintenance Co.,Administration,Facilities,ITM010,Printer Maintenance Kit,15,5236.52,78547.8,Net 45,2025-08-25,2025-08-25,East,Meera Joshi,Closed,On Time
PO202500507,2025-02-12,V003,Prime Workplace India,Operations,Office Supplies,ITM001,A4 Copier Paper - 500 Sheets,23,255.37,5873.51,Net 45,2025-02-28,2025-02-25,South,Ananya Rao,Closed,On Time
PO202600508,2026-01-08,V003,Prime Workplace India,Operations,Office Supplies,ITM002,Black Toner Cartridge,1,3469.02,3469.02,Net 30,2026-01-16,2026-01-13,West,Ananya Rao,Closed,On Time
PO202500509,2025-09-30,V014,Insight Advisory Services,IT,Professional Services,ITM020,Audit Support - Monthly,2,53446.41,106892.82,Net 30,2025-10-17,2025-10-14,East,Vikram Reddy,Closed,On Time
PO202600510,2026-03-30,V010,SafeGuard Industrial,Operations,Safety,ITM014,Safety Gloves - Box,54,718.72,38810.88,Net 45,2026-04-06,2026-04-03,West,Ananya Rao,Closed,On Time
PO202600511,2026-03-06,V016,StratEdge Partners,IT,Professional Services,ITM021,Recruitment Service Fee,1,41935.04,41935.04,Net 45,2026-03-19,2026-03-18,East,Vikram Reddy,Closed,On Time
PO202600512,2026-03-29,V016,StratEdge Partners,Administration,Professional Services,ITM022,Data Reporting Support - Monthly,1,48389.24,48389.24,Net 45,2026-04-03,2026-03-31,West,Meera Joshi,Closed,On Time
PO202500513,2025-08-07,V002,Metro Business Supplies,Sales & Marketing,Office Supplies,ITM002,Black Toner Cartridge,1,2854.51,2854.51,Net 30,2025-08-24,2025-08-22,North,Ishita Shah,Closed,On Time
PO202600514,2026-06-02,V008,FacilityPro Services,Operations,Facilities,ITM012,LED Panel Light,8,1636.64,13093.12,Net 30,2026-06-19,2026-06-19,South,Rohit Mehta,Closed,On Time
PO202500515,2025-08-28,V006,CoreTech Solutions,Finance,Technology,ITM008,Network Switch - 24 Port,4,15659.37,62637.48,Net 45,2025-09-03,2025-09-02,North,Kavya Iyer,Closed,On Time
PO202500516,2025-04-11,V014,Insight Advisory Services,Human Resources,Professional Services,ITM019,Training Workshop - Per Batch,1,37933.11,37933.11,Net 30,2025-04-23,2025-04-23,East,Neha Kapoor,Closed,On Time
PO202500517,2025-09-28,V007,SecureNet Systems,Sales & Marketing,Technology,ITM009,Annual Software License,7,23043.15,161302.05,Net 30,2025-10-16,2025-10-15,East,Arjun Nair,Closed,On Time
PO202600518,2026-04-12,V015,TalentBridge Consulting,IT,Professional Services,ITM019,Training Workshop - Per Batch,1,40150.13,40150.13,Net 30,2026-04-22,2026-04-22,South,Vikram Reddy,Closed,On Time
PO202500519,2025-11-07,V003,Prime Workplace India,Operations,Office Supplies,ITM001,A4 Copier Paper - 500 Sheets,24,261.61,6278.64,Net 30,2025-11-16,2025-11-13,North,Ananya Rao,Closed,On Time
PO202500520,2025-02-15,V003,Prime Workplace India,Sales & Marketing,Office Supplies,ITM002,Black Toner Cartridge,8,3472.7,27781.6,Net 45,2025-03-05,2025-03-04,East,Ishita Shah,Closed,On Time
PO202600521,2026-04-05,V006,CoreTech Solutions,IT,Technology,ITM008,Network Switch - 24 Port,4,15240.1,60960.4,Net 60,2026-04-16,2026-04-16,East,Vikram Reddy,Closed,On Time
PO202500522,2025-01-26,V015,TalentBridge Consulting,IT,Professional Services,ITM019,Training Workshop - Per Batch,3,38977.49,116932.47,Net 60,2025-02-08,2025-02-08,West,Vikram Reddy,Closed,On Time
PO202600523,2026-06-29,V003,Prime Workplace India,Operations,Office Supplies,ITM001,A4 Copier Paper - 500 Sheets,42,271.46,11401.32,Net 30,2026-07-11,2026-07-09,South,Rohit Mehta,Closed,On Time
PO202600524,2026-03-24,V010,SafeGuard Industrial,Operations,Safety,ITM015,Safety Helmet,11,1124.56,12370.16,Net 30,2026-04-06,2026-04-05,South,Ananya Rao,Closed,On Time
PO202500525,2025-06-23,V002,Metro Business Supplies,Administration,Office Supplies,ITM001,A4 Copier Paper - 500 Sheets,11,238.34,2621.74,Net 30,2025-07-03,2025-07-10,South,Meera Joshi,Closed,Late
PO202500526,2025-07-27,V013,MarketCraft Communications,Sales & Marketing,Marketing,ITM018,Printed Marketing Materials,1,13824.22,13824.22,Net 45,2025-08-05,2025-08-02,South,Ishita Shah,Closed,On Time
PO202500527,2025-01-30,V002,Metro Business Supplies,Operations,Office Supplies,ITM002,Black Toner Cartridge,2,2966.87,5933.74,Net 30,2025-02-07,2025-02-06,East,Rohit Mehta,Closed,On Time
PO202600528,2026-05-28,V009,Urban Maintenance Co.,Administration,Facilities,ITM011,Cleaning Supplies Kit,32,1306.86,41819.52,Net 45,2026-06-10,2026-06-10,North,Meera Joshi,Closed,On Time
PO202500529,2025-01-01,V009,Urban Maintenance Co.,Administration,Facilities,ITM012,LED Panel Light,27,1574.83,42520.41,Net 30,2025-01-19,2025-01-17,South,Meera Joshi,Closed,On Time
PO202500530,2025-04-02,V002,Metro Business Supplies,Operations,Office Supplies,ITM003,Ergonomic Office Chair,7,7146.29,50024.03,Net 60,2025-04-10,2025-04-08,North,Rohit Mehta,Closed,On Time
PO202600531,2026-04-09,V014,Insight Advisory Services,IT,Professional Services,ITM021,Recruitment Service Fee,1,47083.92,47083.92,Net 45,2026-04-14,2026-04-13,South,Vikram Reddy,Closed,On Time
PO202500532,2025-06-27,V016,StratEdge Partners,Administration,Professional Services,ITM022,Data Reporting Support - Monthly,1,46952.59,46952.59,Net 45,2025-07-10,2025-07-25,East,Meera Joshi,Closed,Late
PO202600533,2026-01-02,V006,CoreTech Solutions,IT,Technology,ITM004,Wireless Keyboard & Mouse,33,1758.02,58014.66,Net 45,2026-01-07,2026-01-09,North,Vikram Reddy,Closed,Late
PO202500534,2025-11-07,V003,Prime Workplace India,Operations,Facilities,ITM012,LED Panel Light,50,1773.19,88659.5,Net 30,2025-11-23,2025-11-23,East,Ananya Rao,Closed,On Time
PO202500535,2025-10-12,V002,Metro Business Supplies,Sales & Marketing,Office Supplies,ITM001,A4 Copier Paper - 500 Sheets,48,230.34,11056.32,Net 45,2025-10-26,2025-10-26,South,Arjun Nair,Closed,On Time
PO202500536,2025-10-08,V014,Insight Advisory Services,IT,Professional Services,ITM022,Data Reporting Support - Monthly,1,47925.13,47925.13,Net 45,2025-10-26,2025-10-23,East,Vikram Reddy,Closed,On Time
PO202600537,2026-04-23,V012,BrightReach Media,Sales & Marketing,Marketing,ITM017,Digital Marketing Campaign,3,43791.52,131374.56,Net 30,2026-05-05,2026-05-02,South,Arjun Nair,Closed,On Time
PO202500538,2025-09-13,V002,Metro Business Supplies,Finance,Office Supplies,ITM003,Ergonomic Office Chair,7,6982.04,48874.28,Net 45,2025-09-30,2025-10-14,North,Kavya Iyer,Closed,Late
PO202500539,2025-09-11,V009,Urban Maintenance Co.,Operations,Facilities,ITM010,Printer Maintenance Kit,4,5219.1,20876.4,Net 45,2025-09-17,2025-09-14,East,Ananya Rao,Closed,On Time
PO202500540,2025-02-04,V016,StratEdge Partners,Administration,Professional Services,ITM019,Training Workshop - Per Batch,2,35591.29,71182.58,Net 30,2025-02-09,2025-02-06,South,Meera Joshi,Closed,On Time
PO202600541,2026-02-16,V006,CoreTech Solutions,IT,Technology,ITM008,Network Switch - 24 Port,8,15535.07,124280.56,Net 60,2026-02-27,2026-02-24,South,Vikram Reddy,Closed,On Time
PO202500542,2025-01-27,V001,Apex Office Solutions,Finance,Office Supplies,ITM001,A4 Copier Paper - 500 Sheets,9,248.32,2234.88,Net 60,2025-02-10,2025-02-09,West,Kavya Iyer,Closed,On Time
PO202500543,2025-12-30,V014,Insight Advisory Services,IT,Professional Services,ITM020,Audit Support - Monthly,1,53650.08,53650.08,Net 30,2026-01-06,2026-01-03,North,Vikram Reddy,Closed,On Time
PO202500544,2025-05-30,V014,Insight Advisory Services,Finance,Professional Services,ITM021,Recruitment Service Fee,3,43232.73,129698.19,Net 30,2025-06-14,2025-06-14,South,Kavya Iyer,Closed,On Time
PO202500545,2025-12-19,V001,Apex Office Solutions,Operations,Office Supplies,ITM001,A4 Copier Paper - 500 Sheets,49,249.93,12246.57,Net 60,2026-01-04,2026-01-02,North,Rohit Mehta,Closed,On Time
PO202600546,2026-03-05,V001,Apex Office Solutions,Operations,Office Supplies,ITM002,Black Toner Cartridge,4,3025.05,12100.2,Net 30,2026-03-21,2026-03-20,North,Rohit Mehta,Closed,On Time
PO202500547,2025-07-30,V004,Nexa Technologies,IT,Technology,ITM006,Business Laptop - Standard,2,56883.39,113766.78,Net 45,2025-08-06,2025-08-05,North,Vikram Reddy,Closed,On Time
PO202500548,2025-01-31,V002,Metro Business Supplies,Finance,Office Supplies,ITM002,Black Toner Cartridge,9,2901.91,26117.19,Net 30,2025-02-08,2025-02-10,North,Kavya Iyer,Closed,Late
PO202500549,2025-05-21,V007,SecureNet Systems,IT,Technology,ITM006,Business Laptop - Standard,4,58921.53,235686.12,Net 60,2025-05-31,2025-05-30,East,Vikram Reddy,Closed,On Time
PO202500550,2025-05-02,V002,Metro Business Supplies,Administration,Office Supplies,ITM001,A4 Copier Paper - 500 Sheets,25,246.95,6173.75,Net 60,2025-05-16,2025-05-15,West,Meera Joshi,Closed,On Time
PO202500551,2025-06-02,V009,Urban Maintenance Co.,Operations,Facilities,ITM011,Cleaning Supplies Kit,36,1357.11,48855.96,Net 45,2025-06-10,2025-06-07,South,Ananya Rao,Closed,On Time
PO202600552,2026-06-05,V014,Insight Advisory Services,Administration,Professional Services,ITM021,Recruitment Service Fee,1,45080.28,45080.28,Net 45,2026-06-21,2026-06-18,East,Meera Joshi,Closed,On Time
PO202500553,2025-10-02,V001,Apex Office Solutions,Sales & Marketing,Office Supplies,ITM003,Ergonomic Office Chair,4,7642.11,30568.44,Net 30,2025-10-14,2025-10-11,East,Ishita Shah,Closed,On Time
PO202600554,2026-01-19,V001,Apex Office Solutions,Operations,Office Supplies,ITM002,Black Toner Cartridge,10,3123.67,31236.7,Net 30,2026-01-24,2026-01-22,East,Rohit Mehta,Closed,On Time
PO202600555,2026-02-23,V004,Nexa Technologies,Sales & Marketing,Technology,ITM007,USB-C Docking Station,5,8719.84,43599.2,Net 30,2026-03-10,2026-03-10,South,Ishita Shah,Closed,On Time
PO202500556,2025-08-22,V001,Apex Office Solutions,Operations,Office Supplies,ITM003,Ergonomic Office Chair,6,7626.05,45756.3,Net 30,2025-08-31,2025-08-29,West,Rohit Mehta,Closed,On Time
PO202500557,2025-01-13,V012,BrightReach Media,Sales & Marketing,Marketing,ITM018,Printed Marketing Materials,1,12813.75,12813.75,Net 45,2025-01-25,2025-01-22,East,Ishita Shah,Closed,On Time
PO202500558,2025-03-29,V010,SafeGuard Industrial,Operations,Safety,ITM015,Safety Helmet,40,1162.08,46483.2,Net 30,2025-04-03,2025-04-02,South,Rohit Mehta,Closed,On Time
PO202500559,2025-12-30,V006,CoreTech Solutions,Human Resources,Technology,ITM007,USB-C Docking Station,5,8278.37,41391.85,Net 60,2026-01-09,2026-01-09,West,Neha Kapoor,Closed,On Time
PO202500560,2025-03-07,V002,Metro Business Supplies,Operations,Office Supplies,ITM002,Black Toner Cartridge,15,2931.37,43970.55,Net 45,2025-03-16,2025-03-19,West,Ananya Rao,Closed,Late
PO202600561,2026-05-16,V003,Prime Workplace India,Operations,Facilities,ITM012,LED Panel Light,38,1741.14,66163.32,Net 30,2026-05-22,2026-05-20,West,Rohit Mehta,Closed,On Time
PO202600562,2026-02-25,V001,Apex Office Solutions,Administration,Office Supplies,ITM003,Ergonomic Office Chair,7,8490.27,59431.89,Net 30,2026-03-15,2026-03-14,East,Meera Joshi,Closed,On Time
PO202500563,2025-11-14,V001,Apex Office Solutions,Sales & Marketing,Office Supplies,ITM002,Black Toner Cartridge,3,3026.11,9078.33,Net 45,2025-11-26,2025-12-04,West,Ishita Shah,Closed,Late
PO202600564,2026-05-18,V001,Apex Office Solutions,Sales & Marketing,Office Supplies,ITM001,A4 Copier Paper - 500 Sheets,34,254.63,8657.42,Net 30,2026-05-28,2026-05-26,West,Ishita Shah,Closed,On Time
PO202500565,2025-09-13,V006,CoreTech Solutions,Sales & Marketing,Technology,ITM007,USB-C Docking Station,12,8255.45,99065.4,Net 60,2025-09-27,2025-10-10,West,Arjun Nair,Closed,Late
PO202500566,2025-10-26,V011,ProSafe Equipment,Operations,Safety,ITM016,First Aid Refill Kit,31,2078.36,64429.16,Net 30,2025-11-12,2025-11-10,South,Rohit Mehta,Closed,On Time
PO202600567,2026-02-24,V006,CoreTech Solutions,Finance,Technology,ITM004,Wireless Keyboard & Mouse,49,1627.25,79735.25,Net 30,2026-03-11,2026-03-08,East,Kavya Iyer,Closed,On Time
PO202600568,2026-02-11,V005,Vertex Digital Systems,Finance,Technology,ITM005,24-inch Business Monitor,8,12427.2,99417.6,Net 45,2026-02-23,2026-02-22,East,Kavya Iyer,Closed,On Time
PO202500569,2025-06-15,V001,Apex Office Solutions,Operations,Office Supplies,ITM001,A4 Copier Paper - 500 Sheets,30,246.99,7409.7,Net 30,2025-06-22,2025-07-06,North,Ananya Rao,Closed,Late
PO202600570,2026-03-28,V002,Metro Business Supplies,Operations,Office Supplies,ITM003,Ergonomic Office Chair,1,7252.44,7252.44,Net 30,2026-04-15,2026-04-15,North,Rohit Mehta,Closed,On Time
PO202500571,2025-02-23,V009,Urban Maintenance Co.,Operations,Facilities,ITM011,Cleaning Supplies Kit,20,1287.86,25757.2,Net 30,2025-03-03,2025-03-11,South,Rohit Mehta,Closed,Late
PO202500572,2025-03-06,V015,TalentBridge Consulting,Administration,Professional Services,ITM020,Audit Support - Monthly,3,53133.54,159400.62,Net 45,2025-03-12,2025-03-10,West,Meera Joshi,Closed,On Time
PO202500573,2025-05-04,V003,Prime Workplace India,Operations,Facilities,ITM011,Cleaning Supplies Kit,5,1471.74,7358.7,Net 30,2025-05-15,2025-05-14,North,Rohit Mehta,Closed,On Time
PO202500574,2025-02-14,V009,Urban Maintenance Co.,Operations,Facilities,ITM013,Electrical Maintenance Service,3,17212.34,51637.02,Net 60,2025-02-23,2025-02-21,East,Ananya Rao,Closed,On Time
PO202500575,2025-12-07,V014,Insight Advisory Services,IT,Professional Services,ITM022,Data Reporting Support - Monthly,3,46156.24,138468.72,Net 30,2025-12-19,2025-12-18,South,Vikram Reddy,Closed,On Time
PO202500576,2025-01-22,V009,Urban Maintenance Co.,Administration,Facilities,ITM011,Cleaning Supplies Kit,44,1332.49,58629.56,Net 30,2025-01-28,2025-02-04,West,Meera Joshi,Closed,Late
PO202600577,2026-01-20,V011,ProSafe Equipment,Operations,Safety,ITM016,First Aid Refill Kit,26,1994.87,51866.62,Net 30,2026-01-27,2026-01-27,East,Rohit Mehta,Closed,On Time
PO202500578,2025-01-25,V014,Insight Advisory Services,IT,Professional Services,ITM020,Audit Support - Monthly,1,50173.07,50173.07,Net 45,2025-02-11,2025-02-10,East,Vikram Reddy,Closed,On Time
PO202500579,2025-07-07,V009,Urban Maintenance Co.,Operations,Facilities,ITM010,Printer Maintenance Kit,3,5000.95,15002.85,Net 45,2025-07-15,2025-07-19,West,Ananya Rao,Closed,Late
PO202600580,2026-06-04,V015,TalentBridge Consulting,IT,Professional Services,ITM020,Audit Support - Monthly,1,54130.22,54130.22,Net 45,2026-06-18,2026-06-16,West,Vikram Reddy,Closed,On Time
PO202600581,2026-05-08,V003,Prime Workplace India,Administration,Facilities,ITM013,Electrical Maintenance Service,7,19789.53,138526.71,Net 30,2026-05-25,2026-05-22,East,Meera Joshi,Closed,On Time
PO202500582,2025-03-27,V015,TalentBridge Consulting,Administration,Professional Services,ITM020,Audit Support - Monthly,2,53786.81,107573.62,Net 30,2025-04-08,2025-04-06,East,Meera Joshi,Closed,On Time
PO202500583,2025-12-08,V001,Apex Office Solutions,Human Resources,Office Supplies,ITM001,A4 Copier Paper - 500 Sheets,51,254.2,12964.2,Net 60,2025-12-24,2025-12-21,East,Neha Kapoor,Closed,On Time
PO202600584,2026-01-29,V001,Apex Office Solutions,Sales & Marketing,Office Supplies,ITM001,A4 Copier Paper - 500 Sheets,12,236.06,2832.72,Net 30,2026-02-09,2026-02-08,East,Ishita Shah,Closed,On Time
PO202500585,2025-12-23,V002,Metro Business Supplies,Sales & Marketing,Office Supplies,ITM002,Black Toner Cartridge,15,2983.93,44758.95,Net 30,2026-01-03,2026-01-02,North,Arjun Nair,Closed,On Time
PO202500586,2025-06-01,V005,Vertex Digital Systems,Human Resources,Technology,ITM005,24-inch Business Monitor,3,12267.68,36803.04,Net 45,2025-06-06,2025-06-06,East,Neha Kapoor,Closed,On Time
PO202500587,2025-03-24,V009,Urban Maintenance Co.,Operations,Facilities,ITM011,Cleaning Supplies Kit,24,1273.65,30567.6,Net 45,2025-04-06,2025-04-03,East,Ananya Rao,Closed,On Time
PO202500588,2025-04-22,V014,Insight Advisory Services,IT,Professional Services,ITM020,Audit Support - Monthly,2,50900.58,101801.16,Net 45,2025-05-08,2025-05-07,South,Vikram Reddy,Closed,On Time
PO202500589,2025-03-13,V015,TalentBridge Consulting,Human Resources,Professional Services,ITM021,Recruitment Service Fee,1,46524.53,46524.53,Net 30,2025-03-20,2025-03-19,South,NEHA KAPOOR,Closed,On Time
PO202500590,2025-08-06,V001,Apex Office Solutions,Operations,Office Supplies,ITM001,A4 Copier Paper - 500 Sheets,31,255.1,7908.1,Net 60,2025-08-18,2025-08-18,West,Ananya Rao,Closed,On Time
PO202500591,2025-10-28,V001,Apex Office Solutions,Operations,Office Supplies,ITM002,Black Toner Cartridge,8,3090.56,24724.48,Net 30,2025-11-12,2025-11-12,South,Ananya Rao,Closed,On Time
PO202500592,2025-04-10,V016,StratEdge Partners,IT,Professional Services,ITM021,Recruitment Service Fee,1,43763.09,43763.09,Net 45,2025-04-24,2025-04-22,North,Vikram Reddy,Closed,On Time
PO202600593,2026-02-13,V009,Urban Maintenance Co.,Operations,Facilities,ITM012,LED Panel Light,60,1521.08,91264.8,Net 30,2026-03-01,2026-02-28,South,Rohit Mehta,Closed,On Time
PO202500594,2025-09-12,V002,Metro Business Supplies,Sales & Marketing,Office Supplies,ITM002,Black Toner Cartridge,1,2986.39,2986.39,Net 30,2025-09-27,2025-09-25,North,Arjun Nair,Closed,On Time
PO202500595,2025-11-30,V009,Urban Maintenance Co.,Operations,Facilities,ITM013,Electrical Maintenance Service,6,18318.67,109912.02,Net 60,2025-12-11,2025-12-08,South,Rohit Mehta,Closed,On Time
PO202500596,2025-10-28,V006,CoreTech Solutions,IT,Technology,ITM005,24-inch Business Monitor,8,9864.21,78913.68,Net 30,2025-11-04,2025-11-04,West,Vikram Reddy,Closed,On Time
PO202500597,2025-08-05,V014,Insight Advisory Services,Administration,Professional Services,ITM019,Training Workshop - Per Batch,1,39877.3,39877.3,Net 60,2025-08-12,2025-08-10,North,Meera Joshi,Closed,On Time
PO202600598,2026-05-19,V006,CoreTech Solutions,IT,Technology,ITM008,Network Switch - 24 Port,6,15502.97,93017.82,Net 45,2026-05-30,2026-05-27,East,Vikram Reddy,Closed,On Time
PO202500599,2025-08-17,V001,Apex Office Solutions,Finance,Office Supplies,ITM001,A4 Copier Paper - 500 Sheets,17,248.26,4220.42,Net 30,2025-09-02,2025-08-31,North,Kavya Iyer,Closed,On Time
PO202500600,2025-01-02,V013,MarketCraft Communications,Sales & Marketing,Marketing,ITM018,Printed Marketing Materials,1,13595.56,13595.56,Net 30,2025-01-19,2025-01-18,West,Arjun Nair,Closed,On Time
PO202600601,2026-02-09,V009,Urban Maintenance Co.,Administration,Facilities,ITM011,Cleaning Supplies Kit,19,1278.78,24296.82,Net 45,2026-02-21,2026-02-20,West,Meera Joshi,Closed,On Time
PO202500602,2025-11-24,V003,Prime Workplace India,Administration,Office Supplies,ITM002,Black Toner Cartridge,8,3657.0,29256.0,Net 30,2025-12-09,2025-12-06,East,Meera Joshi,Closed,On Time
PO202500603,2025-12-08,V006,CoreTech Solutions,IT,Technology,ITM009,Annual Software License,3,21357.15,64071.45,Net 30,2025-12-26,2025-12-23,West,Vikram Reddy,Closed,On Time
PO202600604,2026-02-06,V014,Insight Advisory Services,IT,Professional Services,ITM022,Data Reporting Support - Monthly,1,48360.29,48360.29,Net 45,2026-02-15,2026-02-14,East,Vikram Reddy,Closed,On Time
PO202500605,2025-05-15,V005,Vertex Digital Systems,IT,Technology,ITM009,Annual Software License,3,24759.68,74279.04,Net 60,2025-05-27,2025-05-25,West,Vikram Reddy,Closed,On Time
PO202500606,2025-01-10,V003,Prime Workplace India,Administration,Office Supplies,ITM003,Ergonomic Office Chair,7,9176.38,64234.66,Net 60,2025-01-21,2025-01-20,South,Meera Joshi,Closed,On Time
PO202600607,2026-05-01,V010,SafeGuard Industrial,Operations,Safety,ITM016,First Aid Refill Kit,14,2118.97,29665.58,Net 30,2026-05-16,2026-05-15,West,Rohit Mehta,Closed,On Time
PO202600608,2026-05-16,V013,MarketCraft Communications,Sales & Marketing,Marketing,ITM018,Printed Marketing Materials,1,14426.57,14426.57,Net 30,2026-06-02,2026-05-30,East,Ishita Shah,Closed,On Time
PO202500609,2025-01-12,V003,Prime Workplace India,Operations,Facilities,ITM011,Cleaning Supplies Kit,41,1461.21,59909.61,Net 45,2025-01-24,2025-01-24,West,Rohit Mehta,Closed,On Time
PO202600610,2026-03-21,V009,Urban Maintenance Co.,Operations,Facilities,ITM010,Printer Maintenance Kit,9,5378.91,48410.19,Net 30,2026-03-28,2026-03-28,East,Ananya Rao,Closed,On Time
PO202500611,2025-05-01,V013,MarketCraft Communications,Sales & Marketing,Marketing,ITM017,Digital Marketing Campaign,1,47680.53,47680.53,Net 45,2025-05-06,2025-05-05,South,Ishita Shah,Closed,On Time
PO202500612,2025-02-05,V009,Urban Maintenance Co.,Operations,Facilities,ITM012,LED Panel Light,47,1545.1,72619.7,Net 60,2025-02-10,2025-02-10,North,Rohit Mehta,Closed,On Time
PO202500613,2025-05-24,V015,TalentBridge Consulting,IT,Professional Services,ITM020,Audit Support - Monthly,1,56202.31,56202.31,Net 30,2025-06-01,2025-06-05,West,Vikram Reddy,Closed,Late
PO202500614,2025-08-10,V006,CoreTech Solutions,Finance,Technology,ITM008,Network Switch - 24 Port,5,15433.03,77165.15,Net 30,2025-08-21,2025-08-20,South,Kavya Iyer,Closed,On Time
PO202500615,2025-05-27,V011,ProSafe Equipment,Operations,Safety,ITM015,Safety Helmet,17,1117.31,18994.27,Net 30,2025-06-12,2025-06-11,West,Rohit Mehta,Closed,On Time
PO202600616,2026-03-21,V001,Apex Office Solutions,Administration,Office Supplies,ITM001,A4 Copier Paper - 500 Sheets,48,261.73,12563.04,Net 45,2026-04-03,2026-04-01,North,Meera Joshi,Closed,On Time
PO202500617,2025-10-07,V014,Insight Advisory Services,IT,Professional Services,ITM019,Training Workshop - Per Batch,1,39829.84,39829.84,Net 30,2025-10-18,2025-10-18,North,Vikram Reddy,Closed,On Time
PO202500618,2025-04-08,V015,TalentBridge Consulting,IT,Professional Services,ITM021,Recruitment Service Fee,1,49640.98,49640.98,Net 30,2025-04-18,2025-04-15,East,Vikram Reddy,Closed,On Time
PO202500619,2025-05-11,V004,Nexa Technologies,IT,Technology,ITM009,Annual Software License,5,21919.73,109598.65,Net 45,2025-05-16,2025-05-14,West,Vikram Reddy,Closed,On Time
PO202600620,2026-04-14,V003,Prime Workplace India,Administration,Facilities,ITM012,LED Panel Light,50,1762.85,88142.5,Net 60,2026-05-02,2026-05-02,East,Meera Joshi,Closed,On Time
PO202500621,2025-04-03,V001,Apex Office Solutions,Operations,Office Supplies,ITM001,A4 Copier Paper - 500 Sheets,52,236.47,12296.44,Net 45,2025-04-12,2025-04-09,South,Rohit Mehta,Closed,On Time
PO202500622,2025-05-20,V002,Metro Business Supplies,Sales & Marketing,Office Supplies,ITM003,Ergonomic Office Chair,10,7228.56,72285.6,Net 45,2025-05-28,2025-05-28,North,Arjun Nair,Closed,On Time
PO202500623,2025-02-13,V014,Insight Advisory Services,Administration,Professional Services,ITM020,Audit Support - Monthly,1,51637.8,51637.8,Net 30,2025-02-26,2025-02-26,East,Meera Joshi,Closed,On Time
PO202500624,2025-05-01,V004,Nexa Technologies,Sales & Marketing,Technology,ITM005,24-inch Business Monitor,7,11160.46,78123.22,Net 60,2025-05-09,2025-05-09,East,Arjun Nair,Closed,On Time
PO202500625,2025-12-31,V014,Insight Advisory Services,Human Resources,Professional Services,ITM021,Recruitment Service Fee,1,44616.37,44616.37,Net 30,2026-01-11,2026-01-11,West,Neha Kapoor,Closed,On Time
PO202600626,2026-06-26,V001,Apex Office Solutions,Operations,Office Supplies,ITM002,Black Toner Cartridge,5,3242.14,16210.7,Net 30,2026-07-04,,West,Rohit Mehta,Open,Open
PO202600627,2026-03-26,V014,Insight Advisory Services,Finance,Professional Services,ITM019,Training Workshop - Per Batch,1,39457.16,39457.16,Net 30,2026-04-01,2026-04-01,East,Kavya Iyer,Closed,On Time
PO202500628,2025-02-02,V003,Prime Workplace India,Operations,Facilities,ITM012,LED Panel Light,36,1772.59,63813.24,Net 30,2025-02-19,2025-02-18,East,Rohit Mehta,Closed,On Time
PO202500629,2025-05-15,V001,Apex Office Solutions,Operations,Office Supplies,ITM001,A4 Copier Paper - 500 Sheets,54,246.23,13296.42,Net 30,2025-05-30,2025-05-28,South,Rohit Mehta,Closed,On Time
PO202600630,2026-05-07,V006,CoreTech Solutions,Sales & Marketing,Technology,ITM005,24-inch Business Monitor,3,10453.25,31359.75,Net 60,2026-05-15,2026-05-15,West,Ishita Shah,Closed,On Time
PO202500631,2025-07-23,V006,CoreTech Solutions,IT,Technology,ITM009,Annual Software License,4,20782.11,83128.44,Net 30,2025-08-10,2025-08-09,West,Vikram Reddy,Closed,On Time
PO202500632,2025-02-09,V001,Apex Office Solutions,Operations,Office Supplies,ITM002,Black Toner Cartridge,14,3080.6,43128.4,Net 45,2025-02-14,2025-02-12,West,Ananya Rao,Closed,On Time
PO202500633,2025-12-11,V003,Prime Workplace India,Operations,Facilities,ITM010,Printer Maintenance Kit,5,5686.89,28434.45,Net 30,2025-12-21,2025-12-20,South,Ananya Rao,Closed,On Time
PO202500634,2025-02-11,V014,Insight Advisory Services,IT,Professional Services,ITM020,Audit Support - Monthly,3,51231.15,153693.45,Net 60,2025-02-17,2025-02-15,North,Vikram Reddy,Closed,On Time
PO202500635,2025-11-08,V005,Vertex Digital Systems,IT,Technology,ITM006,Business Laptop - Standard,6,65258.82,391552.92,Net 45,2025-11-16,2025-11-15,South,Vikram Reddy,Closed,On Time
PO202500636,2025-05-14,V012,BrightReach Media,Sales & Marketing,Marketing,ITM017,Digital Marketing Campaign,1,42005.01,42005.01,Net 30,2025-05-20,2025-05-18,East,Arjun Nair,Closed,On Time
PO202500637,2025-06-07,V010,SafeGuard Industrial,Operations,Safety,ITM016,First Aid Refill Kit,59,2203.58,130011.22,Net 60,2025-06-25,2025-06-23,East,Ananya Rao,Closed,On Time
PO202600638,2026-03-23,V004,Nexa Technologies,Human Resources,Technology,ITM004,Wireless Keyboard & Mouse,13,1785.21,23207.73,Net 30,2026-04-01,2026-04-12,West,Neha Kapoor,Closed,Late
PO202500639,2025-06-19,V001,Apex Office Solutions,Sales & Marketing,Office Supplies,ITM002,Black Toner Cartridge,3,3100.97,9302.91,Net 45,2025-06-24,2025-06-23,South,Ishita Shah,Closed,On Time
PO202600640,2026-06-22,V008,FacilityPro Services,Administration,Facilities,ITM012,LED Panel Light,7,1609.41,11265.87,Net 60,2026-07-05,2026-07-05,North,Meera Joshi,Closed,On Time
PO202500641,2025-08-04,V003,Prime Workplace India,Operations,Facilities,ITM012,LED Panel Light,40,1845.26,73810.4,Net 60,2025-08-13,2025-08-10,North,Rohit Mehta,Closed,On Time
PO202500642,2025-02-28,V009,Urban Maintenance Co.,Operations,Facilities,ITM011,Cleaning Supplies Kit,21,1276.78,26812.38,Net 45,2025-03-05,2025-03-05,East,Rohit Mehta,Closed,On Time
PO202500643,2025-08-14,V010,SafeGuard Industrial,Operations,Safety,ITM015,Safety Helmet,51,1139.26,58102.26,Net 30,2025-08-25,2025-08-22,West,Rohit Mehta,Closed,On Time
PO202500644,2025-06-30,V002,Metro Business Supplies,Sales & Marketing,Office Supplies,ITM001,A4 Copier Paper - 500 Sheets,15,219.17,3287.55,Net 30,2025-07-07,2025-07-06,South,Ishita Shah,Closed,On Time
PO202500645,2025-09-09,V006,CoreTech Solutions,Sales & Marketing,Technology,ITM004,Wireless Keyboard & Mouse,53,1636.96,86758.88,Net 30,2025-09-26,2025-09-29,South,Arjun Nair,Closed,Late
PO202500646,2025-02-14,V016,StratEdge Partners,IT,Professional Services,ITM020,Audit Support - Monthly,1,51144.51,51144.51,Net 45,2025-03-03,2025-03-16,South,Vikram Reddy,Closed,Late
PO202500647,2025-05-23,V005,Vertex Digital Systems,Sales & Marketing,Technology,ITM005,24-inch Business Monitor,4,12133.52,48534.08,Net 45,2025-05-28,2025-05-26,South,Arjun Nair,Closed,On Time
PO202500648,2025-02-15,V004,Nexa Technologies,Finance,Technology,ITM007,USB-C Docking Station,1,9089.15,9089.15,Net 30,2025-02-23,2025-02-22,North,Kavya Iyer,Closed,On Time
PO202500649,2025-04-26,V003,Prime Workplace India,Administration,Office Supplies,ITM001,A4 Copier Paper - 500 Sheets,9,273.81,2464.29,Net 60,2025-05-10,2025-05-08,South,Meera Joshi,Closed,On Time
PO202500650,2025-06-04,V002,Metro Business Supplies,Sales & Marketing,Office Supplies,ITM001,A4 Copier Paper - 500 Sheets,47,221.82,10425.54,Net 30,2025-06-19,2025-06-17,South,Ishita Shah,Closed,On Time
PO202500651,2025-03-20,V001,Apex Office Solutions,Administration,Office Supplies,ITM003,Ergonomic Office Chair,8,8047.25,64378.0,Net 45,2025-04-05,2025-04-02,South,Meera Joshi,Closed,On Time
PO202500652,2025-10-13,V002,Metro Business Supplies,Finance,Office Supplies,ITM001,A4 Copier Paper - 500 Sheets,36,225.97,8134.92,Net 45,2025-10-24,2025-10-21,North,Kavya Iyer,Closed,On Time
PO202500653,2025-09-09,V002,Metro Business Supplies,Sales & Marketing,Office Supplies,ITM003,Ergonomic Office Chair,4,7313.91,29255.64,Net 30,2025-09-20,2025-10-03,West,Arjun Nair,Closed,Late
PO202500654,2025-08-29,V002,Metro Business Supplies,Operations,Office Supplies,ITM002,Black Toner Cartridge,15,3064.8,45972.0,Net 30,2025-09-04,2025-09-11,West,Rohit Mehta,Closed,Late
PO202600655,2026-04-17,V003,Prime Workplace India,Administration,Facilities,ITM011,Cleaning Supplies Kit,52,1415.92,73627.84,Net 30,2026-04-24,2026-04-23,South,Meera Joshi,Closed,On Time
PO202600656,2026-01-16,V010,SafeGuard Industrial,Operations,Safety,ITM014,Safety Gloves - Box,15,736.98,11054.7,Net 30,2026-01-21,2026-01-20,South,Ananya Rao,Closed,On Time
PO202600657,2026-03-03,V011,ProSafe Equipment,Operations,Safety,ITM014,Safety Gloves - Box,24,699.64,16791.36,Net 30,2026-03-15,2026-03-13,South,Rohit Mehta,Closed,On Time
PO202500658,2025-04-24,V002,Metro Business Supplies,Administration,Office Supplies,ITM003,Ergonomic Office Chair,1,7729.97,7729.97,Net 45,2025-05-05,2025-05-02,North,Meera Joshi,Closed,On Time
PO202500659,2025-08-21,V001,Apex Office Solutions,Operations,Office Supplies,ITM003,Ergonomic Office Chair,12,8155.65,97867.8,Net 30,2025-08-29,2025-08-29,West,Ananya Rao,Closed,On Time
PO202600660,2026-04-25,V014,Insight Advisory Services,IT,Professional Services,ITM022,Data Reporting Support - Monthly,2,49550.43,99100.86,Net 30,2026-05-03,2026-05-03,North,Vikram Reddy,Closed,On Time
PO202500661,2025-09-03,V013,MarketCraft Communications,Sales & Marketing,Marketing,ITM017,Digital Marketing Campaign,1,47497.62,47497.62,Net 30,2025-09-11,2025-09-11,South,Arjun Nair,Closed,On Time
PO202600662,2026-05-11,V016,StratEdge Partners,Finance,Professional Services,ITM019,Training Workshop - Per Batch,2,37879.22,75758.44,Net 45,2026-05-24,2026-05-21,West,Kavya Iyer,Closed,On Time
PO202500663,2025-12-06,V006,CoreTech Solutions,IT,Technology,ITM008,Network Switch - 24 Port,7,14883.12,104181.84,Net 30,2025-12-18,2025-12-18,West,Vikram Reddy,Closed,On Time
PO202600664,2026-05-29,V016,StratEdge Partners,IT,Professional Services,ITM022,Data Reporting Support - Monthly,1,46118.23,46118.23,Net 30,2026-06-12,2026-06-09,East,Vikram Reddy,Closed,On Time
PO202600665,2026-05-25,V008,FacilityPro Services,Operations,Facilities,ITM010,Printer Maintenance Kit,3,5405.04,16215.12,Net 45,2026-06-03,2026-06-01,North,Ananya Rao,Closed,On Time
PO202500666,2025-03-14,V016,StratEdge Partners,IT,Professional Services,ITM022,Data Reporting Support - Monthly,2,47895.49,95790.98,Net 60,2025-03-29,2025-03-29,East,Vikram Reddy,Closed,On Time
PO202600667,2026-02-15,V001,Apex Office Solutions,Sales & Marketing,Office Supplies,ITM001,A4 Copier Paper - 500 Sheets,44,246.5,10846.0,Net 30,2026-02-25,2026-02-22,North,Arjun Nair,Closed,On Time
PO202500668,2025-01-09,V008,FacilityPro Services,Operations,Facilities,ITM011,Cleaning Supplies Kit,19,1399.74,26595.06,Net 30,2025-01-20,2025-01-20,East,Rohit Mehta,Closed,On Time
PO202500669,2025-04-22,V014,Insight Advisory Services,IT,Professional Services,ITM022,Data Reporting Support - Monthly,1,47500.07,47500.07,Net 30,2025-05-02,2025-04-29,East,Vikram Reddy,Closed,On Time
PO202500670,2025-10-13,V006,CoreTech Solutions,Sales & Marketing,Technology,ITM005,24-inch Business Monitor,1,10078.02,10078.02,Net 60,2025-10-27,2025-10-27,North,Ishita Shah,Closed,On Time
PO202600671,2026-04-30,V001,Apex Office Solutions,Operations,Office Supplies,ITM003,Ergonomic Office Chair,3,7664.95,22994.85,Net 30,2026-05-06,2026-05-04,North,Rohit Mehta,Closed,On Time
PO202600672,2026-03-06,V016,StratEdge Partners,IT,Professional Services,ITM020,Audit Support - Monthly,2,48842.05,97684.1,Net 30,2026-03-16,2026-03-14,North,Vikram Reddy,Closed,On Time
PO202600673,2026-05-09,V006,CoreTech Solutions,IT,Technology,ITM009,Annual Software License,7,21337.69,149363.83,Net 60,2026-05-27,2026-06-10,West,Vikram Reddy,Closed,Late
PO202500674,2025-05-29,V014,Insight Advisory Services,Administration,Professional Services,ITM021,Recruitment Service Fee,1,46830.83,46830.83,Net 45,2025-06-10,2025-06-10,East,Meera Joshi,Closed,On Time
PO202500675,2025-05-09,V001,Apex Office Solutions,Sales & Marketing,Office Supplies,ITM001,A4 Copier Paper - 500 Sheets,17,251.64,4277.88,Net 45,2025-05-20,2025-05-19,West,Ishita Shah,Closed,On Time
PO202500676,2025-01-15,V015,TalentBridge Consulting,Human Resources,Professional Services,ITM021,Recruitment Service Fee,2,49517.29,99034.58,Net 30,2025-01-30,2025-01-27,North,Neha Kapoor,Closed,On Time
PO202500677,2025-12-10,V003,Prime Workplace India,Operations,Facilities,ITM012,LED Panel Light,39,1789.41,69786.99,Net 45,2025-12-21,2025-12-18,South,Ananya Rao,Closed,On Time
PO202500678,2025-04-17,V008,FacilityPro Services,Operations,Facilities,ITM010,Printer Maintenance Kit,15,5549.34,83240.1,Net 30,2025-04-30,2025-04-27,South,Rohit Mehta,Closed,On Time
PO202600679,2026-03-07,V014,Insight Advisory Services,IT,Professional Services,ITM019,Training Workshop - Per Batch,1,38085.94,38085.94,Net 30,2026-03-17,2026-03-14,East,Vikram Reddy,Closed,On Time
PO202600680,2026-06-04,V009,Urban Maintenance Co.,Administration,Facilities,ITM012,LED Panel Light,31,1633.99,50653.69,Net 30,2026-06-19,2026-06-16,South,Meera Joshi,Closed,On Time
PO202500681,2025-11-22,V008,FacilityPro Services,Administration,Facilities,ITM011,Cleaning Supplies Kit,44,1343.55,59116.2,Net 45,2025-12-07,2025-12-07,East,Meera Joshi,Closed,On Time
PO202500682,2025-06-27,V001,Apex Office Solutions,Finance,Office Supplies,ITM002,Black Toner Cartridge,3,3225.29,9675.87,Net 45,2025-07-10,2025-07-07,North,Kavya Iyer,Closed,On Time
PO202500683,2025-11-27,V008,FacilityPro Services,Operations,Facilities,ITM010,Printer Maintenance Kit,1,5472.34,5472.34,Net 45,2025-12-11,2025-12-11,South,Ananya Rao,Closed,On Time
PO202600684,2026-04-10,V006,CoreTech Solutions,IT,Technology,ITM005,24-inch Business Monitor,4,9987.73,39950.92,Net 45,2026-04-23,2026-04-20,South,Vikram Reddy,Closed,On Time
PO202500685,2025-01-24,V012,BrightReach Media,Sales & Marketing,Marketing,ITM017,Digital Marketing Campaign,1,42572.48,42572.48,Net 30,2025-01-31,2025-01-30,East,Ishita Shah,Closed,On Time
PO202500686,2025-08-01,V012,BrightReach Media,Sales & Marketing,Marketing,ITM018,Printed Marketing Materials,1,13079.12,13079.12,Net 60,2025-08-09,2025-08-06,East,Arjun Nair,Closed,On Time
PO202500687,2025-07-04,V014,Insight Advisory Services,Administration,Professional Services,ITM019,Training Workshop - Per Batch,1,37652.41,37652.41,Net 30,2025-07-16,2025-07-16,North,Meera Joshi,Closed,On Time
PO202500688,2025-07-17,V002,Metro Business Supplies,Sales & Marketing,Office Supplies,ITM003,Ergonomic Office Chair,6,7105.06,42630.36,Net 30,2025-07-23,2025-07-23,West,Arjun Nair,Closed,On Time
PO202500689,2025-05-10,V013,MarketCraft Communications,Sales & Marketing,Marketing,ITM018,Printed Marketing Materials,2,14006.76,28013.52,Net 30,2025-05-26,2025-05-23,East,Arjun Nair,Closed,On Time
PO202500690,2025-09-14,V014,Insight Advisory Services,IT,Professional Services,ITM022,Data Reporting Support - Monthly,3,49506.42,148519.26,Net 60,2025-09-23,2025-09-22,East,Vikram Reddy,Closed,On Time
PO202600691,2026-04-02,V015,TalentBridge Consulting,IT,Professional Services,ITM019,Training Workshop - Per Batch,3,40225.15,120675.45,Net 30,2026-04-12,2026-04-12,South,Vikram Reddy,Closed,On Time
PO202600692,2026-02-24,V014,Insight Advisory Services,IT,Professional Services,ITM022,Data Reporting Support - Monthly,1,46857.19,46857.19,Net 30,2026-03-07,2026-03-05,West,Vikram Reddy,Closed,On Time
PO202600693,2026-01-16,V002,Metro Business Supplies,Finance,Office Supplies,ITM002,Black Toner Cartridge,4,3001.31,12005.24,Net 60,2026-01-28,2026-01-26,South,Kavya Iyer,Closed,On Time
PO202500694,2025-10-18,V013,MarketCraft Communications,Sales & Marketing,Marketing,ITM018,Printed Marketing Materials,1,14371.01,14371.01,Net 45,2025-11-01,2025-10-29,East,Ishita Shah,Closed,On Time
PO202500695,2025-11-24,V003,Prime Workplace India,Operations,Facilities,ITM013,Electrical Maintenance Service,2,19492.08,38984.16,Net 45,2025-11-30,2025-11-28,West,Ananya Rao,Closed,On Time
PO202500696,2025-10-19,V005,Vertex Digital Systems,IT,Technology,ITM007,USB-C Docking Station,7,9955.61,69689.27,Net 30,2025-10-24,2025-10-24,South,Vikram Reddy,Closed,On Time
PO202600697,2026-04-27,V014,Insight Advisory Services,IT,Professional Services,ITM021,Recruitment Service Fee,1,44600.59,44600.59,Net 45,2026-05-10,2026-05-07,East,Vikram Reddy,Closed,On Time
PO202600698,2026-04-11,V013,MarketCraft Communications,Sales & Marketing,Marketing,ITM018,Printed Marketing Materials,1,13327.15,13327.15,Net 30,2026-04-16,2026-04-15,North,Ishita Shah,Closed,On Time
PO202500699,2025-08-20,V009,Urban Maintenance Co.,Operations,Facilities,ITM010,Printer Maintenance Kit,5,5381.62,26908.1,Net 60,2025-09-06,2025-09-08,South,Rohit Mehta,Closed,Late
PO202600700,2026-01-24,V001,Apex Office Solutions,Operations,Office Supplies,ITM003,Ergonomic Office Chair,14,7576.65,106073.1,Net 45,2026-01-31,2026-01-28,South,Ananya Rao,Closed,On Time
PO202500701,2025-10-15,V005,Vertex Digital Systems,IT,Technology,ITM004,Wireless Keyboard & Mouse,10,1971.35,19713.5,Net 45,2025-10-25,2025-10-24,West,Vikram Reddy,Closed,On Time
PO202500702,2025-03-03,V014,Insight Advisory Services,IT,Professional Services,ITM022,Data Reporting Support - Monthly,1,46531.59,46531.59,Net 45,2025-03-21,2025-03-19,North,Vikram Reddy,Closed,On Time
PO202600703,2026-06-10,V001,Apex Office Solutions,Human Resources,Office Supplies,ITM002,Black Toner Cartridge,14,3218.56,45059.84,Net 30,2026-06-24,2026-06-23,South,Neha Kapoor,Closed,On Time
PO202500704,2025-09-04,V014,Insight Advisory Services,Human Resources,Professional Services,ITM019,Training Workshop - Per Batch,1,38295.63,38295.63,Net 30,2025-09-13,2025-09-13,West,Neha Kapoor,Closed,On Time
PO202600705,2026-02-11,V012,BrightReach Media,Sales & Marketing,Marketing,ITM018,Printed Marketing Materials,2,12110.04,24220.08,Net 30,2026-02-27,2026-02-26,East,Arjun Nair,Closed,On Time
PO202500706,2025-10-10,V006,CoreTech Solutions,Sales & Marketing,Technology,ITM004,Wireless Keyboard & Mouse,12,1714.09,20569.08,Net 45,2025-10-18,2025-10-20,West,Arjun Nair,Closed,Late
PO202600707,2026-06-29,V011,ProSafe Equipment,Operations,Safety,ITM016,First Aid Refill Kit,11,1985.57,21841.27,Net 30,2026-07-07,2026-07-05,West,Rohit Mehta,Closed,On Time
PO202500708,2025-10-22,V001,Apex Office Solutions,Finance,Office Supplies,ITM001,A4 Copier Paper - 500 Sheets,44,255.22,11229.68,Net 30,2025-11-03,2025-11-02,South,Kavya Iyer,Closed,On Time
PO202500709,2025-07-11,V001,Apex Office Solutions,Human Resources,Office Supplies,ITM003,Ergonomic Office Chair,3,7722.51,23167.53,Net 45,2025-07-20,2025-07-19,South,Neha Kapoor,Closed,On Time
PO202600710,2026-05-01,V012,BrightReach Media,Sales & Marketing,Marketing,ITM018,Printed Marketing Materials,3,12921.29,38763.87,Net 30,2026-05-16,2026-05-15,West,Arjun Nair,Closed,On Time
PO202500711,2025-04-07,V014,Insight Advisory Services,IT,Professional Services,ITM022,Data Reporting Support - Monthly,3,47595.37,142786.11,Net 30,2025-04-16,2025-04-14,South,Vikram Reddy,Closed,On Time
PO202500712,2025-11-05,V014,Insight Advisory Services,Administration,Professional Services,ITM022,Data Reporting Support - Monthly,1,49042.59,49042.59,Net 45,2025-11-12,2025-11-11,West,Meera Joshi,Closed,On Time
PO202600713,2026-05-25,V001,Apex Office Solutions,Sales & Marketing,Office Supplies,ITM002,Black Toner Cartridge,4,3235.03,12940.12,Net 60,2026-06-05,2026-06-03,East,Arjun Nair,Closed,On Time
PO202600714,2026-02-05,V003,Prime Workplace India,Administration,Facilities,ITM012,LED Panel Light,49,1786.96,87561.04,Net 30,2026-02-15,2026-02-15,East,Meera Joshi,Closed,On Time
PO202500715,2025-10-23,V010,SafeGuard Industrial,Operations,Safety,ITM014,Safety Gloves - Box,23,707.94,16282.62,Net 30,2025-11-06,2025-11-05,North,Ananya Rao,Closed,On Time
PO202500716,2025-10-29,V003,Prime Workplace India,Operations,Facilities,ITM010,Printer Maintenance Kit,7,5705.91,39941.37,Net 30,2025-11-08,2025-11-08,West,Rohit Mehta,Closed,On Time
PO202500717,2025-10-18,V003,Prime Workplace India,Sales & Marketing,Office Supplies,ITM001,A4 Copier Paper - 500 Sheets,14,268.49,3758.86,Net 30,2025-11-03,2025-11-03,South,Ishita Shah,Closed,On Time
PO202500718,2025-12-30,V014,Insight Advisory Services,IT,Professional Services,ITM022,Data Reporting Support - Monthly,1,49985.98,49985.98,Net 45,2026-01-08,2026-01-07,North,Vikram Reddy,Closed,On Time
PO202500719,2025-07-24,V001,Apex Office Solutions,Human Resources,Office Supplies,ITM002,Black Toner Cartridge,15,3108.29,46624.35,Net 30,2025-08-08,2025-08-07,East,Neha Kapoor,Closed,On Time
PO202500720,2025-05-22,V014,Insight Advisory Services,IT,Professional Services,ITM022,Data Reporting Support - Monthly,2,48095.51,96191.02,Net 30,2025-06-03,2025-06-13,East,Vikram Reddy,Closed,Late
PO202500721,2025-05-24,V002,Metro Business Supplies,Finance,Office Supplies,ITM003,Ergonomic Office Chair,9,7046.93,63422.37,Net 45,2025-06-07,2025-06-07,East,Kavya Iyer,Closed,On Time
PO202600722,2026-06-15,V003,Prime Workplace India,Operations,Office Supplies,ITM002,Black Toner Cartridge,6,3432.82,20596.92,Net 45,2026-06-29,2026-06-27,South,Ananya Rao,Closed,On Time
PO202600723,2026-06-13,V014,Insight Advisory Services,IT,Professional Services,ITM020,Audit Support - Monthly,1,53082.19,53082.19,Net 45,2026-06-22,2026-06-22,West,Vikram Reddy,Closed,On Time
PO202500724,2025-03-10,V012,BrightReach Media,Sales & Marketing,Marketing,ITM017,Digital Marketing Campaign,1,40711.63,40711.63,Net 30,2025-03-28,2025-03-25,South,Ishita Shah,Closed,On Time
PO202600725,2026-02-19,V001,Apex Office Solutions,Operations,Office Supplies,ITM003,Ergonomic Office Chair,8,7918.16,63345.28,Net 30,2026-03-09,2026-03-09,South,Ananya Rao,Closed,On Time
PO202500726,2025-09-04,V006,CoreTech Solutions,IT,Technology,ITM007,USB-C Docking Station,2,7986.02,15972.04,Net 30,2025-09-18,2025-09-16,South,Vikram Reddy,Closed,On Time
PO202600727,2026-03-03,V003,Prime Workplace India,Operations,Facilities,ITM013,Electrical Maintenance Service,5,19696.99,98484.95,Net 30,2026-03-08,2026-03-05,North,Ananya Rao,Closed,On Time
PO202600728,2026-04-15,V008,FacilityPro Services,Administration,Facilities,ITM011,Cleaning Supplies Kit,29,1381.81,40072.49,Net 30,2026-04-28,2026-04-27,North,Meera Joshi,Closed,On Time
PO202500729,2025-05-24,V014,Insight Advisory Services,IT,Professional Services,ITM022,Data Reporting Support - Monthly,2,49705.89,99411.78,Net 45,2025-06-04,2025-06-03,North,Vikram Reddy,Closed,On Time
PO202500730,2025-11-28,V003,Prime Workplace India,Sales & Marketing,Office Supplies,ITM003,Ergonomic Office Chair,1,8062.91,8062.91,Net 30,2025-12-16,2025-12-15,South,Ishita Shah,Closed,On Time
PO202600731,2026-05-03,V010,SafeGuard Industrial,Operations,Safety,ITM014,Safety Gloves - Box,51,755.76,38543.76,Net 60,2026-05-14,2026-05-11,South,Rohit Mehta,Closed,On Time
PO202500732,2025-04-28,V015,TalentBridge Consulting,IT,Professional Services,ITM021,Recruitment Service Fee,1,49401.04,49401.04,Net 30,2025-05-08,2025-05-05,West,Vikram Reddy,Closed,On Time
PO202500733,2025-09-16,V006,CoreTech Solutions,IT,Technology,ITM005,24-inch Business Monitor,4,10182.48,40729.92,Net 30,2025-09-22,2025-09-22,West,VIKRAM REDDY,Closed,On Time
PO202500734,2025-03-15,V016,StratEdge Partners,IT,Professional Services,ITM020,Audit Support - Monthly,2,51011.65,102023.3,Net 45,2025-03-28,2025-03-27,East,Vikram Reddy,Closed,On Time
PO202500735,2025-03-22,V012,BrightReach Media,Sales & Marketing,Marketing,ITM017,Digital Marketing Campaign,3,40514.59,121543.77,Net 60,2025-04-01,2025-04-16,North,Ishita Shah,Closed,Late
PO202600736,2026-01-02,V008,FacilityPro Services,Administration,Facilities,ITM010,Printer Maintenance Kit,9,5301.32,47711.88,Net 45,2026-01-16,2026-01-13,South,Meera Joshi,Closed,On Time
PO202500737,2025-02-03,V014,Insight Advisory Services,Finance,Professional Services,ITM019,Training Workshop - Per Batch,1,38351.04,38351.04,Net 30,2025-02-20,2025-02-20,South,Kavya Iyer,Closed,On Time
PO202600738,2026-03-03,V013,MarketCraft Communications,Sales & Marketing,Marketing,ITM018,Printed Marketing Materials,1,13534.75,13534.75,Net 30,2026-03-09,2026-03-19,North,Ishita Shah,Closed,Late
PO202600739,2026-05-05,V007,SecureNet Systems,IT,Technology,ITM004,Wireless Keyboard & Mouse,55,1816.0,99880.0,Net 45,2026-05-22,2026-05-19,South,Vikram Reddy,Closed,On Time
PO202500740,2025-02-23,V002,Metro Business Supplies,Human Resources,Office Supplies,ITM002,Black Toner Cartridge,2,2957.21,5914.42,Net 60,2025-03-07,2025-03-18,North,Neha Kapoor,Closed,Late
PO202500741,2025-07-18,V001,Apex Office Solutions,Administration,Office Supplies,ITM001,A4 Copier Paper - 500 Sheets,31,249.55,7736.05,Net 60,2025-08-03,2025-08-03,South,Meera Joshi,Closed,On Time
PO202500742,2025-02-28,V001,Apex Office Solutions,Operations,Office Supplies,ITM002,Black Toner Cartridge,11,3123.13,34354.43,Net 45,2025-03-08,2025-03-07,East,Ananya Rao,Closed,On Time
PO202500743,2025-03-20,V002,Metro Business Supplies,Administration,Office Supplies,ITM002,Black Toner Cartridge,15,3208.39,48125.85,Net 60,2025-04-07,2025-04-05,North,Meera Joshi,Closed,On Time
PO202500744,2025-11-23,V013,MarketCraft Communications,Sales & Marketing,Marketing,ITM018,Printed Marketing Materials,3,14073.06,42219.18,Net 60,2025-12-05,2025-12-04,West,Ishita Shah,Closed,On Time
PO202500745,2025-08-04,V007,SecureNet Systems,IT,Technology,ITM004,Wireless Keyboard & Mouse,46,1930.12,88785.52,Net 30,2025-08-21,2025-08-21,South,Vikram Reddy,Closed,On Time
PO202500746,2025-10-12,V001,Apex Office Solutions,Finance,Office Supplies,ITM001,A4 Copier Paper - 500 Sheets,36,248.64,8951.04,Net 30,2025-10-17,2025-10-14,West,Kavya Iyer,Closed,On Time
PO202600747,2026-01-24,V001,Apex Office Solutions,Human Resources,Office Supplies,ITM003,Ergonomic Office Chair,6,7868.17,47209.02,Net 60,2026-01-29,2026-01-27,North,Neha Kapoor,Closed,On Time
PO202500748,2025-01-29,V016,StratEdge Partners,IT,Professional Services,ITM022,Data Reporting Support - Monthly,1,48588.66,48588.66,Net 60,2025-02-15,2025-02-23,North,Vikram Reddy,Closed,Late
PO202600749,2026-03-11,V001,Apex Office Solutions,Sales & Marketing,Office Supplies,ITM002,Black Toner Cartridge,12,3132.1,37585.2,Net 30,2026-03-19,2026-03-19,North,Arjun Nair,Closed,On Time
PO202500750,2025-10-30,V005,Vertex Digital Systems,Human Resources,Technology,ITM006,Business Laptop - Standard,1,64401.31,64401.31,Net 45,2025-11-05,2025-11-03,West,Neha Kapoor,Closed,On Time
PO202600751,2026-04-19,V002,Metro Business Supplies,Operations,Office Supplies,ITM002,Black Toner Cartridge,4,3034.93,12139.72,Net 30,2026-04-30,2026-05-03,North,Ananya Rao,Closed,Late
PO202600752,2026-03-28,V016,StratEdge Partners,IT,Professional Services,ITM021,Recruitment Service Fee,1,42403.79,42403.79,Net 30,2026-04-04,2026-04-04,South,Vikram Reddy,Closed,On Time
PO202500753,2025-11-21,V007,SecureNet Systems,IT,Technology,ITM009,Annual Software License,1,24046.45,24046.45,Net 30,2025-12-06,2025-12-04,South,Vikram Reddy,Closed,On Time
PO202500754,2025-12-25,V012,BrightReach Media,Sales & Marketing,Marketing,ITM017,Digital Marketing Campaign,1,41551.48,41551.48,Net 30,2026-01-12,2026-01-09,East,Ishita Shah,Closed,On Time
PO202500755,2025-05-27,V007,SecureNet Systems,Sales & Marketing,Technology,ITM006,Business Laptop - Standard,6,62102.47,372614.82,Net 45,2025-06-08,2025-06-06,West,Ishita Shah,Closed,On Time
PO202500756,2025-02-15,V010,SafeGuard Industrial,Operations,Safety,ITM014,Safety Gloves - Box,25,711.95,17798.75,Net 60,2025-02-28,2025-02-26,East,Ananya Rao,Closed,On Time
PO202500757,2025-06-03,V003,Prime Workplace India,Administration,Office Supplies,ITM001,A4 Copier Paper - 500 Sheets,41,291.58,11954.78,Net 30,2025-06-16,2025-06-13,South,Meera Joshi,Closed,On Time
PO202600758,2026-06-17,V007,SecureNet Systems,Finance,Technology,ITM006,Business Laptop - Standard,6,59048.33,354289.98,Net 30,2026-06-25,2026-06-25,East,Kavya Iyer,Closed,On Time
PO202500759,2025-03-23,V006,CoreTech Solutions,Sales & Marketing,Technology,ITM009,Annual Software License,7,20080.48,140563.36,Net 60,2025-03-31,2025-03-30,West,Ishita Shah,Closed,On Time
PO202500760,2025-05-22,V014,Insight Advisory Services,IT,Professional Services,ITM021,Recruitment Service Fee,3,44854.44,134563.32,Net 60,2025-05-29,2025-05-28,East,Vikram Reddy,Closed,On Time
PO202500761,2025-06-20,V007,SecureNet Systems,Finance,Technology,ITM009,Annual Software License,3,23566.36,70699.08,Net 30,2025-07-08,2025-07-16,West,Kavya Iyer,Closed,Late
PO202500762,2025-05-16,V005,Vertex Digital Systems,Sales & Marketing,Technology,ITM007,USB-C Docking Station,9,9575.56,86180.04,Net 30,2025-05-24,2025-05-24,North,Arjun Nair,Closed,On Time
PO202500763,2025-02-16,V008,FacilityPro Services,Administration,Facilities,ITM013,Electrical Maintenance Service,7,18993.26,132952.82,Net 45,2025-02-25,2025-02-24,South,Meera Joshi,Closed,On Time
PO202500764,2025-01-08,V006,CoreTech Solutions,Human Resources,Technology,ITM007,USB-C Docking Station,9,8094.73,72852.57,Net 30,2025-01-24,2025-01-24,East,Neha Kapoor,Closed,On Time
PO202500765,2025-02-19,V014,Insight Advisory Services,Administration,Professional Services,ITM022,Data Reporting Support - Monthly,1,47739.17,47739.17,Net 60,2025-02-26,2025-03-11,West,Meera Joshi,Closed,Late
PO202600766,2026-06-16,V008,FacilityPro Services,Administration,Facilities,ITM010,Printer Maintenance Kit,5,5264.48,26322.4,Net 30,2026-06-25,2026-06-24,North,Meera Joshi,Closed,On Time
PO202500767,2025-05-25,V001,Apex Office Solutions,Sales & Marketing,Office Supplies,ITM001,A4 Copier Paper - 500 Sheets,39,255.1,9948.9,Net 30,2025-06-07,2025-06-07,South,Ishita Shah,Closed,On Time
PO202500768,2025-07-28,V008,FacilityPro Services,Administration,Facilities,ITM013,Electrical Maintenance Service,5,19143.68,95718.4,Net 30,2025-08-03,2025-08-03,East,Meera Joshi,Closed,On Time
PO202500769,2025-09-27,V009,Urban Maintenance Co.,Operations,Facilities,ITM010,Printer Maintenance Kit,12,5351.59,64219.08,Net 30,2025-10-14,2025-10-14,North,Rohit Mehta,Closed,On Time
PO202600770,2026-04-10,V013,MarketCraft Communications,Sales & Marketing,Marketing,ITM018,Printed Marketing Materials,1,13247.47,13247.47,Net 30,2026-04-26,2026-04-24,South,Arjun Nair,Closed,On Time
PO202500771,2025-09-09,V001,Apex Office Solutions,Human Resources,Office Supplies,ITM003,Ergonomic Office Chair,8,7818.02,62544.16,Net 30,2025-09-27,2025-09-24,West,Neha Kapoor,Closed,On Time
PO202500772,2025-08-08,V010,SafeGuard Industrial,Operations,Safety,ITM016,First Aid Refill Kit,31,2070.16,64174.96,Net 45,2025-08-24,2025-08-21,West,Rohit Mehta,Closed,On Time
PO202600773,2026-05-11,V009,Urban Maintenance Co.,Administration,Facilities,ITM011,Cleaning Supplies Kit,36,1322.07,47594.52,Net 30,2026-05-28,2026-05-26,North,Meera Joshi,Closed,On Time
PO202500774,2025-08-13,V009,Urban Maintenance Co.,Administration,Facilities,ITM013,Electrical Maintenance Service,7,17569.71,122987.97,Net 45,2025-08-19,2025-08-17,North,Meera Joshi,Closed,On Time
PO202600775,2026-05-16,V005,Vertex Digital Systems,IT,Technology,ITM006,Business Laptop - Standard,7,61875.94,433131.58,Net 30,2026-05-21,2026-05-19,North,Vikram Reddy,Closed,On Time
PO202600776,2026-03-12,V009,Urban Maintenance Co.,Administration,Facilities,ITM013,Electrical Maintenance Service,1,17592.8,17592.8,Net 45,2026-03-21,2026-03-20,West,Meera Joshi,Closed,On Time
PO202500777,2025-12-04,V003,Prime Workplace India,Sales & Marketing,Office Supplies,ITM001,A4 Copier Paper - 500 Sheets,50,253.79,12689.5,Net 45,2025-12-14,2025-12-14,West,Ishita Shah,Closed,On Time
PO202500778,2025-08-23,V008,FacilityPro Services,Operations,Facilities,ITM012,LED Panel Light,20,1666.11,33322.2,Net 45,2025-08-28,2025-08-30,South,Rohit Mehta,Closed,Late
PO202600779,2026-05-12,V002,Metro Business Supplies,Finance,Office Supplies,ITM001,A4 Copier Paper - 500 Sheets,7,232.85,1629.95,Net 45,2026-05-21,2026-05-18,West,Kavya Iyer,Closed,On Time
PO202500780,2025-03-28,V001,Apex Office Solutions,Sales & Marketing,Office Supplies,ITM003,Ergonomic Office Chair,14,7498.35,104976.9,Net 30,2025-04-10,2025-04-09,East,Arjun Nair,Closed,On Time
PO202500781,2025-11-16,V005,Vertex Digital Systems,Human Resources,Technology,ITM004,Wireless Keyboard & Mouse,11,2000.6,22006.6,Net 30,2025-11-25,2025-11-22,East,Neha Kapoor,Closed,On Time
PO202500782,2025-10-13,V014,Insight Advisory Services,Administration,Professional Services,ITM020,Audit Support - Monthly,2,54567.96,109135.92,Net 30,2025-10-23,2025-10-23,South,Meera Joshi,Closed,On Time
PO202500783,2025-08-26,V012,BrightReach Media,Sales & Marketing,Marketing,ITM018,Printed Marketing Materials,1,12910.89,12910.89,Net 60,2025-09-01,2025-08-31,East,Arjun Nair,Closed,On Time
PO202500784,2025-03-27,V006,CoreTech Solutions,Sales & Marketing,Technology,ITM008,Network Switch - 24 Port,4,15456.13,61824.52,Net 30,2025-04-01,2025-03-30,North,Arjun Nair,Closed,On Time
PO202500785,2025-02-07,V005,Vertex Digital Systems,Sales & Marketing,Technology,ITM004,Wireless Keyboard & Mouse,40,1955.7,78228.0,Net 30,2025-02-24,2025-02-21,West,Ishita Shah,Closed,On Time
PO202600786,2026-06-11,V006,CoreTech Solutions,IT,Technology,ITM004,Wireless Keyboard & Mouse,13,1627.9,21162.7,Net 45,2026-06-28,2026-07-08,West,Vikram Reddy,Closed,Late
PO202500787,2025-04-27,V003,Prime Workplace India,Human Resources,Office Supplies,ITM003,Ergonomic Office Chair,12,8378.11,100537.32,Net 30,2025-05-15,2025-05-12,South,Neha Kapoor,Closed,On Time
PO202500788,2025-10-29,V008,FacilityPro Services,Administration,Facilities,ITM012,LED Panel Light,46,1639.19,75402.74,Net 45,2025-11-05,2025-11-04,North,Meera Joshi,Closed,On Time
PO202600789,2026-04-29,V014,Insight Advisory Services,Administration,Professional Services,ITM020,Audit Support - Monthly,2,53266.58,106533.16,Net 30,2026-05-04,2026-05-03,South,Meera Joshi,Closed,On Time
PO202500790,2025-11-16,V001,Apex Office Solutions,Operations,Office Supplies,ITM003,Ergonomic Office Chair,10,7554.49,75544.9,Net 30,2025-11-28,2025-11-28,West,Rohit Mehta,Closed,On Time
PO202500791,2025-10-09,V008,FacilityPro Services,Administration,Facilities,ITM012,LED Panel Light,21,1697.9,35655.9,Net 30,2025-10-22,2025-10-21,West,Meera Joshi,Closed,On Time
PO202500792,2025-08-10,V003,Prime Workplace India,Finance,Office Supplies,ITM001,A4 Copier Paper - 500 Sheets,54,265.52,14338.08,Net 60,2025-08-21,2025-08-19,East,Kavya Iyer,Closed,On Time
PO202500793,2025-06-22,V003,Prime Workplace India,Operations,Office Supplies,ITM001,A4 Copier Paper - 500 Sheets,14,266.17,3726.38,Net 30,2025-06-29,2025-06-29,South,Ananya Rao,Closed,On Time
PO202600794,2026-03-12,V005,Vertex Digital Systems,Finance,Technology,ITM004,Wireless Keyboard & Mouse,54,1988.79,107394.66,Net 30,2026-03-23,2026-03-21,North,Kavya Iyer,Closed,On Time
PO202500795,2025-10-12,V015,TalentBridge Consulting,IT,Professional Services,ITM022,Data Reporting Support - Monthly,1,49992.07,49992.07,Net 30,2025-10-25,2025-10-23,North,Vikram Reddy,Closed,On Time
PO202500796,2025-08-07,V001,Apex Office Solutions,Administration,Office Supplies,ITM002,Black Toner Cartridge,1,3485.87,3485.87,Net 30,2025-08-15,2025-08-14,North,Meera Joshi,Closed,On Time
PO202500797,2025-09-17,V008,FacilityPro Services,Operations,Facilities,ITM010,Printer Maintenance Kit,7,5495.85,38470.95,Net 30,2025-09-22,2025-09-20,South,Ananya Rao,Closed,On Time
PO202600798,2026-04-11,V003,Prime Workplace India,Sales & Marketing,Office Supplies,ITM003,Ergonomic Office Chair,1,8040.85,8040.85,Net 45,2026-04-25,2026-04-24,West,Arjun Nair,Closed,On Time
PO202500799,2025-03-26,V006,CoreTech Solutions,IT,Technology,ITM007,USB-C Docking Station,2,7820.47,15640.94,Net 45,2025-04-13,2025-04-12,South,Vikram Reddy,Closed,On Time
PO202600800,2026-01-11,V009,Urban Maintenance Co.,Administration,Facilities,ITM013,Electrical Maintenance Service,2,18119.95,36239.9,Net 45,2026-01-19,2026-01-18,South,Meera Joshi,Closed,On Time
PO202600801,2026-03-31,V001,Apex Office Solutions,Sales & Marketing,Office Supplies,ITM003,Ergonomic Office Chair,14,7933.98,111075.72,Net 30,2026-04-18,2026-04-16,North,Arjun Nair,Closed,On Time
PO202500802,2025-12-16,V007,SecureNet Systems,IT,Technology,ITM008,Network Switch - 24 Port,2,16586.53,33173.06,Net 30,2025-12-23,2025-12-22,South,Vikram Reddy,Closed,On Time
PO202500803,2025-01-11,V003,Prime Workplace India,Human Resources,Office Supplies,ITM003,Ergonomic Office Chair,11,8243.35,90676.85,Net 45,2025-01-26,2025-01-25,West,Neha Kapoor,Closed,On Time
PO202500804,2025-02-24,V015,TalentBridge Consulting,Finance,Professional Services,ITM020,Audit Support - Monthly,1,54968.89,54968.89,Net 60,2025-03-05,2025-03-04,North,Kavya Iyer,Closed,On Time
PO202500805,2025-09-28,V016,StratEdge Partners,Finance,Professional Services,ITM021,Recruitment Service Fee,1,43958.77,43958.77,Net 30,2025-10-03,2025-09-30,West,Kavya Iyer,Closed,On Time
PO202500806,2025-10-23,V015,TalentBridge Consulting,IT,Professional Services,ITM019,Training Workshop - Per Batch,1,39432.71,39432.71,Net 30,2025-11-04,2025-11-04,West,Vikram Reddy,Closed,On Time
PO202500807,2025-05-24,V006,CoreTech Solutions,Finance,Technology,ITM007,USB-C Docking Station,6,8431.99,50591.94,Net 60,2025-06-09,2025-06-16,South,Kavya Iyer,Closed,Late
PO202600808,2026-03-08,V003,Prime Workplace India,Finance,Office Supplies,ITM001,A4 Copier Paper - 500 Sheets,34,258.89,8802.26,Net 30,2026-03-21,2026-03-21,East,Kavya Iyer,Closed,On Time
PO202600809,2026-02-13,V006,CoreTech Solutions,Finance,Technology,ITM006,Business Laptop - Standard,7,53417.61,373923.27,Net 45,2026-02-22,2026-02-27,South,Kavya Iyer,Closed,Late
PO202600810,2026-03-13,V003,Prime Workplace India,Administration,Facilities,ITM010,Printer Maintenance Kit,5,5633.4,28167.0,Net 60,2026-03-27,2026-03-26,West,Meera Joshi,Closed,On Time
PO202500811,2025-11-13,V008,FacilityPro Services,Operations,Facilities,ITM013,Electrical Maintenance Service,3,18526.88,55580.64,Net 30,2025-11-21,2025-11-19,West,Ananya Rao,Closed,On Time
PO202500812,2025-07-28,V006,CoreTech Solutions,IT,Technology,ITM009,Annual Software License,1,21085.25,21085.25,Net 30,2025-08-09,2025-08-12,East,Vikram Reddy,Closed,Late
PO202500813,2025-04-09,V002,Metro Business Supplies,Finance,Office Supplies,ITM002,Black Toner Cartridge,14,3049.09,42687.26,Net 45,2025-04-24,2025-04-21,South,Kavya Iyer,Closed,On Time
PO202500814,2025-01-28,V012,BrightReach Media,Sales & Marketing,Marketing,ITM018,Printed Marketing Materials,1,12564.14,12564.14,Net 60,2025-02-11,2025-02-08,West,Arjun Nair,Closed,On Time
PO202600815,2026-05-27,V008,FacilityPro Services,Operations,Facilities,ITM010,Printer Maintenance Kit,7,5501.87,38513.09,Net 45,2026-06-03,2026-05-31,East,Ananya Rao,Closed,On Time
PO202600816,2026-03-08,V006,CoreTech Solutions,Human Resources,Technology,ITM004,Wireless Keyboard & Mouse,48,1628.68,78176.64,Net 30,2026-03-24,2026-04-08,South,Neha Kapoor,Closed,Late
PO202500817,2025-11-23,V001,Apex Office Solutions,Sales & Marketing,Office Supplies,ITM002,Black Toner Cartridge,11,3209.36,35302.96,Net 30,2025-12-04,2025-12-04,North,Arjun Nair,Closed,On Time
PO202600818,2026-04-07,V014,Insight Advisory Services,IT,Professional Services,ITM021,Recruitment Service Fee,2,43924.3,87848.6,Net 30,2026-04-20,2026-04-20,North,Vikram Reddy,Closed,On Time
PO202500819,2025-07-22,V004,Nexa Technologies,Sales & Marketing,Technology,ITM007,USB-C Docking Station,2,8594.26,17188.52,Net 30,2025-08-09,2025-08-07,North,Ishita Shah,Closed,On Time
PO202600820,2026-03-12,V001,Apex Office Solutions,Finance,Office Supplies,ITM003,Ergonomic Office Chair,7,7693.85,53856.95,Net 45,2026-03-17,2026-03-15,South,Kavya Iyer,Closed,On Time
PO202500821,2025-02-07,V002,Metro Business Supplies,Human Resources,Office Supplies,ITM001,A4 Copier Paper - 500 Sheets,14,221.32,3098.48,Net 30,2025-02-22,2025-02-20,East,Neha Kapoor,Closed,On Time
PO202600822,2026-06-21,V003,Prime Workplace India,Operations,Facilities,ITM012,LED Panel Light,51,1791.7,91376.7,Net 60,2026-07-06,2026-07-06,South,Rohit Mehta,Closed,On Time
PO202500823,2025-11-06,V011,ProSafe Equipment,Operations,Safety,ITM015,Safety Helmet,10,1121.82,11218.2,Net 45,2025-11-24,2025-11-24,North,Rohit Mehta,Closed,On Time
PO202600824,2026-06-11,V006,CoreTech Solutions,IT,Technology,ITM006,Business Laptop - Standard,7,52136.7,364956.9,Net 30,2026-06-20,2026-06-19,South,Vikram Reddy,Closed,On Time
PO202500825,2025-10-07,V003,Prime Workplace India,Operations,Facilities,ITM011,Cleaning Supplies Kit,55,1446.84,79576.2,Net 30,2025-10-22,2025-10-21,North,Ananya Rao,Closed,On Time
PO202500826,2025-03-07,V015,TalentBridge Consulting,IT,Professional Services,ITM022,Data Reporting Support - Monthly,2,50350.22,100700.44,Net 30,2025-03-19,2025-03-19,North,Vikram Reddy,Closed,On Time
PO202600827,2026-04-01,V008,FacilityPro Services,Administration,Facilities,ITM011,Cleaning Supplies Kit,29,1316.66,38183.14,Net 45,2026-04-10,2026-04-10,North,Meera Joshi,Closed,On Time
PO202600828,2026-06-27,V015,TalentBridge Consulting,Finance,Professional Services,ITM022,Data Reporting Support - Monthly,3,48980.18,146940.54,Net 30,2026-07-11,2026-07-09,South,Kavya Iyer,Closed,On Time
PO202500829,2025-05-15,V001,Apex Office Solutions,Administration,Office Supplies,ITM001,A4 Copier Paper - 500 Sheets,12,254.25,3051.0,Net 45,2025-05-29,2025-05-28,East,Meera Joshi,Closed,On Time
PO202500830,2025-10-13,V003,Prime Workplace India,Human Resources,Office Supplies,ITM003,Ergonomic Office Chair,13,8733.43,113534.59,Net 30,2025-10-28,2025-10-25,East,Neha Kapoor,Closed,On Time
PO202600831,2026-04-21,V001,Apex Office Solutions,Administration,Office Supplies,ITM001,A4 Copier Paper - 500 Sheets,58,249.39,14464.62,Net 45,2026-05-01,2026-04-30,South,Meera Joshi,Closed,On Time
PO202600832,2026-02-25,V002,Metro Business Supplies,Operations,Office Supplies,ITM001,A4 Copier Paper - 500 Sheets,10,229.06,2290.6,Net 60,2026-03-11,2026-03-08,North,Ananya Rao,Closed,On Time
PO202500833,2025-06-20,V012,BrightReach Media,Sales & Marketing,Marketing,ITM018,Printed Marketing Materials,2,12676.51,25353.02,Net 60,2025-07-03,2025-07-02,West,Ishita Shah,Closed,On Time
PO202500834,2025-09-03,V001,Apex Office Solutions,Administration,Office Supplies,ITM002,Black Toner Cartridge,1,3224.92,3224.92,Net 30,2025-09-11,2025-09-08,East,Meera Joshi,Closed,On Time
PO202500835,2025-06-13,V006,CoreTech Solutions,IT,Technology,ITM004,Wireless Keyboard & Mouse,31,1719.5,53304.5,Net 60,2025-07-01,2025-06-28,South,Vikram Reddy,Closed,On Time
PO202500836,2025-01-25,V006,CoreTech Solutions,IT,Technology,ITM006,Business Laptop - Standard,1,55074.15,55074.15,Net 30,2025-02-04,2025-02-01,South,Vikram Reddy,Closed,On Time
PO202600837,2026-01-11,V001,Apex Office Solutions,Finance,Office Supplies,ITM002,Black Toner Cartridge,11,3051.54,33566.94,Net 30,2026-01-27,2026-02-09,West,Kavya Iyer,Closed,Late
PO202500838,2025-12-17,V015,TalentBridge Consulting,Human Resources,Professional Services,ITM021,Recruitment Service Fee,1,48343.88,48343.88,Net 30,2025-12-24,2025-12-24,North,Neha Kapoor,Closed,On Time
PO202500839,2025-10-26,V015,TalentBridge Consulting,IT,Professional Services,ITM022,Data Reporting Support - Monthly,1,51927.88,51927.88,Net 30,2025-11-11,2025-11-10,North,Vikram Reddy,Closed,On Time
PO202500840,2025-09-21,V001,Apex Office Solutions,Operations,Office Supplies,ITM003,Ergonomic Office Chair,5,7898.13,39490.65,Net 30,2025-10-01,2025-09-28,West,Rohit Mehta,Closed,On Time
PO202500841,2025-06-09,V001,Apex Office Solutions,Sales & Marketing,Office Supplies,ITM002,Black Toner Cartridge,11,3286.54,36151.94,Net 30,2025-06-16,2025-06-13,East,Arjun Nair,Closed,On Time
PO202500842,2025-03-08,V001,Apex Office Solutions,Finance,Office Supplies,ITM001,A4 Copier Paper - 500 Sheets,55,252.36,13879.8,Net 30,2025-03-14,2025-03-12,South,Kavya Iyer,Closed,On Time
PO202500843,2025-07-27,V011,ProSafe Equipment,Operations,Safety,ITM014,Safety Gloves - Box,22,687.88,15133.36,Net 60,2025-08-09,2025-08-09,South,Rohit Mehta,Closed,On Time
PO202600844,2026-06-20,V006,CoreTech Solutions,Finance,Technology,ITM005,24-inch Business Monitor,4,10381.29,41525.16,Net 60,2026-06-28,,North,Kavya Iyer,Open,Open
PO202500845,2025-05-16,V002,Metro Business Supplies,Operations,Office Supplies,ITM001,A4 Copier Paper - 500 Sheets,34,230.66,7842.44,Net 30,2025-05-22,2025-05-22,South,Ananya Rao,Closed,On Time
PO202600846,2026-05-05,V002,Metro Business Supplies,Operations,Office Supplies,ITM001,A4 Copier Paper - 500 Sheets,36,223.14,8033.04,Net 60,2026-05-14,2026-05-11,South,Rohit Mehta,Closed,On Time
PO202500847,2025-07-19,V005,Vertex Digital Systems,Sales & Marketing,Technology,ITM004,Wireless Keyboard & Mouse,22,1991.3,43808.6,Net 30,2025-07-31,2025-07-29,North,Ishita Shah,Closed,On Time
PO202500848,2025-09-12,V014,Insight Advisory Services,IT,Professional Services,ITM022,Data Reporting Support - Monthly,1,49348.56,49348.56,Net 30,2025-09-24,2025-10-04,West,Vikram Reddy,Closed,Late
PO202500849,2025-03-09,V005,Vertex Digital Systems,IT,Technology,ITM007,USB-C Docking Station,14,9821.79,137505.06,Net 45,2025-03-16,2025-03-16,West,Vikram Reddy,Closed,On Time
PO202600850,2026-05-29,V015,TalentBridge Consulting,IT,Professional Services,ITM019,Training Workshop - Per Batch,1,42031.36,42031.36,Net 30,2026-06-12,2026-06-10,East,Vikram Reddy,Closed,On Time
PO202500851,2025-06-11,V011,ProSafe Equipment,Operations,Safety,ITM015,Safety Helmet,54,1126.35,60822.9,Net 30,2025-06-27,2025-06-25,North,Rohit Mehta,Closed,On Time
PO202500852,2025-05-29,V014,Insight Advisory Services,IT,Professional Services,ITM022,Data Reporting Support - Monthly,2,48513.4,97026.8,Net 30,2025-06-03,2025-05-31,East,Vikram Reddy,Closed,On Time
PO202500853,2025-10-08,V006,CoreTech Solutions,IT,Technology,ITM009,Annual Software License,6,20199.24,121195.44,Net 30,2025-10-13,2025-10-10,West,Vikram Reddy,Closed,On Time
PO202600854,2026-05-31,V001,Apex Office Solutions,Finance,Office Supplies,ITM001,A4 Copier Paper - 500 Sheets,51,251.14,12808.14,Net 45,2026-06-14,2026-06-14,East,Kavya Iyer,Closed,On Time
PO202500855,2025-09-13,V004,Nexa Technologies,Sales & Marketing,Technology,ITM004,Wireless Keyboard & Mouse,22,1844.85,40586.7,Net 30,2025-09-26,2025-09-24,West,Arjun Nair,Closed,On Time
PO202500856,2025-06-04,V001,Apex Office Solutions,Sales & Marketing,Office Supplies,ITM001,A4 Copier Paper - 500 Sheets,39,242.43,9454.77,Net 45,2025-06-21,2025-06-19,West,Arjun Nair,Closed,On Time
PO202500857,2025-08-08,V014,Insight Advisory Services,Human Resources,Professional Services,ITM021,Recruitment Service Fee,1,45944.56,45944.56,Net 30,2025-08-17,2025-08-17,East,Neha Kapoor,Closed,On Time
PO202600858,2026-06-09,V013,MarketCraft Communications,Sales & Marketing,Marketing,ITM018,Printed Marketing Materials,3,13808.86,41426.58,Net 45,2026-06-19,2026-06-19,South,Arjun Nair,Closed,On Time
PO202500859,2025-03-31,V006,CoreTech Solutions,Human Resources,Technology,ITM005,24-inch Business Monitor,7,10487.98,73415.86,Net 60,2025-04-18,2025-04-15,West,Neha Kapoor,Closed,On Time
PO202500860,2025-03-16,V006,CoreTech Solutions,Sales & Marketing,Technology,ITM008,Network Switch - 24 Port,7,15693.92,109857.44,Net 30,2025-03-21,2025-03-19,East,Arjun Nair,Closed,On Time
PO202500861,2025-01-09,V015,TalentBridge Consulting,Human Resources,Professional Services,ITM020,Audit Support - Monthly,3,56724.0,170172.0,Net 45,2025-01-21,2025-01-20,North,Neha Kapoor,Closed,On Time
PO202500862,2025-07-31,V011,ProSafe Equipment,Operations,Safety,ITM016,First Aid Refill Kit,13,1922.28,24989.64,Net 30,2025-08-13,2025-08-13,North,Ananya Rao,Closed,On Time
PO202500863,2025-08-02,V009,Urban Maintenance Co.,Operations,Facilities,ITM011,Cleaning Supplies Kit,27,1269.5,34276.5,Net 30,2025-08-07,2025-08-16,East,Ananya Rao,Closed,Late
PO202500864,2025-08-02,V014,Insight Advisory Services,Human Resources,Professional Services,ITM020,Audit Support - Monthly,1,51700.76,51700.76,Net 30,2025-08-08,2025-08-08,West,Neha Kapoor,Closed,On Time
PO202500865,2025-11-21,V001,Apex Office Solutions,Operations,Office Supplies,ITM003,Ergonomic Office Chair,2,7667.21,15334.42,Net 45,2025-12-03,2025-12-11,East,Ananya Rao,Closed,Late
PO202500866,2025-12-30,V003,Prime Workplace India,Finance,Office Supplies,ITM002,Black Toner Cartridge,4,3433.46,13733.84,Net 60,2026-01-15,2026-01-12,South,Kavya Iyer,Closed,On Time
PO202500867,2025-11-28,V004,Nexa Technologies,IT,Technology,ITM008,Network Switch - 24 Port,3,16573.91,49721.73,Net 30,2025-12-14,2025-12-14,West,Vikram Reddy,Closed,On Time
PO202600868,2026-01-16,V014,Insight Advisory Services,IT,Professional Services,ITM020,Audit Support - Monthly,1,52347.05,52347.05,Net 30,2026-02-01,2026-01-31,South,Vikram Reddy,Closed,On Time
PO202500869,2025-01-31,V007,SecureNet Systems,Finance,Technology,ITM006,Business Laptop - Standard,6,58707.3,352243.8,Net 30,2025-02-05,2025-02-03,East,Kavya Iyer,Closed,On Time
PO202500870,2025-02-17,V004,Nexa Technologies,IT,Technology,ITM005,24-inch Business Monitor,4,10881.39,43525.56,Net 30,2025-02-23,2025-02-23,East,Vikram Reddy,Closed,On Time
PO202600871,2026-03-27,V001,Apex Office Solutions,Sales & Marketing,Office Supplies,ITM001,A4 Copier Paper - 500 Sheets,21,245.55,5156.55,Net 60,2026-04-03,2026-04-01,South,Ishita Shah,Closed,On Time
PO202500872,2025-07-20,V013,MarketCraft Communications,Sales & Marketing,Marketing,ITM017,Digital Marketing Campaign,2,47442.16,94884.32,Net 30,2025-07-29,2025-07-29,North,Arjun Nair,Closed,On Time
PO202500873,2025-11-05,V016,StratEdge Partners,Administration,Professional Services,ITM021,Recruitment Service Fee,2,42421.41,84842.82,Net 45,2025-11-15,2025-11-15,East,Meera Joshi,Closed,On Time
PO202500874,2025-01-15,V001,Apex Office Solutions,Operations,Office Supplies,ITM001,A4 Copier Paper - 500 Sheets,35,235.46,8241.1,Net 45,2025-01-27,2025-01-26,East,Rohit Mehta,Closed,On Time
PO202500875,2025-08-08,V015,TalentBridge Consulting,Finance,Professional Services,ITM019,Training Workshop - Per Batch,3,41044.98,123134.94,Net 30,2025-08-18,2025-08-17,East,Kavya Iyer,Closed,On Time
PO202500876,2025-09-27,V007,SecureNet Systems,Human Resources,Technology,ITM004,Wireless Keyboard & Mouse,19,1832.96,34826.24,Net 45,2025-10-09,2025-10-09,North,Neha Kapoor,Closed,On Time
PO202500877,2025-12-22,V001,Apex Office Solutions,Human Resources,Office Supplies,ITM003,Ergonomic Office Chair,15,8063.66,120954.9,Net 45,2026-01-04,2026-01-03,West,Neha Kapoor,Closed,On Time
PO202600878,2026-06-23,V010,SafeGuard Industrial,Operations,Safety,ITM016,First Aid Refill Kit,39,2137.93,83379.27,Net 30,2026-07-01,2026-06-30,West,Ananya Rao,Closed,On Time
PO202500879,2025-06-05,V003,Prime Workplace India,Administration,Facilities,ITM011,Cleaning Supplies Kit,30,1511.4,45342.0,Net 60,2025-06-14,2025-06-11,East,Meera Joshi,Closed,On Time
PO202500880,2025-11-04,V005,Vertex Digital Systems,Finance,Technology,ITM009,Annual Software License,2,25346.72,50693.44,Net 30,2025-11-09,2025-11-08,West,Kavya Iyer,Closed,On Time
PO202600881,2026-03-06,V003,Prime Workplace India,Operations,Facilities,ITM010,Printer Maintenance Kit,3,6040.41,18121.23,Net 30,2026-03-17,2026-03-16,West,Rohit Mehta,Closed,On Time
PO202500882,2025-12-02,V009,Urban Maintenance Co.,Operations,Facilities,ITM010,Printer Maintenance Kit,4,5255.85,21023.4,Net 30,2025-12-17,2025-12-17,East,Ananya Rao,Closed,On Time
PO202500883,2025-02-11,V001,Apex Office Solutions,Administration,Office Supplies,ITM003,Ergonomic Office Chair,15,8372.57,125588.55,Net 45,2025-02-27,2025-02-24,West,Meera Joshi,Closed,On Time
PO202600884,2026-01-07,V014,Insight Advisory Services,IT,Professional Services,ITM022,Data Reporting Support - Monthly,1,48836.42,48836.42,Net 60,2026-01-25,2026-01-23,North,Vikram Reddy,Closed,On Time
PO202500885,2025-03-27,V015,TalentBridge Consulting,IT,Professional Services,ITM020,Audit Support - Monthly,2,54013.46,108026.92,Net 45,2025-04-11,2025-04-08,East,Vikram Reddy,Closed,On Time
PO202500886,2025-02-13,V002,Metro Business Supplies,Sales & Marketing,Office Supplies,ITM001,A4 Copier Paper - 500 Sheets,53,221.14,11720.42,Net 45,2025-02-21,2025-02-18,South,Ishita Shah,Closed,On Time
PO202600887,2026-06-20,V006,CoreTech Solutions,Human Resources,Technology,ITM009,Annual Software License,1,20888.93,20888.93,Net 30,2026-06-28,2026-06-28,North,Neha Kapoor,Closed,On Time
PO202500888,2025-09-17,V014,Insight Advisory Services,IT,Professional Services,ITM020,Audit Support - Monthly,1,53587.76,53587.76,Net 45,2025-09-29,2025-09-27,West,Vikram Reddy,Closed,On Time
PO202500889,2025-11-26,V007,SecureNet Systems,IT,Technology,ITM007,USB-C Docking Station,10,8987.57,89875.7,Net 30,2025-12-09,2025-12-08,North,Vikram Reddy,Closed,On Time
PO202500890,2025-04-03,V016,StratEdge Partners,Finance,Professional Services,ITM020,Audit Support - Monthly,2,49340.08,98680.16,Net 60,2025-04-13,2025-04-10,West,Kavya Iyer,Closed,On Time
PO202500891,2025-11-27,V009,Urban Maintenance Co.,Operations,Facilities,ITM012,LED Panel Light,30,1597.37,47921.1,Net 30,2025-12-11,2025-12-10,East,Rohit Mehta,Closed,On Time
PO202600892,2026-06-30,V009,Urban Maintenance Co.,Operations,Facilities,ITM010,Printer Maintenance Kit,15,5320.16,79802.4,Net 30,2026-07-17,,South,Ananya Rao,Open,Open
PO202500893,2025-10-08,V010,SafeGuard Industrial,Operations,Safety,ITM014,Safety Gloves - Box,46,712.89,32792.94,Net 30,2025-10-25,2025-10-25,South,Rohit Mehta,Closed,On Time
PO202600894,2026-03-26,V001,Apex Office Solutions,Sales & Marketing,Office Supplies,ITM001,A4 Copier Paper - 500 Sheets,42,253.9,10663.8,Net 45,2026-04-06,2026-04-03,North,Ishita Shah,Closed,On Time
PO202600895,2026-03-18,V002,Metro Business Supplies,Administration,Office Supplies,ITM002,Black Toner Cartridge,12,3002.59,36031.08,Net 45,2026-03-25,2026-03-24,West,Meera Joshi,Closed,On Time
PO202500896,2025-11-18,V005,Vertex Digital Systems,IT,Technology,ITM009,Annual Software License,4,24863.59,99454.36,Net 30,2025-11-30,2025-11-30,East,Vikram Reddy,Closed,On Time
PO202600897,2026-03-23,V001,Apex Office Solutions,Administration,Office Supplies,ITM003,Ergonomic Office Chair,15,8421.16,126317.4,Net 30,2026-04-02,2026-04-01,North,Meera Joshi,Closed,On Time
PO202500898,2025-10-10,V015,TalentBridge Consulting,Administration,Professional Services,ITM019,Training Workshop - Per Batch,1,40448.08,40448.08,Net 30,2025-10-21,2025-10-18,North,Meera Joshi,Closed,On Time
PO202500899,2025-08-27,V009,Urban Maintenance Co.,Administration,Facilities,ITM011,Cleaning Supplies Kit,42,1358.49,57056.58,Net 45,2025-09-06,2025-09-06,North,Meera Joshi,Closed,On Time
PO202500900,2025-03-14,V002,Metro Business Supplies,Sales & Marketing,Office Supplies,ITM001,A4 Copier Paper - 500 Sheets,43,223.84,9625.12,Net 45,2025-03-31,2025-03-30,South,Ishita Shah,Closed,On Time
PO202500901,2025-05-03,V009,Urban Maintenance Co.,Operations,Facilities,ITM013,Electrical Maintenance Service,8,17659.06,141272.48,Net 30,2025-05-10,2025-05-09,North,Ananya Rao,Closed,On Time
PO202600902,2026-05-27,V001,Apex Office Solutions,Finance,Office Supplies,ITM001,A4 Copier Paper - 500 Sheets,10,249.47,2494.7,Net 30,2026-06-06,2026-06-06,South,Kavya Iyer,Closed,On Time
PO202500903,2025-03-02,V001,Apex Office Solutions,Operations,Office Supplies,ITM003,Ergonomic Office Chair,5,7717.46,38587.3,Net 60,2025-03-07,2025-03-05,West,Ananya Rao,Closed,On Time
PO202600904,2026-05-26,V009,Urban Maintenance Co.,Operations,Facilities,ITM010,Printer Maintenance Kit,10,5402.43,54024.3,Net 45,2026-06-05,2026-06-02,West,Ananya Rao,Closed,On Time
PO202600905,2026-04-01,V011,ProSafe Equipment,Operations,Safety,ITM014,Safety Gloves - Box,23,675.83,15544.09,Net 45,2026-04-07,2026-04-06,West,Ananya Rao,Closed,On Time
PO202600906,2026-05-25,V011,ProSafe Equipment,Operations,Safety,ITM015,Safety Helmet,40,1140.11,45604.4,Net 60,2026-06-12,2026-06-09,South,Rohit Mehta,Closed,On Time
PO202500907,2025-09-10,V009,Urban Maintenance Co.,Operations,Facilities,ITM011,Cleaning Supplies Kit,8,1249.01,9992.08,Net 45,2025-09-22,2025-09-22,South,Rohit Mehta,Closed,On Time
PO202600908,2026-06-24,V014,Insight Advisory Services,IT,Professional Services,ITM020,Audit Support - Monthly,1,50554.03,50554.03,Net 30,2026-07-03,2026-06-30,East,Vikram Reddy,Closed,On Time
PO202600909,2026-05-19,V001,Apex Office Solutions,Sales & Marketing,Office Supplies,ITM002,Black Toner Cartridge,13,3305.31,42969.03,Net 30,2026-05-28,2026-05-28,South,Arjun Nair,Closed,On Time
PO202500910,2025-04-02,V001,Apex Office Solutions,Sales & Marketing,Office Supplies,ITM003,Ergonomic Office Chair,1,7708.18,7708.18,Net 30,2025-04-15,2025-04-21,North,Arjun Nair,Closed,Late
PO202600911,2026-03-21,V013,MarketCraft Communications,Sales & Marketing,Marketing,ITM018,Printed Marketing Materials,1,13255.34,13255.34,Net 60,2026-03-27,2026-03-26,North,Arjun Nair,Closed,On Time
PO202500912,2025-07-28,V001,Apex Office Solutions,Sales & Marketing,office supplies,ITM001,A4 Copier Paper - 500 Sheets,49,243.61,11936.89,Net 60,2025-08-03,2025-08-03,North,Arjun Nair,Closed,On Time
PO202600913,2026-02-16,V002,Metro Business Supplies,Operations,Office Supplies,ITM003,Ergonomic Office Chair,7,7539.63,52777.41,Net 30,2026-03-03,2026-03-01,North,Rohit Mehta,Closed,On Time
PO202500914,2025-01-11,V016,StratEdge Partners,Human Resources,Professional Services,ITM020,Audit Support - Monthly,3,50638.71,151916.13,Net 30,2025-01-16,2025-01-13,East,Neha Kapoor,Closed,On Time
PO202500915,2025-08-17,V001,Apex Office Solutions,Operations,Office Supplies,ITM002,Black Toner Cartridge,3,3176.22,9528.66,Net 30,2025-09-02,2025-08-30,North,Rohit Mehta,Closed,On Time
PO202500916,2025-09-25,V002,Metro Business Supplies,Operations,Office Supplies,ITM001,A4 Copier Paper - 500 Sheets,13,228.95,2976.35,Net 30,2025-10-08,2025-10-05,South,Ananya Rao,Closed,On Time
PO202500917,2025-07-08,V006,CoreTech Solutions,IT,Technology,ITM005,24-inch Business Monitor,3,10124.54,30373.62,Net 45,2025-07-20,2025-07-20,West,Vikram Reddy,Closed,On Time
PO202500918,2025-11-22,V003,Prime Workplace India,Operations,Office Supplies,ITM002,Black Toner Cartridge,3,3311.76,9935.28,Net 30,2025-12-02,2025-12-02,West,Rohit Mehta,Closed,On Time
PO202600919,2026-06-02,V002,Metro Business Supplies,Operations,Office Supplies,ITM002,Black Toner Cartridge,14,2928.03,40992.42,Net 45,2026-06-14,2026-06-19,North,Ananya Rao,Closed,Late
PO202500920,2025-05-27,V001,Apex Office Solutions,Finance,Office Supplies,ITM003,Ergonomic Office Chair,1,7851.67,7851.67,Net 30,2025-06-10,2025-06-08,West,Kavya Iyer,Closed,On Time
PO202500921,2025-08-28,V002,Metro Business Supplies,Operations,Office Supplies,ITM002,Black Toner Cartridge,4,2843.86,11375.44,Net 30,2025-09-14,2025-09-14,East,Rohit Mehta,Closed,On Time
PO202500922,2025-10-17,V006,CoreTech Solutions,Human Resources,Technology,ITM005,24-inch Business Monitor,6,10346.25,62077.5,Net 30,2025-11-01,2025-10-31,North,Neha Kapoor,Closed,On Time
PO202500923,2025-05-28,V016,StratEdge Partners,IT,Professional Services,ITM021,Recruitment Service Fee,1,43349.99,43349.99,Net 30,2025-06-08,2025-06-07,East,Vikram Reddy,Closed,On Time
PO202600924,2026-02-16,V012,BrightReach Media,Sales & Marketing,Marketing,ITM018,Printed Marketing Materials,2,12469.94,24939.88,Net 30,2026-02-28,2026-02-25,North,Ishita Shah,Closed,On Time
PO202500925,2025-07-30,V006,CoreTech Solutions,IT,Technology,ITM009,Annual Software License,8,20796.43,166371.44,Net 30,2025-08-12,2025-08-09,North,Vikram Reddy,Closed,On Time
PO202600926,2026-02-07,V010,SafeGuard Industrial,Operations,Safety,ITM015,Safety Helmet,54,1202.11,64913.94,Net 30,2026-02-25,2026-02-25,North,Ananya Rao,Closed,On Time
PO202600927,2026-03-19,V006,CoreTech Solutions,Human Resources,Technology,ITM005,24-inch Business Monitor,5,10396.14,51980.7,Net 45,2026-04-04,2026-04-03,West,Neha Kapoor,Closed,On Time
PO202600928,2026-02-26,V006,CoreTech Solutions,Finance,Technology,ITM005,24-inch Business Monitor,1,10230.75,10230.75,Net 30,2026-03-13,2026-03-16,South,Kavya Iyer,Closed,Late
PO202600929,2026-01-01,V003,Prime Workplace India,Operations,Office Supplies,ITM002,Black Toner Cartridge,15,3345.78,50186.7,Net 30,2026-01-11,2026-01-08,West,Rohit Mehta,Closed,On Time
PO202500930,2025-11-07,V012,BrightReach Media,Sales & Marketing,Marketing,ITM017,Digital Marketing Campaign,3,42332.11,126996.33,Net 45,2025-11-18,2025-11-15,North,Arjun Nair,Closed,On Time
PO202600931,2026-04-30,V002,Metro Business Supplies,Operations,Office Supplies,ITM003,Ergonomic Office Chair,15,7497.85,112467.75,Net 30,2026-05-12,2026-05-11,South,Rohit Mehta,Closed,On Time
PO202500932,2025-03-12,V003,Prime Workplace India,Sales & Marketing,Office Supplies,ITM002,Black Toner Cartridge,15,3269.34,49040.1,Net 60,2025-03-29,2025-03-28,North,Ishita Shah,Closed,On Time
PO202500933,2025-03-27,V008,FacilityPro Services,Administration,Facilities,ITM010,Printer Maintenance Kit,3,5470.9,16412.7,Net 30,2025-04-06,2025-04-05,South,Meera Joshi,Closed,On Time
PO202500934,2025-11-10,V003,Prime Workplace India,Administration,Facilities,ITM010,Printer Maintenance Kit,11,6064.35,66707.85,Net 45,2025-11-22,2025-11-20,West,Meera Joshi,Closed,On Time
PO202500935,2025-01-20,V008,FacilityPro Services,Operations,Facilities,ITM013,Electrical Maintenance Service,5,18917.65,94588.25,Net 45,2025-02-05,2025-02-03,East,Rohit Mehta,Closed,On Time
PO202500936,2025-12-17,V014,Insight Advisory Services,Finance,Professional Services,ITM020,Audit Support - Monthly,2,51168.03,102336.06,Net 60,2026-01-01,2025-12-30,South,Kavya Iyer,Closed,On Time
PO202500937,2025-04-20,V002,Metro Business Supplies,Operations,office supplies,ITM001,A4 Copier Paper - 500 Sheets,10,223.59,2235.9,Net 30,2025-05-08,2025-05-21,North,Ananya Rao,Closed,Late
PO202500938,2025-06-09,V009,Urban Maintenance Co.,Administration,Facilities,ITM012,LED Panel Light,12,1535.73,18428.76,Net 60,2025-06-14,2025-06-13,South,Meera Joshi,Closed,On Time
PO202500939,2025-04-04,V004,Nexa Technologies,IT,Technology,ITM005,24-inch Business Monitor,6,10615.41,63692.46,Net 45,2025-04-19,2025-04-16,East,Vikram Reddy,Closed,On Time
PO202600940,2026-04-26,V004,Nexa Technologies,IT,Technology,ITM007,USB-C Docking Station,3,8378.08,25134.24,Net 45,2026-05-04,2026-05-03,South,Vikram Reddy,Closed,On Time
PO202500941,2025-08-22,V002,Metro Business Supplies,Sales & Marketing,Office Supplies,ITM002,Black Toner Cartridge,5,2945.9,14729.5,Net 45,2025-08-30,2025-08-28,South,Ishita Shah,Closed,On Time
PO202500942,2025-10-16,V001,Apex Office Solutions,Operations,Office Supplies,ITM002,Black Toner Cartridge,10,3231.78,32317.8,Net 45,2025-11-02,2025-11-02,East,Ananya Rao,Closed,On Time
PO202500943,2025-04-01,V015,TalentBridge Consulting,IT,Professional Services,ITM019,Training Workshop - Per Batch,1,41304.86,41304.86,Net 30,2025-04-13,2025-04-10,North,Vikram Reddy,Closed,On Time
PO202500944,2025-11-17,V004,Nexa Technologies,IT,Technology,ITM008,Network Switch - 24 Port,7,16829.14,117803.98,Net 60,2025-11-29,2025-11-27,East,Vikram Reddy,Closed,On Time
PO202600945,2026-04-21,V009,Urban Maintenance Co.,Operations,Facilities,ITM013,Electrical Maintenance Service,6,18445.58,110673.48,Net 30,2026-05-02,2026-05-01,South,Rohit Mehta,Closed,On Time
PO202500946,2025-06-26,V001,Apex Office Solutions,Administration,Office Supplies,ITM001,A4 Copier Paper - 500 Sheets,22,260.35,5727.7,Net 30,2025-07-06,2025-07-03,North,Meera Joshi,Closed,On Time
PO202500947,2025-08-22,V006,CoreTech Solutions,Sales & Marketing,Technology,ITM007,USB-C Docking Station,8,8395.78,67166.24,Net 30,2025-09-06,2025-09-09,North,Ishita Shah,Closed,Late
PO202500948,2025-10-24,V006,CoreTech Solutions,Sales & Marketing,Technology,ITM005,24-inch Business Monitor,5,9796.21,48981.05,Net 30,2025-11-08,2025-11-20,East,Arjun Nair,Closed,Late
PO202500949,2025-05-13,V014,Insight Advisory Services,Finance,Professional Services,ITM020,Audit Support - Monthly,1,54461.62,54461.62,Net 30,2025-05-18,2025-05-15,North,Kavya Iyer,Closed,On Time
PO202500950,2025-11-17,V008,FacilityPro Services,Administration,Facilities,ITM012,LED Panel Light,26,1669.72,43412.72,Net 60,2025-12-03,2025-12-02,West,Meera Joshi,Closed,On Time
PO202500951,2025-09-13,V002,Metro Business Supplies,Human Resources,Office Supplies,ITM002,Black Toner Cartridge,13,2837.52,36887.76,Net 30,2025-09-20,2025-09-20,East,Neha Kapoor,Closed,On Time
PO202500952,2025-03-10,V014,Insight Advisory Services,IT,Professional Services,ITM020,Audit Support - Monthly,2,53559.91,107119.82,Net 30,2025-03-18,2025-03-18,East,Vikram Reddy,Closed,On Time
PO202500953,2025-05-04,V003,Prime Workplace India,Operations,Office Supplies,ITM003,Ergonomic Office Chair,13,8224.32,106916.16,Net 30,2025-05-15,2025-05-15,West,Ananya Rao,Closed,On Time
PO202500954,2025-10-31,V014,Insight Advisory Services,IT,Professional Services,ITM019,Training Workshop - Per Batch,1,39133.23,39133.23,Net 45,2025-11-12,2025-11-11,North,Vikram Reddy,Closed,On Time
PO202500955,2025-10-08,V010,SafeGuard Industrial,Operations,Safety,ITM015,Safety Helmet,25,1176.35,29408.75,Net 45,2025-10-13,2025-10-11,North,Ananya Rao,Closed,On Time
PO202600956,2026-01-20,V001,Apex Office Solutions,Sales & Marketing,Office Supplies,ITM002,Black Toner Cartridge,14,3116.59,43632.26,Net 30,2026-02-06,2026-02-12,South,Arjun Nair,Closed,Late
PO202500957,2025-05-16,V001,Apex Office Solutions,Administration,Office Supplies,ITM001,A4 Copier Paper - 500 Sheets,50,253.13,12656.5,Net 60,2025-05-24,2025-05-22,North,Meera Joshi,Closed,On Time
PO202600958,2026-02-27,V008,FacilityPro Services,Operations,Facilities,ITM010,Printer Maintenance Kit,7,5495.92,38471.44,Net 45,2026-03-15,2026-03-15,East,Ananya Rao,Closed,On Time
PO202500959,2025-09-25,V010,SafeGuard Industrial,Operations,Safety,ITM016,First Aid Refill Kit,49,2158.88,105785.12,Net 30,2025-10-03,2025-10-03,West,Ananya Rao,Closed,On Time
PO202500960,2025-05-21,V006,CoreTech Solutions,Finance,Technology,ITM009,Annual Software License,5,20596.26,102981.3,Net 45,2025-06-02,2025-06-15,South,Kavya Iyer,Closed,Late
PO202500961,2025-07-24,V010,SafeGuard Industrial,Operations,Safety,ITM015,Safety Helmet,42,1188.41,49913.22,Net 30,2025-08-03,2025-08-02,West,Ananya Rao,Closed,On Time
PO202500962,2025-10-16,V016,StratEdge Partners,Human Resources,Professional Services,ITM020,Audit Support - Monthly,1,51846.04,51846.04,Net 30,2025-10-26,2025-10-24,North,Neha Kapoor,Closed,On Time
PO202500963,2025-01-30,V014,Insight Advisory Services,Administration,Professional Services,ITM022,Data Reporting Support - Monthly,2,46566.84,93133.68,Net30,2025-02-16,2025-02-15,North,Meera Joshi,Closed,On Time
PO202500964,2025-11-07,V011,ProSafe Equipment,Operations,Safety,ITM014,Safety Gloves - Box,21,711.08,14932.68,Net 30,2025-11-15,2025-11-13,West,Rohit Mehta,Closed,On Time
PO202500965,2025-07-31,V016,StratEdge Partners,IT,Professional Services,ITM022,Data Reporting Support - Monthly,1,47219.44,47219.44,Net 45,2025-08-12,2025-08-10,West,Vikram Reddy,Closed,On Time
PO202500966,2025-02-01,V003,Prime Workplace India,Administration,Facilities,ITM010,Printer Maintenance Kit,10,5745.23,57452.3,Net 30,2025-02-08,2025-02-06,West,Meera Joshi,Closed,On Time
PO202600967,2026-01-17,V002,Metro Business Supplies,Human Resources,Office Supplies,ITM002,Black Toner Cartridge,5,3049.22,15246.1,Net 30,2026-01-24,2026-01-23,South,Neha Kapoor,Closed,On Time
PO202500968,2025-06-28,V003,Prime Workplace India,Operations,Office Supplies,ITM002,Black Toner Cartridge,9,3411.55,30703.95,Net 30,2025-07-07,2025-07-04,West,Ananya Rao,Closed,On Time
PO202500969,2025-03-08,V001,Apex Office Solutions,Human Resources,Office Supplies,ITM002,Black Toner Cartridge,3,3156.03,9468.09,Net 45,2025-03-13,2025-03-13,North,Neha Kapoor,Closed,On Time
PO202600970,2026-05-06,V007,SecureNet Systems,Finance,Technology,ITM006,Business Laptop - Standard,8,58293.19,466345.52,Net 30,2026-05-23,2026-06-04,East,Kavya Iyer,Closed,Late
PO202500971,2025-02-18,V009,Urban Maintenance Co.,Operations,Facilities,ITM013,Electrical Maintenance Service,6,17920.07,107520.42,Net 30,2025-03-05,2025-03-04,North,Rohit Mehta,Closed,On Time
PO202500972,2025-06-28,V014,Insight Advisory Services,Human Resources,Professional Services,ITM021,Recruitment Service Fee,2,45924.26,91848.52,Net 60,2025-07-13,2025-07-11,South,Neha Kapoor,Closed,On Time
PO202500973,2025-05-21,V016,StratEdge Partners,Finance,Professional Services,ITM022,Data Reporting Support - Monthly,1,48308.89,48308.89,Net 45,2025-05-26,2025-05-25,West,Kavya Iyer,Closed,On Time
PO202600974,2026-02-10,V002,Metro Business Supplies,Human Resources,Office Supplies,ITM003,Ergonomic Office Chair,10,7303.05,73030.5,Net 45,2026-02-15,2026-02-14,North,Neha Kapoor,Closed,On Time
PO202500975,2025-04-30,V015,TalentBridge Consulting,IT,Professional Services,ITM022,Data Reporting Support - Monthly,1,52596.82,52596.82,Net 45,2025-05-14,2025-05-11,South,Vikram Reddy,Closed,On Time
PO202600976,2026-04-10,V004,Nexa Technologies,IT,Technology,ITM009,Annual Software License,2,22742.89,45485.78,Net 45,2026-04-22,2026-04-22,North,Vikram Reddy,Closed,On Time
PO202600977,2026-02-20,V011,ProSafe Equipment,Operations,Safety,ITM014,Safety Gloves - Box,6,668.4,4010.4,Net 30,2026-02-25,2026-02-24,South,Ananya Rao,Closed,On Time
PO202500978,2025-09-17,V003,Prime Workplace India,Operations,Facilities,ITM013,Electrical Maintenance Service,6,20067.78,120406.68,Net 30,2025-09-28,2025-09-26,East,Ananya Rao,Closed,On Time
PO202600979,2026-05-27,V011,ProSafe Equipment,Operations,Safety,ITM015,Safety Helmet,39,1086.53,42374.67,Net 45,2026-06-13,2026-06-26,North,Rohit Mehta,Closed,Late
PO202500980,2025-01-28,V001,Apex Office Solutions,Administration,Office Supplies,ITM002,Black Toner Cartridge,4,3233.1,12932.4,Net 30,2025-02-13,2025-02-13,North,Meera Joshi,Closed,On Time
PO202600981,2026-04-26,V004,Nexa Technologies,Finance,Technology,ITM007,USB-C Docking Station,1,8695.44,8695.44,Net 60,2026-05-11,2026-05-11,East,Kavya Iyer,Closed,On Time
PO202600982,2026-05-30,V006,CoreTech Solutions,Finance,technology,ITM007,USB-C Docking Station,12,8165.49,97985.88,Net 45,2026-06-04,2026-06-04,East,Kavya Iyer,Closed,On Time
PO202600983,2026-04-08,V008,FacilityPro Services,Operations,Facilities,ITM012,LED Panel Light,58,1685.99,97787.42,Net 30,2026-04-14,2026-04-11,East,Ananya Rao,Closed,On Time
PO202600984,2026-01-21,V003,Prime Workplace India,Operations,Facilities,ITM013,Electrical Maintenance Service,2,19795.4,39590.8,Net 45,2026-01-27,2026-01-26,South,Rohit Mehta,Closed,On Time
PO202600985,2026-05-24,V006,CoreTech Solutions,IT,Technology,ITM009,Annual Software License,2,20934.52,41869.04,Net 30,2026-06-04,2026-06-02,East,Vikram Reddy,Closed,On Time
PO202500986,2025-03-08,V014,Insight Advisory Services,Administration,Professional Services,ITM021,Recruitment Service Fee,1,45253.81,45253.81,Net 30,2025-03-15,2025-03-14,West,Meera Joshi,Closed,On Time
PO202600987,2026-01-18,V002,Metro Business Supplies,Sales & Marketing,Office Supplies,ITM001,A4 Copier Paper - 500 Sheets,7,221.11,1547.77,Net 30,2026-01-26,2026-02-01,East,Arjun Nair,Closed,Late
PO202600988,2026-01-16,V006,CoreTech Solutions,IT,Technology,ITM008,Network Switch - 24 Port,1,15482.18,15482.18,Net 30,2026-01-25,2026-01-24,West,Vikram Reddy,Closed,On Time
PO202500989,2025-08-07,V004,Nexa Technologies,Sales & Marketing,Technology,ITM005,24-inch Business Monitor,2,10920.1,21840.2,Net 60,2025-08-14,2025-08-13,South,Ishita Shah,Closed,On Time
PO202500990,2025-03-16,V016,StratEdge Partners,Finance,Professional Services,ITM021,Recruitment Service Fee,2,45156.7,90313.4,Net 60,2025-03-21,2025-03-21,East,Kavya Iyer,Closed,On Time
PO202600991,2026-01-18,V012,BrightReach Media,Sales & Marketing,Marketing,ITM017,Digital Marketing Campaign,3,43908.69,131726.07,Net 30,2026-01-29,2026-01-28,North,Ishita Shah,Closed,On Time
PO202500992,2025-03-18,V001,Apex Office Solutions,Operations,Office Supplies,ITM003,Ergonomic Office Chair,3,8113.94,24341.82,Net 30,2025-04-04,2025-04-02,North,Rohit Mehta,Closed,On Time
PO202500993,2025-12-16,V007,SecureNet Systems,Sales & Marketing,Technology,ITM006,Business Laptop - Standard,8,59806.77,478454.16,Net 30,2025-12-27,2025-12-26,South,Ishita Shah,Closed,On Time
PO202500994,2025-12-17,V013,MarketCraft Communications,Sales & Marketing,Marketing,ITM018,Printed Marketing Materials,1,14356.02,14356.02,Net 60,2025-12-31,2025-12-29,North,Arjun Nair,Closed,On Time
PO202500995,2025-07-15,V014,Insight Advisory Services,Finance,Professional Services,ITM022,Data Reporting Support - Monthly,1,48662.33,48662.33,Net 45,2025-08-01,2025-07-31,North,Kavya Iyer,Closed,On Time
PO202500996,2025-11-25,V004,Nexa Technologies,Human Resources,Technology,ITM005,24-inch Business Monitor,5,11250.91,56254.55,Net 30,2025-12-10,2025-12-08,East,Neha Kapoor,Closed,On Time
PO202500997,2025-09-09,V014,Insight Advisory Services,IT,Professional Services,ITM021,Recruitment Service Fee,1,45654.23,45654.23,Net 30,2025-09-15,2025-09-12,West,Vikram Reddy,Closed,On Time
PO202600998,2026-05-22,V015,TalentBridge Consulting,Administration,Professional Services,ITM021,Recruitment Service Fee,1,47597.18,47597.18,Net 45,2026-05-27,2026-05-24,East,Meera Joshi,Closed,On Time
PO202600999,2026-02-01,V002,Metro Business Supplies,Operations,Office Supplies,ITM002,Black Toner Cartridge,1,3074.44,3074.44,Net 30,2026-02-19,2026-02-22,North,Ananya Rao,Closed,Late
PO202601000,2026-03-10,V014,Insight Advisory Services,Administration,Professional Services,ITM019,Training Workshop - Per Batch,3,37634.61,112903.83,Net 30,2026-03-26,2026-03-23,West,Meera Joshi,Closed,On Time
PO202501001,2025-06-05,V013,MarketCraft Communications,Sales & Marketing,Marketing,ITM017,Digital Marketing Campaign,1,47782.85,47782.85,Net 30,2025-06-18,2025-06-17,North,Ishita Shah,Closed,On Time
PO202501002,2025-05-08,V006,CoreTech Solutions,IT,Technology,ITM005,24-inch Business Monitor,3,9936.26,29808.78,Net 30,2025-05-16,2025-05-16,North,Vikram Reddy,Closed,On Time
PO202601003,2026-01-31,V002,Metro Business Supplies,Operations,Office Supplies,ITM002,Black Toner Cartridge,12,2928.99,35147.88,Net 30,2026-02-11,2026-02-08,North,Ananya Rao,Closed,On Time
PO202601004,2026-05-19,V003,Prime Workplace India,Administration,Facilities,ITM012,LED Panel Light,29,1775.53,51490.37,Net 30,2026-06-06,2026-06-05,South,Meera Joshi,Closed,On Time
PO202501005,2025-08-01,V015,TalentBridge Consulting,Finance,Professional Services,ITM020,Audit Support - Monthly,2,57372.24,114744.48,Net 45,2025-08-15,2025-08-15,West,Kavya Iyer,Closed,On Time
PO202501006,2025-01-23,V014,Insight Advisory Services,Finance,Professional Services,ITM019,Training Workshop - Per Batch,2,38956.69,77913.38,Net 30,2025-01-29,2025-01-27,North,Kavya Iyer,Closed,On Time
PO202601007,2026-05-06,V011,ProSafe Equipment,Operations,Safety,ITM016,First Aid Refill Kit,17,2010.53,34179.01,Net 30,2026-05-24,2026-06-01,West,Ananya Rao,Closed,Late
PO202501008,2025-06-12,V004,Nexa Technologies,IT,Technology,ITM006,Business Laptop - Standard,8,59845.69,478765.52,Net 30,2025-06-19,2025-06-16,West,Vikram Reddy,Closed,On Time
PO202601009,2026-02-24,V013,MarketCraft Communications,Sales & Marketing,Marketing,ITM017,Digital Marketing Campaign,1,46732.91,46732.91,Net 60,2026-03-05,2026-03-02,West,Arjun Nair,Closed,On Time
PO202501010,2025-07-20,V003,Prime Workplace India,Operations,Office Supplies,ITM002,Black Toner Cartridge,2,3289.9,6579.8,Net 45,2025-08-06,2025-08-04,West,Ananya Rao,Closed,On Time
PO202501011,2025-10-06,V010,SafeGuard Industrial,Operations,Safety,ITM014,Safety Gloves - Box,35,709.04,24816.4,Net 60,2025-10-13,2025-10-12,North,Rohit Mehta,Closed,On Time
PO202601012,2026-04-19,V001,Apex Office Solutions,Operations,Office Supplies,ITM003,Ergonomic Office Chair,13,7937.38,103185.94,Net 30,2026-04-24,2026-05-02,North,Rohit Mehta,Closed,Late
PO202601013,2026-02-09,V016,StratEdge Partners,IT,Professional Services,ITM021,Recruitment Service Fee,2,44172.6,88345.2,Net 30,2026-02-26,2026-02-23,East,Vikram Reddy,Closed,On Time
PO202501014,2025-02-07,V004,Nexa Technologies,Sales & Marketing,Technology,ITM006,Business Laptop - Standard,7,59702.02,417914.14,Net 30,2025-02-18,2025-02-18,West,Arjun Nair,Closed,On Time
PO202501015,2025-08-09,V013,MarketCraft Communications,Sales & Marketing,Marketing,ITM018,Printed Marketing Materials,1,14178.27,14178.27,Net 30,2025-08-24,2025-08-21,South,Arjun Nair,Closed,On Time
PO202601016,2026-03-26,V006,CoreTech Solutions,Human Resources,Technology,ITM007,USB-C Docking Station,3,7924.24,23772.72,Net 60,2026-04-06,2026-04-05,South,Neha Kapoor,Closed,On Time
PO202601017,2026-01-19,V014,Insight Advisory Services,Human Resources,Professional Services,ITM022,Data Reporting Support - Monthly,3,47349.87,142049.61,Net 30,2026-02-01,2026-01-29,North,Neha Kapoor,Closed,On Time
PO202501018,2025-06-19,V011,ProSafe Equipment,Operations,Safety,ITM016,First Aid Refill Kit,37,1925.95,71260.15,Net 30,2025-06-27,2025-06-25,East,Rohit Mehta,Closed,On Time
PO202601019,2026-04-17,V016,StratEdge Partners,Finance,Professional Services,ITM019,Training Workshop - Per Batch,2,37328.34,74656.68,Net 45,2026-05-04,2026-05-04,South,Kavya Iyer,Closed,On Time
PO202601020,2026-01-22,V014,Insight Advisory Services,IT,Professional Services,ITM020,Audit Support - Monthly,1,54202.18,54202.18,Net 30,2026-02-05,2026-02-02,South,Vikram Reddy,Closed,On Time
PO202501021,2025-07-19,V002,Metro Business Supplies,Operations,Office Supplies,ITM002,Black Toner Cartridge,15,2879.59,43193.85,Net 30,2025-07-27,2025-07-30,South,Rohit Mehta,Closed,Late
PO202501022,2025-08-13,V014,Insight Advisory Services,Administration,Professional Services,ITM022,Data Reporting Support - Monthly,1,48971.88,48971.88,Net 60,2025-08-27,2025-08-25,North,Meera Joshi,Closed,On Time
PO202501023,2025-12-01,V014,Insight Advisory Services,IT,Professional Services,ITM020,Audit Support - Monthly,2,50024.01,100048.02,Net 30,2025-12-10,2025-12-08,East,Vikram Reddy,Closed,On Time
PO202501024,2025-11-04,V001,Apex Office Solutions,Finance,Office Supplies,ITM003,Ergonomic Office Chair,15,8038.0,120570.0,Net 60,2025-11-12,2025-11-11,North,Kavya Iyer,Closed,On Time
PO202601025,2026-02-14,V001,Apex Office Solutions,Finance,Office Supplies,ITM001,A4 Copier Paper - 500 Sheets,47,245.81,11553.07,Net 30,2026-02-20,2026-02-20,East,Kavya Iyer,Closed,On Time
PO202601026,2026-03-01,V003,Prime Workplace India,Operations,Facilities,ITM010,Printer Maintenance Kit,8,5799.88,46399.04,Net 30,2026-03-12,2026-03-09,West,Rohit Mehta,Closed,On Time
PO202501027,2025-09-07,V001,Apex Office Solutions,Operations,Office Supplies,ITM003,Ergonomic Office Chair,2,7752.55,15505.1,Net 30,2025-09-13,2025-09-13,East,Rohit Mehta,Closed,On Time
PO202501028,2025-01-03,V009,Urban Maintenance Co.,Operations,Facilities,ITM012,LED Panel Light,49,1651.52,80924.48,Net 30,2025-01-13,2025-01-13,North,Rohit Mehta,Closed,On Time
PO202501029,2025-04-13,V013,MarketCraft Communications,Sales & Marketing,Marketing,ITM017,Digital Marketing Campaign,1,45151.37,45151.37,Net 30,2025-04-24,2025-04-21,North,Arjun Nair,Closed,On Time
PO202501030,2025-10-19,V015,TalentBridge Consulting,Human Resources,Professional Services,ITM020,Audit Support - Monthly,1,56387.48,56387.48,Net 30,2025-10-31,2025-10-29,North,Neha Kapoor,Closed,On Time
PO202501031,2025-11-10,V016,StratEdge Partners,IT,Professional Services,ITM022,Data Reporting Support - Monthly,1,45682.87,45682.87,Net 30,2025-11-25,2025-11-24,West,Vikram Reddy,Closed,On Time
PO202501032,2025-03-23,V003,Prime Workplace India,Administration,Office Supplies,ITM001,A4 Copier Paper - 500 Sheets,51,269.92,13765.92,Net 45,2025-03-29,2025-03-27,West,Meera Joshi,Closed,On Time
PO202601033,2026-03-22,V016,StratEdge Partners,Administration,Professional Services,ITM021,Recruitment Service Fee,2,42728.09,85456.18,Net 30,2026-04-06,2026-04-10,North,Meera Joshi,Closed,Late
PO202501034,2025-02-20,V003,Prime Workplace India,Administration,Facilities,ITM013,Electrical Maintenance Service,7,19889.73,139228.11,Net 30,2025-03-09,2025-03-07,North,Meera Joshi,Closed,On Time
PO202501035,2025-07-08,V014,Insight Advisory Services,IT,Professional Services,ITM022,Data Reporting Support - Monthly,1,49862.25,49862.25,Net 30,2025-07-15,2025-07-19,East,Vikram Reddy,Closed,Late
PO202601036,2026-03-04,V009,Urban Maintenance Co.,Operations,Facilities,ITM012,LED Panel Light,5,1573.82,7869.1,Net 30,2026-03-10,2026-03-09,North,Rohit Mehta,Closed,On Time
PO202601037,2026-06-28,V003,Prime Workplace India,Sales & Marketing,Office Supplies,ITM003,Ergonomic Office Chair,13,8159.88,106078.44,Net 45,2026-07-14,2026-07-11,North,Ishita Shah,Closed,On Time
PO202501038,2025-02-15,V011,ProSafe Equipment,Operations,Safety,ITM016,First Aid Refill Kit,58,1926.48,111735.84,Net 60,2025-02-26,2025-02-25,West,Rohit Mehta,Closed,On Time
PO202501039,2025-09-29,V006,CoreTech Solutions,IT,Technology,ITM005,24-inch Business Monitor,7,10315.94,72211.58,Net 30,2025-10-08,2025-10-13,East,Vikram Reddy,Closed,Late
PO202601040,2026-02-11,V002,Metro Business Supplies,Operations,Office Supplies,ITM002,Black Toner Cartridge,7,3049.48,21346.36,Net 45,2026-02-16,2026-02-14,South,Rohit Mehta,Closed,On Time
PO202501041,2025-08-07,V013,MarketCraft Communications,Sales & Marketing,marketing,ITM017,Digital Marketing Campaign,1,45969.57,45969.57,Net 30,2025-08-14,2025-08-13,East,Arjun Nair,Closed,On Time
PO202601042,2026-05-07,V010,SafeGuard Industrial,Operations,Safety,ITM016,First Aid Refill Kit,47,2161.66,101598.02,Net 30,2026-05-16,2026-05-13,West,Rohit Mehta,Closed,On Time
PO202501043,2025-10-23,V001,Apex Office Solutions,Sales & Marketing,Office Supplies,ITM003,Ergonomic Office Chair,14,8177.94,114491.16,Net 60,2025-10-29,2025-10-29,South,Ishita Shah,Closed,On Time
PO202501044,2025-07-03,V002,Metro Business Supplies,Human Resources,Office Supplies,ITM003,Ergonomic Office Chair,8,7472.77,59782.16,Net 45,2025-07-16,2025-07-28,South,Neha Kapoor,Closed,Late
PO202501045,2025-04-05,V003,Prime Workplace India,Human Resources,Office Supplies,ITM003,Ergonomic Office Chair,15,8556.97,128354.55,Net 60,2025-04-19,2025-04-19,West,Neha Kapoor,Closed,On Time
PO202501046,2025-12-17,V007,SecureNet Systems,IT,Technology,ITM007,USB-C Docking Station,6,9333.62,56001.72,Net 45,2025-12-22,2025-12-19,East,Vikram Reddy,Closed,On Time
PO202601047,2026-02-17,V011,ProSafe Equipment,Operations,Safety,ITM015,Safety Helmet,9,1122.32,10100.88,Net 45,2026-03-05,2026-03-02,East,Rohit Mehta,Closed,On Time
PO202501048,2025-11-26,V001,Apex Office Solutions,Operations,Office Supplies,ITM001,A4 Copier Paper - 500 Sheets,27,235.28,6352.56,Net 45,2025-12-01,2025-11-29,East,Ananya Rao,Closed,On Time
PO202501049,2025-03-29,V011,ProSafe Equipment,Operations,Safety,ITM016,First Aid Refill Kit,35,2021.65,70757.75,Net 30,2025-04-10,2025-04-08,South,Rohit Mehta,Closed,On Time
PO202501050,2025-09-09,V016,StratEdge Partners,IT,Professional Services,ITM019,Training Workshop - Per Batch,1,35567.77,35567.77,Net 45,2025-09-24,2025-09-23,East,Vikram Reddy,Closed,On Time
PO202501051,2025-10-15,V001,Apex Office Solutions,Human Resources,Office Supplies,ITM003,Ergonomic Office Chair,12,7837.8,94053.6,Net 60,2025-10-24,2025-10-24,North,Neha Kapoor,Closed,On Time
PO202601052,2026-06-22,V003,Prime Workplace India,Administration,Facilities,ITM010,Printer Maintenance Kit,6,5684.27,34105.62,Net 45,2026-07-02,2026-07-01,South,Meera Joshi,Closed,On Time
PO202501053,2025-02-20,V006,CoreTech Solutions,IT,Technology,ITM009,Annual Software License,5,20719.93,103599.65,Net 60,2025-03-05,2025-03-05,South,Vikram Reddy,Closed,On Time
PO202601054,2026-03-07,V004,Nexa Technologies,Finance,Technology,ITM004,Wireless Keyboard & Mouse,42,1755.87,73746.54,Net 30,2026-03-12,2026-03-09,North,Kavya Iyer,Closed,On Time
PO202501055,2025-04-20,V001,Apex Office Solutions,Sales & Marketing,Office Supplies,ITM001,A4 Copier Paper - 500 Sheets,46,238.91,10989.86,Net 45,2025-05-04,2025-05-04,South,Ishita Shah,Closed,On Time
PO202501056,2025-05-10,V016,StratEdge Partners,Administration,Professional Services,ITM020,Audit Support - Monthly,3,48446.4,145339.2,Net 30,2025-05-19,2025-05-18,West,Meera Joshi,Closed,On Time
PO202601057,2026-03-17,V005,Vertex Digital Systems,IT,Technology,ITM008,Network Switch - 24 Port,7,17640.67,123484.69,Net 45,2026-03-31,2026-03-30,South,Vikram Reddy,Closed,On Time
PO202601058,2026-05-25,V011,ProSafe Equipment,Operations,Safety,ITM014,Safety Gloves - Box,41,699.2,28667.2,Net 60,2026-06-01,2026-06-01,West,Ananya Rao,Closed,On Time
PO202501059,2025-02-11,V001,Apex Office Solutions,Finance,Office Supplies,ITM003,Ergonomic Office Chair,4,7765.09,31060.36,Net 45,2025-02-20,2025-02-20,South,Kavya Iyer,Closed,On Time
PO202601060,2026-02-28,V002,Metro Business Supplies,Operations,Office Supplies,ITM001,A4 Copier Paper - 500 Sheets,60,234.85,14091.0,Net 30,2026-03-10,2026-03-07,North,Rohit Mehta,Closed,On Time
PO202501061,2025-05-30,V005,Vertex Digital Systems,Finance,Technology,ITM009,Annual Software License,5,24397.25,121986.25,Net 30,2025-06-10,2025-06-10,West,Kavya Iyer,Closed,On Time
PO202501062,2025-03-03,V012,BrightReach Media,Sales & Marketing,Marketing,ITM018,Printed Marketing Materials,1,12323.11,12323.11,Net 30,2025-03-12,2025-03-12,South,Ishita Shah,Closed,On Time
PO202501063,2025-12-23,V003,Prime Workplace India,Operations,Office Supplies,ITM003,Ergonomic Office Chair,7,8642.72,60499.04,Net 30,2026-01-01,2025-12-31,West,Ananya Rao,Closed,On Time
PO202601064,2026-01-29,V014,Insight Advisory Services,Administration,Professional Services,ITM020,Audit Support - Monthly,3,53295.42,159886.26,Net 60,2026-02-07,2026-02-05,North,Meera Joshi,Closed,On Time
PO202501065,2025-01-21,V003,Prime Workplace India,Administration,Office Supplies,ITM001,A4 Copier Paper - 500 Sheets,20,273.07,5461.4,Net 45,2025-02-07,2025-02-06,South,Meera Joshi,Closed,On Time
PO202501066,2025-01-21,V014,Insight Advisory Services,IT,Professional Services,ITM021,Recruitment Service Fee,1,43983.35,43983.35,Net 30,2025-02-06,2025-02-03,North,Vikram Reddy,Closed,On Time
PO202601067,2026-01-01,V012,BrightReach Media,Sales & Marketing,Marketing,ITM017,Digital Marketing Campaign,1,43562.47,43562.47,Net 30,2026-01-13,2026-01-11,East,Arjun Nair,Closed,On Time
PO202501068,2025-03-20,V003,Prime Workplace India,Administration,Office Supplies,ITM002,Black Toner Cartridge,7,3495.72,24470.04,Net 30,2025-04-02,2025-04-02,East,Meera Joshi,Closed,On Time
PO202501069,2025-08-12,V001,Apex Office Solutions,Operations,Office Supplies,ITM003,Ergonomic Office Chair,11,8183.9,90022.9,Net 30,2025-08-26,2025-08-25,West,Ananya Rao,Closed,On Time
PO202501070,2025-09-04,V006,CoreTech Solutions,IT,Technology,ITM009,Annual Software License,8,20998.75,167990.0,Net 60,2025-09-22,2025-09-19,South,Vikram Reddy,Closed,On Time
PO202601071,2026-05-31,V008,FacilityPro Services,Administration,Facilities,ITM010,Printer Maintenance Kit,6,5353.59,32121.54,Net 30,2026-06-17,2026-06-16,South,Meera Joshi,Closed,On Time
PO202501072,2025-10-09,V004,Nexa Technologies,IT,Technology,ITM009,Annual Software License,4,21524.0,86096.0,Net 30,2025-10-17,2025-10-14,East,Vikram Reddy,Closed,On Time
PO202501073,2025-05-18,V006,CoreTech Solutions,IT,Technology,ITM006,Business Laptop - Standard,5,55322.61,276613.05,Net 45,2025-06-05,2025-06-04,West,Vikram Reddy,Closed,On Time
PO202601074,2026-01-23,V006,CoreTech Solutions,Human Resources,Technology,ITM005,24-inch Business Monitor,2,10603.36,21206.72,Net 30,2026-01-29,2026-01-28,East,Neha Kapoor,Closed,On Time
PO202601075,2026-03-22,V016,StratEdge Partners,IT,Professional Services,ITM021,Recruitment Service Fee,3,42522.33,127566.99,Net 60,2026-04-04,2026-04-03,East,Vikram Reddy,Closed,On Time
PO202601076,2026-04-01,V003,Prime Workplace India,Finance,Office Supplies,ITM003,Ergonomic Office Chair,4,8639.83,34559.32,Net 60,2026-04-12,2026-04-09,South,Kavya Iyer,Closed,On Time
PO202501077,2025-02-25,V006,CoreTech Solutions,IT,Technology,ITM008,Network Switch - 24 Port,3,15927.65,47782.95,Net 45,2025-03-02,2025-03-01,West,Vikram Reddy,Closed,On Time
PO202501078,2025-03-17,V006,CoreTech Solutions,Sales & Marketing,Technology,ITM008,Network Switch - 24 Port,6,15033.75,90202.5,Net 30,2025-03-30,2025-04-03,East,Arjun Nair,Closed,Late
PO202501079,2025-04-02,V013,MarketCraft Communications,Sales & Marketing,Marketing,ITM018,Printed Marketing Materials,1,13876.57,13876.57,Net 60,2025-04-14,2025-04-12,North,Arjun Nair,Closed,On Time
PO202501080,2025-02-01,V011,ProSafe Equipment,Operations,Safety,ITM016,First Aid Refill Kit,17,1930.04,32810.68,Net 30,2025-02-13,2025-02-13,North,Ananya Rao,Closed,On Time
PO202501081,2025-12-28,V014,Insight Advisory Services,IT,Professional Services,ITM021,Recruitment Service Fee,1,43544.41,43544.41,Net 30,2026-01-11,2026-01-08,South,Vikram Reddy,Closed,On Time
PO202501082,2025-10-23,V014,Insight Advisory Services,IT,Professional Services,ITM022,Data Reporting Support - Monthly,2,48270.86,96541.72,Net 30,2025-10-28,2025-10-30,North,Vikram Reddy,Closed,Late
PO202601083,2026-01-22,V015,TalentBridge Consulting,Finance,Professional Services,ITM021,Recruitment Service Fee,3,47531.45,142594.35,Net 45,2026-01-28,2026-01-27,West,Kavya Iyer,Closed,On Time
PO202601084,2026-01-10,V011,ProSafe Equipment,Operations,Safety,ITM015,Safety Helmet,7,1103.13,7721.91,Net 30,2026-01-25,2026-01-22,East,Rohit Mehta,Closed,On Time
PO202601085,2026-06-23,V009,Urban Maintenance Co.,Operations,Facilities,ITM010,Printer Maintenance Kit,5,5380.33,26901.65,Net 45,2026-07-11,,West,Rohit Mehta,Open,Open
PO202501086,2025-09-12,V002,Metro Business Supplies,Human Resources,Office Supplies,ITM003,Ergonomic Office Chair,4,7224.79,28899.16,Net 45,2025-09-19,2025-09-18,North,Neha Kapoor,Closed,On Time
PO202601087,2026-06-19,V014,Insight Advisory Services,IT,Professional Services,ITM022,Data Reporting Support - Monthly,2,46169.46,92338.92,Net 45,2026-07-06,2026-07-04,East,Vikram Reddy,Closed,On Time
PO202501088,2025-04-17,V007,SecureNet Systems,IT,Technology,ITM007,USB-C Docking Station,5,9386.5,46932.5,Net 60,2025-05-02,2025-04-30,North,Vikram Reddy,Closed,On Time
PO202501089,2025-02-13,V015,TalentBridge Consulting,IT,Professional Services,ITM021,Recruitment Service Fee,1,46594.6,46594.6,Net 45,2025-03-03,2025-03-03,East,Vikram Reddy,Closed,On Time
PO202501090,2025-11-12,V016,StratEdge Partners,Finance,Professional Services,ITM019,Training Workshop - Per Batch,1,37809.89,37809.89,Net 45,2025-11-20,2025-11-19,North,Kavya Iyer,Closed,On Time
PO202501091,2025-05-18,V006,CoreTech Solutions,IT,Technology,ITM009,Annual Software License,1,19725.18,19725.18,Net 60,2025-06-05,2025-06-04,West,Vikram Reddy,Closed,On Time
PO202501092,2025-09-21,V002,Metro Business Supplies,Administration,Office Supplies,ITM002,Black Toner Cartridge,13,3206.51,41684.63,Net 45,2025-09-27,2025-10-10,East,Meera Joshi,Closed,Late
PO202501093,2025-02-19,V011,ProSafe Equipment,Operations,Safety,ITM014,Safety Gloves - Box,18,668.83,12038.94,Net 60,2025-02-26,2025-02-24,South,Rohit Mehta,Closed,On Time
PO202601094,2026-06-02,V008,FacilityPro Services,Administration,Facilities,ITM010,Printer Maintenance Kit,7,5427.33,37991.31,Net 30,2026-06-19,2026-06-19,West,Meera Joshi,Closed,On Time
PO202501095,2025-01-31,V015,TalentBridge Consulting,Finance,Professional Services,ITM019,Training Workshop - Per Batch,3,41705.26,125115.78,Net 30,2025-02-05,2025-02-02,East,Kavya Iyer,Closed,On Time
PO202501096,2025-08-07,V007,SecureNet Systems,Sales & Marketing,Technology,ITM005,24-inch Business Monitor,2,11045.44,22090.88,Net 30,2025-08-24,2025-08-22,North,Arjun Nair,Closed,On Time
PO202501097,2025-08-25,V013,MarketCraft Communications,Sales & Marketing,Marketing,ITM017,Digital Marketing Campaign,1,46045.47,46045.47,Net 45,2025-09-12,2025-09-11,West,Arjun Nair,Closed,On Time
PO202501098,2025-09-03,V014,Insight Advisory Services,Finance,Professional Services,ITM019,Training Workshop - Per Batch,1,39673.52,39673.52,Net 60,2025-09-10,2025-09-07,South,Kavya Iyer,Closed,On Time
PO202501099,2025-12-12,V009,Urban Maintenance Co.,Administration,Facilities,ITM013,Electrical Maintenance Service,2,18238.42,36476.84,Net 45,2025-12-18,2025-12-15,South,Meera Joshi,Closed,On Time
PO202501100,2025-02-26,V009,Urban Maintenance Co.,Operations,Facilities,ITM013,Electrical Maintenance Service,1,17190.87,17190.87,Net 30,2025-03-09,2025-03-18,West,Ananya Rao,Closed,Late
PO202501101,2025-12-31,V006,CoreTech Solutions,Human Resources,Technology,ITM005,24-inch Business Monitor,8,9884.1,79072.8,Net 45,2026-01-11,2026-01-10,North,Neha Kapoor,Closed,On Time
PO202501102,2025-02-11,V006,CoreTech Solutions,Finance,Technology,ITM004,Wireless Keyboard & Mouse,54,1765.42,95332.68,Net 30,2025-02-19,2025-02-18,West,Kavya Iyer,Closed,On Time
PO202501103,2025-02-17,V001,Apex Office Solutions,Sales & Marketing,Office Supplies,ITM003,Ergonomic Office Chair,6,7559.94,45359.64,Net 45,2025-03-01,2025-03-01,South,Ishita Shah,Closed,On Time
PO202501104,2025-03-08,V002,Metro Business Supplies,Finance,Office Supplies,ITM001,A4 Copier Paper - 500 Sheets,21,228.03,4788.63,Net 45,2025-03-22,2025-03-19,East,Kavya Iyer,Closed,On Time
PO202601105,2026-04-13,V013,MarketCraft Communications,Sales & Marketing,Marketing,ITM018,Printed Marketing Materials,3,13988.01,41964.03,Net 30,2026-04-21,2026-04-21,North,Arjun Nair,Closed,On Time
PO202501106,2025-04-21,V006,CoreTech Solutions,IT,Technology,ITM006,Business Laptop - Standard,7,54824.82,383773.74,Net 30,2025-05-02,2025-05-02,South,Vikram Reddy,Closed,On Time
PO202501107,2025-06-08,V008,FacilityPro Services,Operations,Facilities,ITM010,Printer Maintenance Kit,4,5268.52,21074.08,Net 30,2025-06-17,2025-06-16,West,Rohit Mehta,Closed,On Time
PO202601108,2026-06-17,V003,Prime Workplace India,Administration,Office Supplies,ITM002,Black Toner Cartridge,7,3718.33,26028.31,Net 45,2026-07-02,2026-07-01,East,Meera Joshi,Closed,On Time
PO202501109,2025-01-31,V006,CoreTech Solutions,IT,Technology,ITM007,USB-C Docking Station,11,8036.52,88401.72,Net 30,2025-02-07,2025-02-05,East,Vikram Reddy,Closed,On Time
PO202501110,2025-12-19,V002,Metro Business Supplies,Operations,Office Supplies,ITM001,A4 Copier Paper - 500 Sheets,11,235.32,2588.52,Net 45,2026-01-03,2026-01-02,North,Rohit Mehta,Closed,On Time
PO202501111,2025-05-04,V008,FacilityPro Services,Operations,Facilities,ITM013,Electrical Maintenance Service,5,18160.6,90803.0,Net 60,2025-05-22,2025-05-22,West,Rohit Mehta,Closed,On Time
PO202501112,2025-08-18,V016,StratEdge Partners,IT,Professional Services,ITM022,Data Reporting Support - Monthly,1,46328.87,46328.87,Net 30,2025-08-24,2025-08-21,South,Vikram Reddy,Closed,On Time
PO202501113,2025-01-27,V011,ProSafe Equipment,Operations,Safety,ITM014,Safety Gloves - Box,23,673.83,15498.09,Net 30,2025-02-11,2025-02-09,East,Ananya Rao,Closed,On Time
PO202601114,2026-06-19,V006,CoreTech Solutions,Sales & Marketing,Technology,ITM009,Annual Software License,6,19920.71,119524.26,Net 30,2026-06-27,,East,Ishita Shah,Open,Open
PO202601115,2026-02-05,V015,TalentBridge Consulting,IT,Professional Services,ITM020,Audit Support - Monthly,2,56700.12,113400.24,Net 30,2026-02-20,2026-02-19,South,Vikram Reddy,Closed,On Time
PO202501116,2025-03-10,V014,Insight Advisory Services,Finance,Professional Services,ITM021,Recruitment Service Fee,1,43990.84,43990.84,Net 60,2025-03-22,2025-03-21,North,Kavya Iyer,Closed,On Time
PO202501117,2025-06-25,V008,FacilityPro Services,Administration,Facilities,ITM010,Printer Maintenance Kit,8,5634.6,45076.8,Net 45,2025-06-30,2025-06-29,South,Meera Joshi,Closed,On Time
PO202501118,2025-01-01,V009,Urban Maintenance Co.,Operations,Facilities,ITM011,Cleaning Supplies Kit,25,1358.41,33960.25,Net 30,2025-01-08,2025-01-06,West,Ananya Rao,Closed,On Time
PO202601119,2026-04-04,V014,Insight Advisory Services,IT,Professional Services,ITM021,Recruitment Service Fee,1,43399.2,43399.2,Net 30,2026-04-22,2026-04-22,East,Vikram Reddy,Closed,On Time
PO202601120,2026-06-07,V014,Insight Advisory Services,IT,Professional Services,ITM021,Recruitment Service Fee,2,43414.25,86828.5,Net 30,2026-06-15,2026-06-15,South,Vikram Reddy,Closed,On Time
PO202501121,2025-03-18,V003,Prime Workplace India,Operations,Office Supplies,ITM002,Black Toner Cartridge,14,3414.35,47800.9,Net 30,2025-03-25,2025-03-24,East,Ananya Rao,Closed,On Time
PO202601122,2026-03-25,V001,Apex Office Solutions,Human Resources,Office Supplies,ITM003,Ergonomic Office Chair,9,7568.72,68118.48,Net 30,2026-04-01,2026-03-30,North,Neha Kapoor,Closed,On Time
PO202501123,2025-01-24,V015,TalentBridge Consulting,IT,Professional Services,ITM022,Data Reporting Support - Monthly,2,53398.67,106797.34,Net 60,2025-02-05,2025-02-02,East,VIKRAM REDDY,Closed,On Time
PO202601124,2026-02-19,V006,CoreTech Solutions,IT,Technology,ITM006,Business Laptop - Standard,3,52907.63,158722.89,Net 30,2026-02-25,2026-02-24,North,Vikram Reddy,Closed,On Time
PO202501125,2025-06-13,V004,Nexa Technologies,Human Resources,Technology,ITM006,Business Laptop - Standard,8,56765.56,454124.48,Net 45,2025-06-19,2025-06-16,South,Neha Kapoor,Closed,On Time
PO202501126,2025-05-23,V015,TalentBridge Consulting,Human Resources,Professional Services,ITM019,Training Workshop - Per Batch,1,40605.6,40605.6,Net 45,2025-05-31,2025-05-29,South,Neha Kapoor,Closed,On Time
PO202501127,2025-09-14,V003,Prime Workplace India,Finance,Office Supplies,ITM002,Black Toner Cartridge,12,3338.13,40057.56,Net 45,2025-09-28,2025-09-28,North,Kavya Iyer,Closed,On Time
PO202601128,2026-04-08,V012,BrightReach Media,Sales & Marketing,Marketing,ITM018,Printed Marketing Materials,1,13039.11,13039.11,Net 30,2026-04-21,2026-04-18,West,Arjun Nair,Closed,On Time
PO202601129,2026-04-08,V006,CoreTech Solutions,IT,Technology,ITM009,Annual Software License,8,21449.65,171597.2,Net 30,2026-04-22,2026-04-19,East,Vikram Reddy,Closed,On Time
PO202501130,2025-05-13,V004,Nexa Technologies,Sales & Marketing,Technology,ITM009,Annual Software License,6,22444.64,134667.84,Net 45,2025-05-28,2025-05-25,West,Ishita Shah,Closed,On Time
PO202601131,2026-02-04,V002,Metro Business Supplies,Sales & Marketing,Office Supplies,ITM002,Black Toner Cartridge,2,2820.4,5640.8,Net 45,2026-02-11,2026-02-10,North,Ishita Shah,Closed,On Time
PO202501132,2025-10-02,V008,FacilityPro Services,Administration,Facilities,ITM013,Electrical Maintenance Service,6,18086.52,108519.12,Net 30,2025-10-20,2025-10-18,West,Meera Joshi,Closed,On Time
PO202501133,2025-10-03,V006,CoreTech Solutions,IT,Technology,ITM005,24-inch Business Monitor,2,10611.26,21222.52,Net 30,2025-10-13,2025-10-11,North,Vikram Reddy,Closed,On Time
PO202601134,2026-05-10,V009,Urban Maintenance Co.,Administration,Facilities,ITM011,Cleaning Supplies Kit,42,1264.21,53096.82,Net 30,2026-05-18,2026-05-17,North,Meera Joshi,Closed,On Time
PO202601135,2026-06-01,V014,Insight Advisory Services,IT,Professional Services,ITM021,Recruitment Service Fee,3,45815.57,137446.71,Net 30,2026-06-10,2026-06-08,North,Vikram Reddy,Closed,On Time
PO202501136,2025-08-18,V007,SecureNet Systems,Finance,Technology,ITM004,Wireless Keyboard & Mouse,57,1963.33,111909.81,Net 30,2025-09-01,2025-09-16,East,Kavya Iyer,Closed,Late
PO202501137,2025-06-18,V002,Metro Business Supplies,Sales & Marketing,Office Supplies,ITM002,Black Toner Cartridge,1,2883.28,2883.28,Net 30,2025-06-24,2025-06-23,South,Ishita Shah,Closed,On Time
PO202501138,2025-10-28,V014,Insight Advisory Services,Finance,Professional Services,ITM020,Audit Support - Monthly,1,53331.4,53331.4,Net 30,2025-11-11,2025-11-08,South,Kavya Iyer,Closed,On Time
PO202601139,2026-03-13,V001,Apex Office Solutions,Finance,Office Supplies,ITM003,Ergonomic Office Chair,12,8082.32,96987.84,Net 30,2026-03-31,2026-03-31,South,Kavya Iyer,Closed,On Time
PO202501140,2025-12-29,V006,CoreTech Solutions,Human Resources,Technology,ITM004,Wireless Keyboard & Mouse,40,1695.51,67820.4,Net 45,2026-01-03,2026-01-02,South,Neha Kapoor,Closed,On Time
PO202601141,2026-01-05,V014,Insight Advisory Services,IT,Professional Services,ITM022,Data Reporting Support - Monthly,1,46671.19,46671.19,Net 30,2026-01-18,2026-01-15,North,Vikram Reddy,Closed,On Time
PO202601142,2026-04-06,V002,Metro Business Supplies,Finance,Office Supplies,ITM001,A4 Copier Paper - 500 Sheets,26,225.66,5867.16,Net 30,2026-04-22,2026-04-20,North,Kavya Iyer,Closed,On Time
PO202501143,2025-11-21,V015,TalentBridge Consulting,IT,Professional Services,ITM020,Audit Support - Monthly,3,54425.97,163277.91,Net 60,2025-11-27,2025-11-24,South,Vikram Reddy,Closed,On Time
PO202501144,2025-02-13,V006,CoreTech Solutions,Finance,Technology,ITM005,24-inch Business Monitor,2,10590.07,21180.14,Net 60,2025-02-21,2025-03-08,South,Kavya Iyer,Closed,Late
PO202501145,2025-11-21,V003,Prime Workplace India,Operations,Facilities,ITM013,Electrical Maintenance Service,7,19366.8,135567.6,Net 30,2025-12-04,2025-12-04,North,Rohit Mehta,Closed,On Time
PO202601146,2026-01-31,V008,FacilityPro Services,Administration,Facilities,ITM011,Cleaning Supplies Kit,19,1399.32,26587.08,Net 45,2026-02-11,2026-02-08,North,Meera Joshi,Closed,On Time
PO202501147,2025-05-13,V001,Apex Office Solutions,Sales & Marketing,Office Supplies,ITM003,Ergonomic Office Chair,4,7746.92,30987.68,Net 45,2025-05-19,2025-05-18,South,Arjun Nair,Closed,On Time
PO202501148,2025-05-10,V011,ProSafe Equipment,Operations,Safety,ITM014,Safety Gloves - Box,8,695.06,5560.48,Net 30,2025-05-21,2025-05-21,East,Rohit Mehta,Closed,On Time
PO202601149,2026-05-17,V014,Insight Advisory Services,IT,Professional Services,ITM021,Recruitment Service Fee,2,43868.49,87736.98,Net 45,2026-05-28,2026-05-28,West,Vikram Reddy,Closed,On Time
PO202501150,2025-12-25,V006,CoreTech Solutions,Finance,Technology,ITM006,Business Laptop - Standard,3,52378.27,157134.81,Net 60,2026-01-05,2026-01-16,North,Kavya Iyer,Closed,Late
PO202501151,2025-04-03,V016,StratEdge Partners,IT,Professional Services,ITM022,Data Reporting Support - Monthly,1,47018.24,47018.24,Net 30,2025-04-14,2025-04-29,East,Vikram Reddy,Closed,Late
PO202601152,2026-04-26,V001,Apex Office Solutions,Human Resources,Office Supplies,ITM001,A4 Copier Paper - 500 Sheets,18,251.01,4518.18,Net 60,2026-05-10,2026-05-09,South,Neha Kapoor,Closed,On Time
PO202501153,2025-07-06,V001, Apex Office Solutions ,Sales & Marketing,Office Supplies,ITM003,Ergonomic Office Chair,3,7777.18,23331.54,Net 45,2025-07-12,2025-07-10,South,Ishita Shah,Closed,On Time
PO202501154,2025-08-30,V002,Metro Business Supplies,Operations,Office Supplies,ITM002,Black Toner Cartridge,4,2997.53,11990.12,Net 30,2025-09-16,2025-09-15,North,Rohit Mehta,Closed,On Time
PO202601155,2026-03-04,V014,Insight Advisory Services,IT,Professional Services,ITM022,Data Reporting Support - Monthly,1,49571.6,49571.6,Net 30,2026-03-12,2026-03-10,North,Vikram Reddy,Closed,On Time
PO202501156,2025-04-30,V004,Nexa Technologies,Human Resources,Technology,ITM007,USB-C Docking Station,8,8821.38,70571.04,Net 30,2025-05-06,2025-05-04,East,Neha Kapoor,Closed,On Time
PO202501157,2025-04-26,V015,TalentBridge Consulting,IT,Professional Services,ITM020,Audit Support - Monthly,3,55684.88,167054.64,Net 45,2025-05-04,2025-05-04,South,Vikram Reddy,Closed,On Time
PO202601158,2026-01-09,V004,Nexa Technologies,IT,Technology,ITM008,Network Switch - 24 Port,1,15861.24,15861.24,Net 45,2026-01-18,2026-01-15,East,Vikram Reddy,Closed,On Time
PO202601159,2026-01-01,V006,CoreTech Solutions,Sales & Marketing,Technology,ITM004,Wireless Keyboard & Mouse,55,1755.94,96576.7,Net 30,2026-01-19,2026-01-18,North,Arjun Nair,Closed,On Time
PO202501160,2025-11-25,V003,Prime Workplace India,Operations,Office Supplies,ITM001,A4 Copier Paper - 500 Sheets,60,265.12,15907.2,Net 45,2025-12-01,2025-12-05,West,Rohit Mehta,Closed,Late
PO202501161,2025-01-25,V003,Prime Workplace India,Operations,Facilities,ITM011,Cleaning Supplies Kit,5,1493.75,7468.75,Net 30,2025-02-08,2025-02-05,East,Ananya Rao,Closed,On Time
PO202501162,2025-04-28,V001,Apex Office Solutions,Operations,Office Supplies,ITM003,Ergonomic Office Chair,2,7633.49,15266.98,Net 30,2025-05-16,2025-05-13,West,Ananya Rao,Closed,On Time
PO202501163,2025-04-28,V004,Nexa Technologies,IT,Technology,ITM004,Wireless Keyboard & Mouse,13,1806.19,23480.47,Net 45,2025-05-05,2025-05-16,East,Vikram Reddy,Closed,Late
PO202501164,2025-09-12,V001, Apex Office Solutions ,Sales & Marketing,Office Supplies,ITM001,A4 Copier Paper - 500 Sheets,32,247.81,7929.92,Net 45,2025-09-23,2025-09-23,East,Ishita Shah,Closed,On Time
PO202601165,2026-06-18,V014,Insight Advisory Services,IT,Professional Services,ITM020,Audit Support - Monthly,3,51251.23,153753.69,Net 60,2026-07-03,2026-07-02,North,Vikram Reddy,Closed,On Time
PO202501166,2025-06-03,V001,Apex Office Solutions,Human Resources,Office Supplies,ITM003,Ergonomic Office Chair,6,8082.5,48495.0,Net 45,2025-06-19,2025-06-19,South,Neha Kapoor,Closed,On Time
PO202501167,2025-12-20,V016,StratEdge Partners,IT,Professional Services,ITM019,Training Workshop - Per Batch,2,36144.83,72289.66,Net 30,2025-12-26,2025-12-25,North,Vikram Reddy,Closed,On Time
PO202601168,2026-01-11,V006,CoreTech Solutions,IT,Technology,ITM005,24-inch Business Monitor,2,10022.22,20044.44,Net 30,2026-01-27,2026-01-27,East,Vikram Reddy,Closed,On Time
PO202601169,2026-03-09,V006,CoreTech Solutions,Sales & Marketing,Technology,ITM005,24-inch Business Monitor,3,10039.26,30117.78,Net 45,2026-03-23,2026-03-20,South,Ishita Shah,Closed,On Time
PO202501170,2025-01-23,V008,FacilityPro Services,Operations,Facilities,ITM010,Printer Maintenance Kit,14,5310.88,74352.32,Net 30,2025-01-30,2025-01-30,North,Ananya Rao,Closed,On Time
PO202501171,2025-09-13,V009,Urban Maintenance Co.,Operations,Facilities,ITM013,Electrical Maintenance Service,8,17951.78,143614.24,Net 45,2025-09-23,2025-09-21,North,Rohit Mehta,Closed,On Time
PO202501172,2025-12-23,V001,Apex Office Solutions,Human Resources,Office Supplies,ITM001,A4 Copier Paper - 500 Sheets,13,253.76,3298.88,Net 30,2026-01-10,2026-01-07,South,Neha Kapoor,Closed,On Time
PO202501173,2025-03-02,V004,Nexa Technologies,IT,Technology,ITM004,Wireless Keyboard & Mouse,52,1872.01,97344.52,Net 30,2025-03-19,2025-03-18,East,Vikram Reddy,Closed,On Time
PO202501174,2025-04-03,V001,Apex Office Solutions,Human Resources,Office Supplies,ITM003,Ergonomic Office Chair,12,7556.39,90676.68,Net 30,2025-04-18,2025-04-18,South,Neha Kapoor,Closed,On Time
PO202601175,2026-04-20,V004,Nexa Technologies,Sales & Marketing,Technology,ITM007,USB-C Docking Station,12,8415.42,100985.04,Net 45,2026-04-28,2026-04-28,North,Ishita Shah,Closed,On Time
PO202601176,2026-05-19,V006,CoreTech Solutions,IT,Technology,ITM004,Wireless Keyboard & Mouse,41,1619.92,66416.72,Net 60,2026-05-30,2026-06-09,North,Vikram Reddy,Closed,Late
PO202601177,2026-03-13,V004,Nexa Technologies,Sales & Marketing,Technology,ITM004,Wireless Keyboard & Mouse,26,1832.06,47633.56,Net 45,2026-03-21,2026-03-20,West,Ishita Shah,Closed,On Time
PO202601178,2026-02-08,V008,FacilityPro Services,Operations,Facilities,ITM010,Printer Maintenance Kit,12,5587.72,67052.64,Net 30,2026-02-26,2026-02-26,North,Rohit Mehta,Closed,On Time
PO202601179,2026-03-01,V016,StratEdge Partners,Finance,Professional Services,ITM019,Training Workshop - Per Batch,1,38023.28,38023.28,Net 30,2026-03-13,2026-03-10,North,Kavya Iyer,Closed,On Time
PO202501180,2025-09-26,V003,Prime Workplace India,Sales & Marketing,Office Supplies,ITM001,A4 Copier Paper - 500 Sheets,49,264.95,12982.55,Net 45,2025-10-14,2025-10-12,North,Arjun Nair,Closed,On Time
PO202501181,2025-03-09,V009,Urban Maintenance Co.,Operations,Facilities,ITM010,Printer Maintenance Kit,14,5115.5,71617.0,Net 45,2025-03-23,2025-03-20,East,Ananya Rao,Closed,On Time
PO202501182,2025-03-08,V003,Prime Workplace India,Sales & Marketing,Office Supplies,ITM001,A4 Copier Paper - 500 Sheets,40,260.68,10427.2,Net 60,2025-03-24,2025-03-21,South,Arjun Nair,Closed,On Time
PO202501183,2025-08-10,V008,FacilityPro Services,Administration,Facilities,ITM013,Electrical Maintenance Service,3,18173.32,54519.96,Net 30,2025-08-27,2025-08-26,North,Meera Joshi,Closed,On Time
PO202501184,2025-03-10,V003,Prime Workplace India,Administration,Office Supplies,ITM002,Black Toner Cartridge,3,3737.14,11211.42,Net 30,2025-03-15,2025-03-15,West,Meera Joshi,Closed,On Time
PO202501185,2025-04-02,V006,CoreTech Solutions,IT,Technology,ITM009,Annual Software License,2,20812.82,41625.64,Net 30,2025-04-20,2025-04-20,East,Vikram Reddy,Closed,On Time
PO202501186,2025-04-25,V003,Prime Workplace India,Human Resources,Office Supplies,ITM003,Ergonomic Office Chair,10,8390.47,83904.7,Net 45,2025-05-04,2025-05-04,South,Neha Kapoor,Closed,On Time
PO202501187,2025-09-24,V003,Prime Workplace India,Operations,Office Supplies,ITM002,Black Toner Cartridge,9,3503.67,31533.03,Net 45,2025-10-07,2025-10-06,East,Rohit Mehta,Closed,On Time
PO202501188,2025-06-26,V010,SafeGuard Industrial,Operations,Safety,ITM014,Safety Gloves - Box,47,719.07,33796.29,Net 45,2025-07-02,2025-07-01,East,Ananya Rao,Closed,On Time
PO202501189,2025-11-03,V010,SafeGuard Industrial,Operations,Safety,ITM016,First Aid Refill Kit,36,2066.29,74386.44,Net 45,2025-11-18,2025-11-16,East,Ananya Rao,Closed,On Time
PO202601190,2026-02-06,V003,Prime Workplace India,Administration,Facilities,ITM010,Printer Maintenance Kit,4,5853.09,23412.36,Net 45,2026-02-22,2026-02-22,East,Meera Joshi,Closed,On Time
PO202501191,2025-12-30,V001,Apex Office Solutions,Sales & Marketing,Office Supplies,ITM003,Ergonomic Office Chair,11,7830.23,86132.53,Net 30,2026-01-16,2026-01-15,East,Ishita Shah,Closed,On Time
PO202601192,2026-04-17,V014,Insight Advisory Services,Administration,Professional Services,ITM022,Data Reporting Support - Monthly,3,48844.79,146534.37,Net 45,2026-04-28,2026-04-26,East,Meera Joshi,Closed,On Time
PO202601193,2026-03-16,V014,Insight Advisory Services,Human Resources,Professional Services,ITM020,Audit Support - Monthly,3,49974.36,149923.08,Net 30,2026-03-26,2026-03-25,North,Neha Kapoor,Closed,On Time
PO202601194,2026-02-21,V012,BrightReach Media,Sales & Marketing,Marketing,ITM017,Digital Marketing Campaign,3,41832.49,125497.47,Net 30,2026-03-01,2026-02-26,North,Ishita Shah,Closed,On Time
PO202601195,2026-05-07,V015,TalentBridge Consulting,Administration,Professional Services,ITM022,Data Reporting Support - Monthly,1,49156.87,49156.87,Net 30,2026-05-21,2026-05-21,West,Meera Joshi,Closed,On Time
PO202501196,2025-09-12,V006,CoreTech Solutions,IT,Technology,ITM005,24-inch Business Monitor,4,9883.35,39533.4,Net 30,2025-09-24,2025-09-24,West,Vikram Reddy,Closed,On Time
PO202501197,2025-09-18,V006,CoreTech Solutions,Sales & Marketing,Technology,ITM006,Business Laptop - Standard,3,54460.99,163382.97,Net 45,2025-09-28,2025-09-26,East,Arjun Nair,Closed,On Time
PO202501198,2025-09-26,V009,Urban Maintenance Co.,Operations,Facilities,ITM010,Printer Maintenance Kit,5,5301.84,26509.2,Net 30,2025-10-01,2025-09-28,South,Rohit Mehta,Closed,On Time
PO202501199,2025-03-08,V008,FacilityPro Services,Operations,Facilities,ITM010,Printer Maintenance Kit,12,5648.82,67785.84,Net 45,2025-03-13,2025-03-10,West,Ananya Rao,Closed,On Time
PO202501200,2025-10-06,V006,CoreTech Solutions,Finance,Technology,ITM004,Wireless Keyboard & Mouse,44,1743.39,76709.16,Net 60,2025-10-13,2025-10-10,East,Kavya Iyer,Closed,On Time
PO202601201,2026-03-27,V002,Metro Business Supplies,Sales & Marketing,Office Supplies,ITM002,Black Toner Cartridge,6,3040.84,18245.04,Net 45,2026-04-06,2026-04-04,South,Arjun Nair,Closed,On Time
PO202501202,2025-05-08,V006,CoreTech Solutions,IT,Technology,ITM004,Wireless Keyboard & Mouse,28,1734.5,48566.0,Net 60,2025-05-16,2025-05-13,South,Vikram Reddy,Closed,On Time
PO202501203,2025-04-27,V010,SafeGuard Industrial,Operations,Safety,ITM016,First Aid Refill Kit,39,2195.08,85608.12,Net 30,2025-05-14,2025-05-11,North,Ananya Rao,Closed,On Time
PO202501204,2025-05-09,V006,CoreTech Solutions,Sales & Marketing,Technology,ITM006,Business Laptop - Standard,1,52921.36,52921.36,Net 45,2025-05-14,2025-05-26,North,Arjun Nair,Closed,Late
PO202501205,2025-11-02,V012,BrightReach Media,Sales & Marketing,Marketing,ITM017,Digital Marketing Campaign,2,41742.55,83485.1,Net 30,2025-11-17,2025-11-14,East,Arjun Nair,Closed,On Time
PO202501206,2025-09-26,V014,Insight Advisory Services,IT,Professional Services,ITM021,Recruitment Service Fee,2,44674.96,89349.92,Net 45,2025-10-06,2025-10-06,North,Vikram Reddy,Closed,On Time
PO202501207,2025-08-15,V001,Apex Office Solutions,Sales & Marketing,Office Supplies,ITM001,A4 Copier Paper - 500 Sheets,55,240.55,13230.25,Net 60,2025-08-25,2025-08-22,West,Arjun Nair,Closed,On Time
PO202601208,2026-03-05,V002,Metro Business Supplies,Finance,Office Supplies,ITM002,Black Toner Cartridge,6,2971.48,17828.88,Net 45,2026-03-13,2026-03-13,East,Kavya Iyer,Closed,On Time
PO202501209,2025-07-11,V001,Apex Office Solutions,Operations,Office Supplies,ITM002,Black Toner Cartridge,12,3273.86,39286.32,Net 30,2025-07-26,2025-07-23,North,Ananya Rao,Closed,On Time
PO202601210,2026-02-04,V003,Prime Workplace India,Operations,Facilities,ITM010,Printer Maintenance Kit,14,6020.47,84286.58,Net 30,2026-02-17,2026-02-15,East,Ananya Rao,Closed,On Time
PO202501211,2025-01-16,V006,CoreTech Solutions,Sales & Marketing,Technology,ITM007,USB-C Docking Station,3,8497.85,25493.55,Net 45,2025-01-24,2025-01-23,North,Ishita Shah,Closed,On Time
PO202501212,2025-10-07,V009,Urban Maintenance Co.,Administration,Facilities,ITM012,LED Panel Light,32,1611.68,51573.76,Net 60,2025-10-13,2025-10-16,South,Meera Joshi,Closed,Late
PO202601213,2026-06-26,V014,Insight Advisory Services,IT,Professional Services,ITM021,Recruitment Service Fee,3,44600.16,133800.48,Net 30,2026-07-12,2026-07-12,West,Vikram Reddy,Closed,On Time
PO202501214,2025-06-29,V011,ProSafe Equipment,Operations,Safety,ITM016,First Aid Refill Kit,21,2005.6,42117.6,Net 30,2025-07-09,2025-07-07,East,Rohit Mehta,Closed,On Time
PO202501215,2025-11-09,V015,TalentBridge Consulting,Finance,Professional Services,ITM021,Recruitment Service Fee,1,49526.35,49526.35,Net 30,2025-11-15,2025-11-14,East,Kavya Iyer,Closed,On Time
PO202501216,2025-03-28,V003,Prime Workplace India,Administration,Facilities,ITM011,Cleaning Supplies Kit,46,1424.87,65544.02,Net 30,2025-04-12,2025-04-09,West,Meera Joshi,Closed,On Time
PO202601217,2026-05-02,V011,ProSafe Equipment,Operations,Safety,ITM014,Safety Gloves - Box,55,660.78,36342.9,Net 30,2026-05-13,2026-05-13,West,Ananya Rao,Closed,On Time
PO202601218,2026-01-31,V006,CoreTech Solutions,IT,Technology,ITM006,Business Laptop - Standard,3,53515.75,160547.25,Net 30,2026-02-09,2026-02-08,West,Vikram Reddy,Closed,On Time
PO202501219,2025-01-13,V015,TalentBridge Consulting,Administration,Professional Services,ITM019,Training Workshop - Per Batch,2,41261.38,82522.76,Net 30,2025-01-25,2025-01-23,South,Meera Joshi,Closed,On Time
PO202501220,2025-10-13,V003,Prime Workplace India,Administration,Facilities,ITM012,LED Panel Light,39,1703.38,66431.82,Net 45,2025-10-21,2025-10-19,East,Meera Joshi,Closed,On Time
PO202501221,2025-04-20,V015,TalentBridge Consulting,IT,Professional Services,ITM020,Audit Support - Monthly,3,53527.03,160581.09,Net 60,2025-05-02,2025-04-30,East,Vikram Reddy,Closed,On Time
PO202601222,2026-06-25,V010,SafeGuard Industrial,Operations,Safety,ITM016,First Aid Refill Kit,25,2225.75,55643.75,Net 30,2026-07-07,2026-07-06,East,Ananya Rao,Closed,On Time
PO202501223,2025-09-17,V003,Prime Workplace India,Operations,Office Supplies,ITM003,Ergonomic Office Chair,7,8418.11,58926.77,Net 30,2025-10-03,2025-10-01,West,Ananya Rao,Closed,On Time
PO202601224,2026-04-06,V010,SafeGuard Industrial,Operations,Safety,ITM014,Safety Gloves - Box,46,705.49,32452.54,Net 30,2026-04-21,2026-04-21,West,Ananya Rao,Closed,On Time
PO202501225,2025-06-26,V012,BrightReach Media,Sales & Marketing,Marketing,ITM017,Digital Marketing Campaign,1,40777.86,40777.86,Net 60,2025-07-01,2025-06-30,South,Arjun Nair,Closed,On Time
PO202601226,2026-06-19,V003,Prime Workplace India,Human Resources,Office Supplies,ITM001,A4 Copier Paper - 500 Sheets,45,263.65,11864.25,Net 30,2026-07-03,2026-06-30,South,Neha Kapoor,Closed,On Time
PO202501227,2025-07-13,V016,StratEdge Partners,IT,Professional Services,ITM019,Training Workshop - Per Batch,3,36165.96,108497.88,Net 45,2025-07-22,2025-07-21,South,Vikram Reddy,Closed,On Time
PO202601228,2026-05-10,V005,Vertex Digital Systems,IT,Technology,ITM005,24-inch Business Monitor,6,12057.05,72342.3,Net 30,2026-05-28,2026-05-28,West,Vikram Reddy,Closed,On Time
PO202501229,2025-01-04,V014,Insight Advisory Services,IT,Professional Services,ITM022,Data Reporting Support - Monthly,1,46401.98,46401.98,Net 60,2025-01-20,2025-01-28,East,Vikram Reddy,Closed,Late
PO202501230,2025-10-03,V011,ProSafe Equipment,Operations,Safety,ITM015,Safety Helmet,10,1078.21,10782.1,Net 60,2025-10-19,2025-11-03,West,Rohit Mehta,Closed,Late
PO202501231,2025-11-28,V002,Metro Business Supplies,Sales & Marketing,Office Supplies,ITM002,Black Toner Cartridge,9,2936.09,26424.81,Net 45,2025-12-12,2025-12-26,West,Ishita Shah,Closed,Late
PO202601232,2026-03-06,V002,Metro Business Supplies,Finance,Office Supplies,ITM002,Black Toner Cartridge,10,2961.94,29619.4,Net 30,2026-03-17,2026-03-28,South,Kavya Iyer,Closed,Late
PO202601233,2026-03-20,V001,Apex Office Solutions,Sales & Marketing,Office Supplies,ITM003,Ergonomic Office Chair,11,7859.46,86454.06,Net 30,2026-04-04,2026-04-04,North,Ishita Shah,Closed,On Time
PO202501234,2025-07-04,V014,Insight Advisory Services,IT,Professional Services,ITM022,Data Reporting Support - Monthly,1,48649.11,48649.11,Net 30,2025-07-09,2025-07-08,North,Vikram Reddy,Closed,On Time
PO202601235,2026-06-19,V004,Nexa Technologies,IT,Technology,ITM007,USB-C Docking Station,9,9140.66,82265.94,Net 30,2026-07-07,2026-07-18,South,Vikram Reddy,Closed,Late
PO202601236,2026-01-05,V002,Metro Business Supplies,Finance,Office Supplies,ITM002,Black Toner Cartridge,2,2888.99,5777.98,Net 30,2026-01-20,2026-01-17,West,Kavya Iyer,Closed,On Time
PO202501237,2025-04-09,V004,Nexa Technologies,IT,Technology,ITM006,Business Laptop - Standard,7,58714.48,411001.36,Net 30,2025-04-16,2025-04-15,East,Vikram Reddy,Closed,On Time
PO202601238,2026-06-09,V006,CoreTech Solutions,Human Resources,Technology,ITM006,Business Laptop - Standard,3,52861.28,158583.84,Net 45,2026-06-15,2026-06-13,North,Neha Kapoor,Closed,On Time
PO202501239,2025-02-16,V006,CoreTech Solutions,IT,Technology,ITM004,Wireless Keyboard & Mouse,59,1637.6,96618.4,Net 45,2025-03-06,2025-03-06,South,Vikram Reddy,Closed,On Time
PO202501240,2025-03-06,V010,SafeGuard Industrial,Operations,Safety,ITM015,Safety Helmet,34,1214.42,41290.28,Net 30,2025-03-13,2025-03-12,East,Ananya Rao,Closed,On Time
PO202601241,2026-05-31,V007,SecureNet Systems,Sales & Marketing,Technology,ITM009,Annual Software License,1,22610.34,22610.34,Net 30,2026-06-06,2026-06-05,North,Ishita Shah,Closed,On Time
PO202501242,2025-09-04,V003,Prime Workplace India,Administration,Office Supplies,ITM002,Black Toner Cartridge,15,3604.18,54062.7,Net 30,2025-09-21,2025-09-21,South,Meera Joshi,Closed,On Time
PO202501243,2025-03-02,V013,MarketCraft Communications,Sales & Marketing,Marketing,ITM017,Digital Marketing Campaign,1,48035.61,48035.61,Net 30,2025-03-20,2025-03-18,South,Arjun Nair,Closed,On Time
PO202601244,2026-01-07,V016,StratEdge Partners,IT,Professional Services,ITM019,Training Workshop - Per Batch,1,35837.31,35837.31,Net 45,2026-01-12,2026-01-09,South,Vikram Reddy,Closed,On Time
PO202601245,2026-05-11,V006,CoreTech Solutions,IT,Technology,ITM008,Network Switch - 24 Port,6,15106.12,90636.72,Net 45,2026-05-27,2026-05-26,East,Vikram Reddy,Closed,On Time
PO202601246,2026-02-27,V006,CoreTech Solutions,Sales & Marketing,Technology,ITM007,USB-C Docking Station,12,8076.39,96916.68,Net 60,2026-03-05,2026-03-04,West,Ishita Shah,Closed,On Time
PO202501247,2025-03-26,V005,Vertex Digital Systems,IT,Technology,ITM004,Wireless Keyboard & Mouse,27,1926.24,52008.48,Net 30,2025-04-12,2025-04-09,West,Vikram Reddy,Closed,On Time
PO202601248,2026-01-04,V013,MarketCraft Communications,Sales & Marketing,Marketing,ITM018,Printed Marketing Materials,3,13387.34,40162.02,Net 60,2026-01-09,2026-01-07,East,Arjun Nair,Closed,On Time
PO202601249,2026-03-16,V013,MarketCraft Communications,Sales & Marketing,Marketing,ITM018,Printed Marketing Materials,3,14352.05,43056.15,Net 30,2026-03-24,2026-03-23,West,Ishita Shah,Closed,On Time
PO202501250,2025-11-02,V001,Apex Office Solutions,Operations,Office Supplies,ITM002,Black Toner Cartridge,8,3150.3,25202.4,Net 30,2025-11-11,2025-11-08,North,Rohit Mehta,Closed,On Time
PO202501251,2025-03-23,V001,Apex Office Solutions,Human Resources,Office Supplies,ITM003,Ergonomic Office Chair,10,8066.91,80669.1,Net 60,2025-03-28,2025-03-26,North,Neha Kapoor,Closed,On Time
PO202501252,2025-02-13,V007,SecureNet Systems,IT,Technology,ITM009,Annual Software License,4,22242.1,88968.4,Net 30,2025-02-19,2025-02-19,East,Vikram Reddy,Closed,On Time
PO202501253,2025-01-20,V014,Insight Advisory Services,IT,Professional Services,ITM022,Data Reporting Support - Monthly,1,49115.65,49115.65,Net 45,2025-02-04,2025-02-17,West,Vikram Reddy,Closed,Late
PO202501254,2025-10-02,V003,Prime Workplace India,Operations,Office Supplies,ITM001,A4 Copier Paper - 500 Sheets,16,267.4,4278.4,Net 60,2025-10-14,2025-10-12,South,ANANYA RAO,Closed,On Time
PO202501255,2025-02-21,V003,Prime Workplace India,Operations,Office Supplies,ITM003,Ergonomic Office Chair,6,8693.07,52158.42,Net 30,2025-03-10,2025-03-08,North,Ananya Rao,Closed,On Time
PO202601256,2026-03-25,V009,Urban Maintenance Co.,Administration,Facilities,ITM010,Printer Maintenance Kit,14,5305.18,74272.52,Net 60,2026-04-01,2026-04-01,North,Meera Joshi,Closed,On Time
PO202501257,2025-03-09,V009,Urban Maintenance Co.,Administration,Facilities,ITM011,Cleaning Supplies Kit,5,1334.31,6671.55,Net 30,2025-03-17,2025-03-17,North,Meera Joshi,Closed,On Time
PO202601258,2026-03-15,V004,Nexa Technologies,Sales & Marketing,Technology,ITM004,Wireless Keyboard & Mouse,44,1789.41,78734.04,Net 60,2026-03-21,2026-03-19,West,Ishita Shah,Closed,On Time
PO202501259,2025-12-15,V001,Apex Office Solutions,Human Resources,Office Supplies,ITM001,A4 Copier Paper - 500 Sheets,41,256.45,10514.45,Net 30,2025-12-29,2025-12-31,East,Neha Kapoor,Closed,Late
PO202501260,2025-03-17,V014,Insight Advisory Services,IT,Professional Services,ITM021,Recruitment Service Fee,1,46016.58,46016.58,Net 45,2025-03-29,2025-03-28,West,Vikram Reddy,Closed,On Time
PO202501261,2025-10-23,V014,Insight Advisory Services,IT,Professional Services,ITM020,Audit Support - Monthly,2,51757.51,103515.02,Net 30,2025-11-03,2025-11-02,South,Vikram Reddy,Closed,On Time
PO202501262,2025-06-14,V004,Nexa Technologies,IT,Technology,ITM007,USB-C Docking Station,5,8671.01,43355.05,Net 30,2025-06-21,2025-06-20,East,Vikram Reddy,Closed,On Time
PO202501263,2025-07-08,V002,Metro Business Supplies,Sales & Marketing,Office Supplies,ITM003,Ergonomic Office Chair,13,7061.41,91798.33,Net 30,2025-07-16,2025-07-16,South,Arjun Nair,Closed,On Time
PO202501264,2025-02-17,V011,ProSafe Equipment,Operations,Safety,ITM016,First Aid Refill Kit,20,2006.85,40137.0,Net 30,2025-02-22,2025-02-22,East,Rohit Mehta,Closed,On Time
PO202501265,2025-01-07,V016,StratEdge Partners,IT,Professional Services,ITM021,Recruitment Service Fee,3,45816.87,137450.61,Net 30,2025-01-24,2025-01-21,West,Vikram Reddy,Closed,On Time
PO202501266,2025-06-25,V004,Nexa Technologies,Sales & Marketing,Technology,ITM006,Business Laptop - Standard,4,55276.35,221105.4,Net 45,2025-07-06,2025-07-05,West,Ishita Shah,Closed,On Time
PO202601267,2026-01-14,V009,Urban Maintenance Co.,Operations,Facilities,ITM013,Electrical Maintenance Service,3,18472.06,55416.18,Net 30,2026-01-19,2026-01-19,North,Ananya Rao,Closed,On Time
PO202501268,2025-01-07,V002,Metro Business Supplies,Human Resources,Office Supplies,ITM001,A4 Copier Paper - 500 Sheets,47,231.2,10866.4,Net 45,2025-01-14,2025-01-24,East,Neha Kapoor,Closed,Late
PO202601269,2026-01-10,V001,Apex Office Solutions,Human Resources,Office Supplies,ITM003,Ergonomic Office Chair,6,7863.94,47183.64,Net 45,2026-01-23,2026-01-21,East,Neha Kapoor,Closed,On Time
PO202501270,2025-04-07,V002,Metro Business Supplies,Sales & Marketing,Office Supplies,ITM001,A4 Copier Paper - 500 Sheets,20,234.59,4691.8,Net 30,2025-04-19,2025-04-18,East,Arjun Nair,Closed,On Time
PO202601271,2026-06-06,V008,FacilityPro Services,Administration,Facilities,ITM010,Printer Maintenance Kit,3,5667.78,17003.34,Net 30,2026-06-13,2026-06-10,South,Meera Joshi,Closed,On Time
PO202501272,2025-08-07,V001,Apex Office Solutions,Sales & Marketing,Office Supplies,ITM001,A4 Copier Paper - 500 Sheets,8,256.05,2048.4,Net 30,2025-08-16,2025-08-14,North,Arjun Nair,Closed,On Time
PO202501273,2025-03-09,V009,Urban Maintenance Co.,Administration,Facilities,ITM011,Cleaning Supplies Kit,52,1322.67,68778.84,Net 30,2025-03-24,2025-03-23,West,Meera Joshi,Closed,On Time
PO202501274,2025-06-02,V010,SafeGuard Industrial,Operations,Safety,ITM015,Safety Helmet,13,1203.95,15651.35,Net 30,2025-06-18,2025-06-17,West,Ananya Rao,Closed,On Time
PO202501275,2025-05-14,V001,Apex Office Solutions,Human Resources,Office Supplies,ITM002,Black Toner Cartridge,11,3079.86,33878.46,Net 45,2025-06-01,2025-06-14,West,Neha Kapoor,Closed,Late
PO202601276,2026-04-13,V006,CoreTech Solutions,Human Resources,Technology,ITM004,Wireless Keyboard & Mouse,54,1650.14,89107.56,Net 60,2026-04-19,2026-04-18,South,Neha Kapoor,Closed,On Time
PO202501277,2025-03-17,V007,SecureNet Systems,Human Resources,Technology,ITM004,Wireless Keyboard & Mouse,52,1838.54,95604.08,Net 30,2025-03-30,2025-03-30,North,Neha Kapoor,Closed,On Time
PO202601278,2026-02-01,V003,Prime Workplace India,Operations,Office Supplies,ITM001,A4 Copier Paper - 500 Sheets,5,261.57,1307.85,Net 45,2026-02-14,2026-02-22,North,Rohit Mehta,Closed,Late
PO202601279,2026-02-07,V005,Vertex Digital Systems,IT,Technology,ITM007,USB-C Docking Station,3,9568.36,28705.08,Net 30,2026-02-13,2026-02-10,South,Vikram Reddy,Closed,On Time
PO202501280,2025-10-21,V014,Insight Advisory Services,IT,Professional Services,ITM019,Training Workshop - Per Batch,1,37955.68,37955.68,Net 45,2025-11-05,2025-11-04,East,Vikram Reddy,Closed,On Time
PO202501281,2025-01-09,V012,BrightReach Media,Sales & Marketing,Marketing,ITM018,Printed Marketing Materials,2,12952.32,25904.64,Net 30,2025-01-16,2025-01-16,West,Ishita Shah,Closed,On Time
PO202501282,2025-11-25,V011,ProSafe Equipment,Operations,Safety,ITM016,First Aid Refill Kit,7,2029.44,14206.08,Net 45,2025-12-08,2025-12-08,East,Ananya Rao,Closed,On Time
PO202501283,2025-03-28,V005,Vertex Digital Systems,Sales & Marketing,Technology,ITM006,Business Laptop - Standard,4,63835.4,255341.6,Net 60,2025-04-04,2025-04-02,West,Ishita Shah,Closed,On Time
PO202501284,2025-02-28,V003,Prime Workplace India,Operations,Office Supplies,ITM002,Black Toner Cartridge,1,3523.66,3523.66,Net 30,2025-03-17,2025-03-17,North,Rohit Mehta,Closed,On Time
PO202601285,2026-02-20,V009,Urban Maintenance Co.,Administration,Facilities,ITM012,LED Panel Light,29,1631.6,47316.4,Net 30,2026-03-08,2026-03-06,East,Meera Joshi,Closed,On Time
PO202501286,2025-10-02,V016,StratEdge Partners,Administration,Professional Services,ITM021,Recruitment Service Fee,1,43320.2,43320.2,Net 60,2025-10-13,2025-10-10,North,Meera Joshi,Closed,On Time
PO202601287,2026-05-30,V016,StratEdge Partners,IT,Professional Services,ITM020,Audit Support - Monthly,1,48996.54,48996.54,Net 30,2026-06-09,2026-06-09,South,Vikram Reddy,Closed,On Time
PO202501288,2025-11-10,V006,CoreTech Solutions,IT,Technology,ITM007,USB-C Docking Station,6,8010.55,48063.3,Net 45,2025-11-24,2025-11-22,West,Vikram Reddy,Closed,On Time
PO202501289,2025-09-03,V003,Prime Workplace India,Administration,Facilities,ITM011,Cleaning Supplies Kit,42,1487.72,62484.24,Net 30,2025-09-09,2025-09-06,North,Meera Joshi,Closed,On Time
PO202501290,2025-07-20,V003,Prime Workplace India,Administration,Facilities,ITM010,Printer Maintenance Kit,5,5711.59,28557.95,Net 30,2025-07-28,2025-07-28,East,Meera Joshi,Closed,On Time
PO202601291,2026-04-14,V014,Insight Advisory Services,Administration,Professional Services,ITM019,Training Workshop - Per Batch,1,38688.01,38688.01,Net 60,2026-04-26,2026-04-24,West,Meera Joshi,Closed,On Time
PO202501292,2025-03-23,V012,BrightReach Media,Sales & Marketing,Marketing,ITM018,Printed Marketing Materials,1,12235.25,12235.25,Net 60,2025-04-08,2025-04-05,East,Ishita Shah,Closed,On Time
PO202601293,2026-05-26,V003,Prime Workplace India,Sales & Marketing,Office Supplies,ITM001,A4 Copier Paper - 500 Sheets,48,273.69,13137.12,Net 45,2026-05-31,2026-05-28,West,Arjun Nair,Closed,On Time
PO202601294,2026-04-01,V009,Urban Maintenance Co.,Operations,Facilities,ITM013,Electrical Maintenance Service,4,17699.73,70798.92,Net 60,2026-04-13,2026-04-19,South,Rohit Mehta,Closed,Late
PO202501295,2025-03-06,V003,Prime Workplace India,Administration,Facilities,ITM010,Printer Maintenance Kit,8,6025.7,48205.6,Net 30,2025-03-24,2025-03-23,West,Meera Joshi,Closed,On Time
PO202501296,2025-07-19,V009,Urban Maintenance Co.,Operations,Facilities,ITM011,Cleaning Supplies Kit,12,1324.91,15898.92,Net 30,2025-08-05,2025-08-02,South,Rohit Mehta,Closed,On Time
PO202501297,2025-07-23,V015,TalentBridge Consulting,Human Resources,Professional Services,ITM021,Recruitment Service Fee,2,48016.19,96032.38,Net 45,2025-07-30,2025-07-30,West,Neha Kapoor,Closed,On Time
PO202501298,2025-09-10,V016,StratEdge Partners,IT,Professional Services,ITM020,Audit Support - Monthly,1,49095.89,49095.89,Net 30,2025-09-25,2025-09-22,West,Vikram Reddy,Closed,On Time
PO202501299,2025-01-02,V016,StratEdge Partners,Administration,Professional Services,ITM020,Audit Support - Monthly,1,49446.09,49446.09,Net 60,2025-01-13,2025-01-11,East,Meera Joshi,Closed,On Time
PO202601300,2026-04-16,V011,ProSafe Equipment,Operations,Safety,ITM015,Safety Helmet,37,1060.68,39245.16,Net 30,2026-05-03,2026-05-02,South,Ananya Rao,Closed,On Time
PO202601301,2026-05-19,V016,StratEdge Partners,Human Resources,Professional Services,ITM020,Audit Support - Monthly,3,50956.75,152870.25,Net 60,2026-06-03,2026-06-03,East,Neha Kapoor,Closed,On Time
PO202501302,2025-09-26,V014,Insight Advisory Services,Finance,Professional Services,ITM022,Data Reporting Support - Monthly,1,47992.1,47992.1,Net 60,2025-10-03,2025-10-02,West,Kavya Iyer,Closed,On Time
PO202601303,2026-06-05,V010,SafeGuard Industrial,Operations,Safety,ITM015,Safety Helmet,40,1131.14,45245.6,Net 45,2026-06-20,2026-06-19,West,Ananya Rao,Closed,On Time
PO202501304,2025-12-29,V004,Nexa Technologies,Human Resources,Technology,ITM006,Business Laptop - Standard,7,58422.03,408954.21,Net 60,2026-01-06,2026-01-03,West,NEHA KAPOOR,Closed,On Time
PO202501305,2025-04-28,V005,Vertex Digital Systems,Finance,Technology,ITM007,USB-C Docking Station,1,9943.52,9943.52,Net 60,2025-05-10,2025-05-09,North,Kavya Iyer,Closed,On Time
PO202501306,2025-11-28,V002,Metro Business Supplies,Administration,Office Supplies,ITM001,A4 Copier Paper - 500 Sheets,47,235.65,11075.55,Net 45,2025-12-03,2025-12-01,West,Meera Joshi,Closed,On Time
PO202601307,2026-01-10,V014,Insight Advisory Services,Finance,Professional Services,ITM022,Data Reporting Support - Monthly,3,47455.58,142366.74,Net 30,2026-01-16,2026-01-16,East,Kavya Iyer,Closed,On Time
PO202501308,2025-03-15,V014,Insight Advisory Services,IT,Professional Services,ITM021,Recruitment Service Fee,1,43268.47,43268.47,Net 45,2025-03-29,2025-03-28,East,Vikram Reddy,Closed,On Time
PO202501309,2025-03-03,V001,Apex Office Solutions,Operations,Office Supplies,ITM001,A4 Copier Paper - 500 Sheets,15,244.78,3671.7,Net 60,2025-03-18,2025-03-29,East,Ananya Rao,Closed,Late
PO202501310,2025-04-02,V001,Apex Office Solutions,Operations,Office Supplies,ITM003,Ergonomic Office Chair,15,7990.95,119864.25,Net 30,2025-04-16,2025-04-13,East,Ananya Rao,Closed,On Time
PO202501311,2025-03-17,V004,Nexa Technologies,Sales & Marketing,Technology,ITM005,24-inch Business Monitor,3,11131.58,33394.74,Net 45,2025-03-24,2025-03-21,South,Ishita Shah,Closed,On Time
PO202601312,2026-06-28,V001,Apex Office Solutions,Sales & Marketing,Office Supplies,ITM002,Black Toner Cartridge,15,3262.33,48934.95,Net 45,2026-07-06,,East,Ishita Shah,Open,Open
PO202501313,2025-11-13,V014,Insight Advisory Services,Administration,Professional Services,ITM021,Recruitment Service Fee,1,43704.99,43704.99,Net 30,2025-11-20,2025-11-20,South,Meera Joshi,Closed,On Time
PO202501314,2025-10-18,V006,CoreTech Solutions,IT,Technology,ITM005,24-inch Business Monitor,7,10299.15,72094.05,Net 30,2025-10-27,2025-10-24,North,Vikram Reddy,Closed,On Time
PO202501315,2025-04-02,V009,Urban Maintenance Co.,Operations,Facilities,ITM013,Electrical Maintenance Service,6,17103.59,102621.54,Net 30,2025-04-07,2025-04-12,West,Rohit Mehta,Closed,Late
PO202501316,2025-07-23,V015,TalentBridge Consulting,IT,Professional Services,ITM022,Data Reporting Support - Monthly,2,53254.05,106508.1,Net 30,2025-07-29,2025-07-27,East,Vikram Reddy,Closed,On Time
PO202501317,2025-11-25,V014,Insight Advisory Services,IT,Professional Services,ITM019,Training Workshop - Per Batch,1,37676.19,37676.19,Net 45,2025-12-08,2025-12-05,East,Vikram Reddy,Closed,On Time
PO202501318,2025-11-18,V015,TalentBridge Consulting,Administration,Professional Services,ITM021,Recruitment Service Fee,1,47288.89,47288.89,Net 30,2025-11-29,2025-11-28,North,Meera Joshi,Closed,On Time
PO202501319,2025-10-27,V016,StratEdge Partners,Finance,Professional Services,ITM019,Training Workshop - Per Batch,1,36398.58,36398.58,Net 45,2025-11-07,2025-11-06,West,Kavya Iyer,Closed,On Time
PO202501320,2025-10-10,V007,SecureNet Systems,Finance,Technology,ITM006,Business Laptop - Standard,3,58699.85,176099.55,Net 30,2025-10-17,2025-10-15,West,Kavya Iyer,Closed,On Time
PO202601321,2026-06-19,V001,Apex Office Solutions,Administration,Office Supplies,ITM001,A4 Copier Paper - 500 Sheets,53,271.92,14411.76,Net 30,2026-07-03,2026-07-03,East,Meera Joshi,Closed,On Time
PO202601322,2026-05-06,V014,Insight Advisory Services,Administration,Professional Services,ITM021,Recruitment Service Fee,2,45752.7,91505.4,Net 60,2026-05-16,2026-05-15,West,Meera Joshi,Closed,On Time
PO202501323,2025-09-08,V006,CoreTech Solutions,Finance,Technology,ITM007,USB-C Docking Station,2,8053.12,16106.24,Net 45,2025-09-15,2025-09-14,South,Kavya Iyer,Closed,On Time
PO202501324,2025-12-31,V007,SecureNet Systems,IT,Technology,ITM009,Annual Software License,7,22720.47,159043.29,Net 30,2026-01-18,2026-01-15,North,Vikram Reddy,Closed,On Time
PO202501325,2025-01-03,V002,Metro Business Supplies,Human Resources,Office Supplies,ITM003,Ergonomic Office Chair,5,7580.39,37901.95,Net 30,2025-01-19,2025-01-17,North,Neha Kapoor,Closed,On Time
PO202601326,2026-02-02,V010,SafeGuard Industrial,Operations,Safety,ITM016,First Aid Refill Kit,23,2205.1,50717.3,Net 30,2026-02-09,2026-02-06,West,Ananya Rao,Closed,On Time
PO202501327,2025-09-12,V001,Apex Office Solutions,Human Resources,Office Supplies,ITM002,Black Toner Cartridge,1,3209.98,3209.98,Net 45,2025-09-21,2025-09-18,East,Neha Kapoor,Closed,On Time
PO202501328,2025-01-29,V015,TalentBridge Consulting,IT,Professional Services,ITM020,Audit Support - Monthly,3,54307.1,162921.3,Net 45,2025-02-03,2025-02-03,East,Vikram Reddy,Closed,On Time
PO202501329,2025-10-20,V001,Apex Office Solutions,Finance,Office Supplies,ITM002,Black Toner Cartridge,3,3114.31,9342.93,Net 60,2025-10-28,2025-10-26,West,Kavya Iyer,Closed,On Time
PO202501330,2025-10-15,V015,TalentBridge Consulting,Finance,Professional Services,ITM021,Recruitment Service Fee,1,49028.46,49028.46,Net 45,2025-10-23,2025-10-22,West,Kavya Iyer,Closed,On Time
PO202501331,2025-05-20,V004,Nexa Technologies,Finance,Technology,ITM004,Wireless Keyboard & Mouse,19,1883.71,35790.49,Net 30,2025-05-25,2025-05-23,East,Kavya Iyer,Closed,On Time
PO202601332,2026-03-15,V003,Prime Workplace India,Human Resources,Office Supplies,ITM002,Black Toner Cartridge,8,3278.75,26230.0,Net 30,2026-03-29,2026-03-27,South,Neha Kapoor,Closed,On Time
PO202501333,2025-10-12,V003,Prime Workplace India,Operations,Office Supplies,ITM001,A4 Copier Paper - 500 Sheets,40,269.0,10760.0,Net 30,2025-10-29,2025-10-26,South,Ananya Rao,Closed,On Time
PO202501334,2025-10-05,V001,Apex Office Solutions,Administration,Office Supplies,ITM001,A4 Copier Paper - 500 Sheets,9,256.23,2306.07,Net 30,2025-10-22,2025-10-22,West,Meera Joshi,Closed,On Time
PO202501335,2025-05-16,V003,Prime Workplace India,Administration,Office Supplies,ITM002,Black Toner Cartridge,15,3662.05,54930.75,Net 45,2025-06-03,2025-05-31,South,Meera Joshi,Closed,On Time
PO202601336,2026-05-23,V003,Prime Workplace India,Finance,Office Supplies,ITM003,Ergonomic Office Chair,14,8463.38,118487.32,Net 30,2026-05-30,2026-05-30,West,Kavya Iyer,Closed,On Time
PO202601337,2026-04-26,V001,Apex Office Solutions,Finance,Office Supplies,ITM001,A4 Copier Paper - 500 Sheets,56,248.4,13910.4,Net 30,2026-05-10,2026-05-08,North,Kavya Iyer,Closed,On Time
PO202601338,2026-05-13,V011,ProSafe Equipment,Operations,Safety,ITM014,Safety Gloves - Box,10,662.78,6627.8,Net 30,2026-05-19,2026-05-19,South,Ananya Rao,Closed,On Time
PO202601339,2026-03-02,V007,SecureNet Systems,IT,Technology,ITM009,Annual Software License,2,24047.92,48095.84,Net 30,2026-03-14,2026-03-11,South,Vikram Reddy,Closed,On Time
PO202501340,2025-06-04,V001,Apex Office Solutions,Sales & Marketing,Office Supplies,ITM003,Ergonomic Office Chair,10,7737.18,77371.8,Net 30,2025-06-14,2025-06-14,West,Arjun Nair,Closed,On Time
PO202501341,2025-09-13,V001,Apex Office Solutions,Human Resources,Office Supplies,ITM001,A4 Copier Paper - 500 Sheets,14,241.58,3382.12,Net 45,2025-09-19,2025-09-16,North,Neha Kapoor,Closed,On Time
PO202501342,2025-07-20,V016,StratEdge Partners,Finance,Professional Services,ITM022,Data Reporting Support - Monthly,1,48190.36,48190.36,Net 30,2025-08-02,2025-07-30,North,Kavya Iyer,Closed,On Time
PO202501343,2025-10-05,V006,CoreTech Solutions,IT,Technology,ITM006,Business Laptop - Standard,6,52914.37,317486.22,Net 30,2025-10-11,2025-10-09,East,Vikram Reddy,Closed,On Time
PO202501344,2025-09-21,V008,FacilityPro Services,Administration,Facilities,ITM013,Electrical Maintenance Service,6,18108.32,108649.92,Net 30,2025-10-02,2025-10-01,East,Meera Joshi,Closed,On Time
PO202501345,2025-11-23,V003,Prime Workplace India,Operations,Facilities,ITM011,Cleaning Supplies Kit,30,1397.19,41915.7,Net 45,2025-12-03,2025-12-02,West,Ananya Rao,Closed,On Time
PO202601346,2026-01-13,V001,Apex Office Solutions,Administration,Office Supplies,ITM003,Ergonomic Office Chair,15,7990.36,119855.4,Net 30,2026-01-31,2026-01-28,West,Meera Joshi,Closed,On Time
PO202501347,2025-11-20,V014,Insight Advisory Services,IT,Professional Services,ITM020,Audit Support - Monthly,1,52088.11,52088.11,Net 45,2025-12-05,2025-12-03,West,Vikram Reddy,Closed,On Time
PO202601348,2026-03-18,V015,TalentBridge Consulting,Finance,Professional Services,ITM019,Training Workshop - Per Batch,1,40667.1,40667.1,Net 30,2026-03-26,2026-03-26,South,Kavya Iyer,Closed,On Time
PO202501349,2025-10-07,V003,Prime Workplace India,Administration,Office Supplies,ITM003,Ergonomic Office Chair,11,8544.03,93984.33,Net 30,2025-10-13,2025-10-12,West,Meera Joshi,Closed,On Time
PO202601350,2026-03-04,V003,Prime Workplace India,Administration,Facilities,ITM010,Printer Maintenance Kit,9,5849.97,52649.73,Net 30,2026-03-14,2026-03-14,North,Meera Joshi,Closed,On Time
PO202501351,2025-01-01,V007,SecureNet Systems,Human Resources,Technology,ITM008,Network Switch - 24 Port,8,17218.33,137746.64,Net 45,2025-01-09,2025-01-07,East,Neha Kapoor,Closed,On Time
PO202501352,2025-05-02,V006,CoreTech Solutions,IT,Technology,ITM006,Business Laptop - Standard,3,51641.22,154923.66,Net 30,2025-05-18,2025-05-17,West,Vikram Reddy,Closed,On Time
PO202501353,2025-01-18,V008,FacilityPro Services,Operations,Facilities,ITM011,Cleaning Supplies Kit,55,1360.63,74834.65,Net 60,2025-01-24,2025-01-21,South,Ananya Rao,Closed,On Time
PO202601354,2026-04-03,V015,TalentBridge Consulting,IT,Professional Services,ITM019,Training Workshop - Per Batch,1,40531.02,40531.02,Net 30,2026-04-09,2026-04-09,East,Vikram Reddy,Closed,On Time
PO202601355,2026-02-24,V004,Nexa Technologies,IT,Technology,ITM009,Annual Software License,4,21178.68,84714.72,Net 30,2026-03-12,2026-03-10,East,Vikram Reddy,Closed,On Time
PO202501356,2025-04-09,V005,Vertex Digital Systems,Sales & Marketing,Technology,ITM005,24-inch Business Monitor,4,12577.02,50308.08,Net 45,2025-04-22,2025-04-20,West,Ishita Shah,Closed,On Time
PO202501357,2025-03-05,V004,Nexa Technologies,Human Resources,Technology,ITM007,USB-C Docking Station,7,8732.16,61125.12,Net 45,2025-03-13,2025-03-12,West,Neha Kapoor,Closed,On Time
PO202501358,2025-07-28,V002,Metro Business Supplies,Sales & Marketing,Office Supplies,ITM001,A4 Copier Paper - 500 Sheets,45,231.76,10429.2,Net 30,2025-08-10,2025-08-07,East,Arjun Nair,Closed,On Time
PO202501359,2025-09-11,V003,Prime Workplace India,Finance,Office Supplies,ITM001,A4 Copier Paper - 500 Sheets,47,256.14,12038.58,Net 60,2025-09-24,2025-09-23,West,Kavya Iyer,Closed,On Time
PO202501360,2025-08-18,V011,ProSafe Equipment,Operations,Safety,ITM016,First Aid Refill Kit,35,1926.57,67429.95,Net 30,2025-08-28,2025-08-28,East,Rohit Mehta,Closed,On Time
PO202601361,2026-01-30,V010,SafeGuard Industrial,Operations,Safety,ITM016,First Aid Refill Kit,5,2147.26,10736.3,Net 60,2026-02-14,2026-02-14,North,Ananya Rao,Closed,On Time
PO202501362,2025-03-18,V014,Insight Advisory Services,Human Resources,Professional Services,ITM022,Data Reporting Support - Monthly,1,50046.71,50046.71,Net 45,2025-03-28,2025-03-25,West,Neha Kapoor,Closed,On Time
PO202601363,2026-01-21,V009,Urban Maintenance Co.,Administration,Facilities,ITM013,Electrical Maintenance Service,6,18027.24,108163.44,Net 30,2026-02-04,2026-02-03,West,Meera Joshi,Closed,On Time
PO202601364,2026-06-04,V001,Apex Office Solutions,Administration,Office Supplies,ITM002,Black Toner Cartridge,11,3386.45,37250.95,Net 45,2026-06-15,2026-06-15,North,Meera Joshi,Closed,On Time
PO202501365,2025-01-24,V012,BrightReach Media,Sales & Marketing,Marketing,ITM018,Printed Marketing Materials,1,13112.02,13112.02,Net 30,2025-01-30,2025-01-27,South,Ishita Shah,Closed,On Time
PO202501366,2025-11-11,V002,Metro Business Supplies,Sales & Marketing,Office Supplies,ITM002,Black Toner Cartridge,5,3036.59,15182.95,Net 45,2025-11-22,2025-11-21,North,Arjun Nair,Closed,On Time
PO202601367,2026-02-25,V014,Insight Advisory Services,Finance,Professional Services,ITM021,Recruitment Service Fee,3,46168.96,138506.88,Net 30,2026-03-14,2026-03-11,South,Kavya Iyer,Closed,On Time
PO202501368,2025-10-24,V006,CoreTech Solutions,IT,Technology,ITM009,Annual Software License,1,21141.63,21141.63,Net 45,2025-11-03,2025-11-03,South,Vikram Reddy,Closed,On Time
PO202601369,2026-02-13,V014,Insight Advisory Services,Human Resources,Professional Services,ITM022,Data Reporting Support - Monthly,1,48679.9,48679.9,Net 30,2026-02-18,2026-02-17,North,Neha Kapoor,Closed,On Time
PO202601370,2026-06-17,V011,ProSafe Equipment,Operations,Safety,ITM016,First Aid Refill Kit,47,1949.31,91617.57,Net 45,2026-07-04,,West,Rohit Mehta,Open,Open
PO202501371,2025-04-19,V001,Apex Office Solutions,Human Resources,Office Supplies,ITM001,A4 Copier Paper - 500 Sheets,55,256.37,14100.35,Net 30,2025-04-29,2025-04-29,South,Neha Kapoor,Closed,On Time
PO202601372,2026-02-17,V015,TalentBridge Consulting,Administration,Professional Services,ITM021,Recruitment Service Fee,1,45866.21,45866.21,Net 45,2026-02-28,2026-02-26,West,Meera Joshi,Closed,On Time
PO202501373,2025-10-29,V003,Prime Workplace India,Sales & Marketing,Office Supplies,ITM002,Black Toner Cartridge,11,3512.41,38636.51,Net 30,2025-11-04,2025-11-03,South,Arjun Nair,Closed,On Time
PO202501374,2025-04-26,V003,Prime Workplace India,Operations,Facilities,ITM010,Printer Maintenance Kit,5,5688.0,28440.0,Net 30,2025-05-05,2025-05-03,South,Rohit Mehta,Closed,On Time
PO202601375,2026-05-11,V016,StratEdge Partners,Finance,Professional Services,ITM022,Data Reporting Support - Monthly,1,46265.75,46265.75,Net 30,2026-05-16,2026-05-15,North,Kavya Iyer,Closed,On Time
PO202601376,2026-05-05,V003,Prime Workplace India,Administration,Office Supplies,ITM001,A4 Copier Paper - 500 Sheets,43,271.29,11665.47,Net 60,2026-05-10,2026-05-09,North,Meera Joshi,Closed,On Time
PO202501377,2025-01-31,V015,TalentBridge Consulting,Finance,Professional Services,ITM021,Recruitment Service Fee,1,48731.56,48731.56,Net 30,2025-02-10,2025-02-07,South,Kavya Iyer,Closed,On Time
PO202501378,2025-08-19,V012,BrightReach Media,Sales & Marketing,Marketing,ITM017,Digital Marketing Campaign,1,43074.31,43074.31,Net 30,2025-08-25,2025-08-25,West,Ishita Shah,Closed,On Time
PO202601379,2026-04-29,V007,SecureNet Systems,IT,Technology,ITM009,Annual Software License,7,23053.71,161375.97,Net 45,2026-05-16,2026-05-15,North,Vikram Reddy,Closed,On Time
PO202501380,2025-11-29,V006,CoreTech Solutions,Sales & Marketing,Technology,ITM005,24-inch Business Monitor,6,10101.95,60611.7,Net 30,2025-12-05,2025-12-03,South,Ishita Shah,Closed,On Time
PO202501381,2025-03-10,V014,Insight Advisory Services,Administration,Professional Services,ITM019,Training Workshop - Per Batch,1,38529.56,38529.56,Net 30,2025-03-22,2025-03-20,North,Meera Joshi,Closed,On Time
PO202501382,2025-11-01,V001,Apex Office Solutions,Sales & Marketing,Office Supplies,ITM003,Ergonomic Office Chair,14,8072.95,113021.3,Net 45,2025-11-13,2025-11-11,East,Arjun Nair,Closed,On Time
PO202501383,2025-09-24,V001,Apex Office Solutions,Administration,Office Supplies,ITM001,A4 Copier Paper - 500 Sheets,39,260.73,10168.47,Net 30,2025-09-29,2025-09-29,East,Meera Joshi,Closed,On Time
PO202501384,2025-03-12,V011,ProSafe Equipment,Operations,Safety,ITM016,First Aid Refill Kit,32,2091.23,66919.36,Net 45,2025-03-17,2025-03-16,South,Rohit Mehta,Closed,On Time
PO202501385,2025-06-28,V013,MarketCraft Communications,Sales & Marketing,Marketing,ITM018,Printed Marketing Materials,1,13738.06,13738.06,Net 30,2025-07-13,2025-07-12,North,Ishita Shah,Closed,On Time
PO202501386,2025-08-20,V006,CoreTech Solutions,IT,Technology,ITM004,Wireless Keyboard & Mouse,27,1746.99,47168.73,Net 30,2025-08-31,2025-08-30,East,Vikram Reddy,Closed,On Time
PO202501387,2025-03-31,V015,TalentBridge Consulting,Human Resources,Professional Services,ITM020,Audit Support - Monthly,1,54887.07,54887.07,Net 30,2025-04-09,2025-04-06,North,Neha Kapoor,Closed,On Time
PO202601388,2026-03-17,V002,Metro Business Supplies,Administration,Office Supplies,ITM003,Ergonomic Office Chair,1,7787.09,7787.09,Net 30,2026-04-02,2026-04-04,North,Meera Joshi,Closed,Late
PO202501389,2025-08-22,V012,BrightReach Media,Sales & Marketing,Marketing,ITM018,Printed Marketing Materials,3,12792.31,38376.93,Net 60,2025-09-05,2025-09-03,West,Ishita Shah,Closed,On Time
PO202601390,2026-02-04,V015,TalentBridge Consulting,Administration,Professional Services,ITM021,Recruitment Service Fee,3,49823.83,149471.49,Net 30,2026-02-20,2026-02-18,North,Meera Joshi,Closed,On Time
PO202501391,2025-12-03,V003,Prime Workplace India,Sales & Marketing,Office Supplies,ITM001,A4 Copier Paper - 500 Sheets,58,269.17,15611.86,Net 30,2025-12-17,2025-12-21,East,Arjun Nair,Closed,Late
PO202501392,2025-05-21,V003,Prime Workplace India,Sales & Marketing,Office Supplies,ITM003,Ergonomic Office Chair,2,8351.57,16703.14,Net 45,2025-06-02,2025-06-09,North,Ishita Shah,Closed,Late
PO202501393,2025-07-31,V007,SecureNet Systems,IT,Technology,ITM008,Network Switch - 24 Port,2,17965.11,35930.22,Net 45,2025-08-06,2025-08-05,West,Vikram Reddy,Closed,On Time
PO202501394,2025-09-09,V014,Insight Advisory Services,Administration,Professional Services,ITM019,Training Workshop - Per Batch,3,39614.21,118842.63,Net 45,2025-09-14,2025-09-14,West,Meera Joshi,Closed,On Time
PO202601395,2026-04-01,V008,FacilityPro Services,Operations,Facilities,ITM011,Cleaning Supplies Kit,32,1347.66,43125.12,Net 30,2026-04-15,2026-04-13,North,Ananya Rao,Closed,On Time
PO202501396,2025-11-23,V006,CoreTech Solutions,IT,Technology,ITM009,Annual Software License,4,19880.56,79522.24,Net 30,2025-12-10,2025-12-10,West,Vikram Reddy,Closed,On Time
PO202501397,2025-11-11,V003,Prime Workplace India,Administration,Facilities,ITM010,Printer Maintenance Kit,10,5768.72,57687.2,Net 45,2025-11-16,2025-11-14,South,Meera Joshi,Closed,On Time
PO202501398,2025-02-13,V001,Apex Office Solutions,Operations,Office Supplies,ITM002,Black Toner Cartridge,7,3154.7,22082.9,Net 30,2025-02-19,2025-02-16,East,Ananya Rao,Closed,On Time
PO202601399,2026-03-27,V014,Insight Advisory Services,IT,Professional Services,ITM020,Audit Support - Monthly,3,51052.53,153157.59,Net 30,2026-04-01,2026-03-30,East,Vikram Reddy,Closed,On Time
PO202601400,2026-01-11,V004,Nexa Technologies,Finance,Technology,ITM005,24-inch Business Monitor,7,10867.21,76070.47,Net 45,2026-01-29,2026-01-26,North,Kavya Iyer,Closed,On Time
PO202501401,2025-04-29,V015,TalentBridge Consulting,Finance,Professional Services,ITM019,Training Workshop - Per Batch,1,41707.87,41707.87,Net 30,2025-05-11,2025-05-08,West,Kavya Iyer,Closed,On Time
PO202601402,2026-01-23,V001,Apex Office Solutions,Finance,Office Supplies,ITM002,Black Toner Cartridge,13,3047.31,39615.03,Net 30,2026-02-01,2026-01-29,South,Kavya Iyer,Closed,On Time
PO202501403,2025-11-28,V011,ProSafe Equipment,Operations,Safety,ITM016,First Aid Refill Kit,21,1988.74,41763.54,Net 30,2025-12-03,2025-12-03,South,Ananya Rao,Closed,On Time
PO202501404,2025-01-09,V012,BrightReach Media,Sales & Marketing,Marketing,ITM018,Printed Marketing Materials,1,12964.37,12964.37,Net 30,2025-01-18,2025-01-16,West,Ishita Shah,Closed,On Time
PO202601405,2026-02-26,V003,Prime Workplace India,Operations,Facilities,ITM013,Electrical Maintenance Service,1,20350.36,20350.36,Net 60,2026-03-12,2026-03-10,East,Rohit Mehta,Closed,On Time
PO202501406,2025-11-24,V006,CoreTech Solutions,Finance,Technology,ITM005,24-inch Business Monitor,8,10487.8,83902.4,Net 30,2025-12-01,2025-12-01,West,Kavya Iyer,Closed,On Time
PO202601407,2026-03-12,V002,Metro Business Supplies,Administration,Office Supplies,ITM001,A4 Copier Paper - 500 Sheets,57,250.1,14255.7,Net 30,2026-03-21,2026-03-21,West,Meera Joshi,Closed,On Time
PO202601408,2026-06-04,V006,CoreTech Solutions,Sales & Marketing,Technology,ITM009,Annual Software License,4,21428.36,85713.44,Net 30,2026-06-20,2026-06-28,East,Ishita Shah,Closed,Late
PO202501409,2025-04-07,V003,Prime Workplace India,Operations,Office Supplies,ITM003,Ergonomic Office Chair,6,8719.79,52318.74,Net 60,2025-04-15,2025-04-12,West,Ananya Rao,Closed,On Time
PO202601410,2026-02-10,V003,Prime Workplace India,Finance,Office Supplies,ITM001,A4 Copier Paper - 500 Sheets,59,253.26,14942.34,Net 60,2026-02-17,2026-02-16,South,Kavya Iyer,Closed,On Time
PO202601411,2026-04-07,V003,Prime Workplace India,Operations,Facilities,ITM010,Printer Maintenance Kit,8,5914.68,47317.44,Net 30,2026-04-23,2026-04-21,West,Ananya Rao,Closed,On Time
PO202501412,2025-10-05,V006,CoreTech Solutions,IT,Technology,ITM004,Wireless Keyboard & Mouse,24,1724.43,41386.32,Net 30,2025-10-11,2025-10-10,North,Vikram Reddy,Closed,On Time
PO202501413,2025-01-29,V015,TalentBridge Consulting,IT,Professional Services,ITM020,Audit Support - Monthly,3,57791.49,173374.47,Net 30,2025-02-09,2025-02-08,East,Vikram Reddy,Closed,On Time
PO202501414,2025-05-28,V011,ProSafe Equipment,Operations,Safety,ITM016,First Aid Refill Kit,11,1946.15,21407.65,Net 30,2025-06-03,2025-06-03,North,Rohit Mehta,Closed,On Time
PO202601415,2026-06-23,V006,CoreTech Solutions,IT,Technology,ITM004,Wireless Keyboard & Mouse,30,1638.78,49163.4,Net 60,2026-07-05,,South,Vikram Reddy,Open,Open
PO202501416,2025-08-31,V006,CoreTech Solutions,IT,Technology,ITM004,Wireless Keyboard & Mouse,39,1645.95,64192.05,Net 30,2025-09-14,2025-09-21,North,Vikram Reddy,Closed,Late
PO202501417,2025-03-03,V014,Insight Advisory Services,Finance,Professional Services,ITM019,Training Workshop - Per Batch,3,38057.97,114173.91,Net 45,2025-03-15,2025-03-15,West,Kavya Iyer,Closed,On Time
PO202501418,2025-04-06,V004,Nexa Technologies,Sales & Marketing,Technology,ITM008,Network Switch - 24 Port,2,16560.12,33120.24,Net 30,2025-04-21,2025-04-20,South,Ishita Shah,Closed,On Time
PO202501419,2025-10-14,V015,TalentBridge Consulting,IT,Professional Services,ITM019,Training Workshop - Per Batch,1,40652.36,40652.36,Net 30,2025-10-26,2025-10-23,West,Vikram Reddy,Closed,On Time
PO202501420,2025-11-05,V005,Vertex Digital Systems,IT,Technology,ITM005,24-inch Business Monitor,7,11713.23,81992.61,Net 30,2025-11-10,2025-11-09,North,Vikram Reddy,Closed,On Time
PO202501421,2025-01-18,V016,StratEdge Partners,Finance,Professional Services,ITM022,Data Reporting Support - Monthly,1,46272.47,46272.47,Net 45,2025-01-26,2025-01-23,North,Kavya Iyer,Closed,On Time
PO202501422,2025-04-07,V008,FacilityPro Services,Operations,Facilities,ITM010,Printer Maintenance Kit,5,5476.9,27384.5,Net 30,2025-04-23,2025-04-22,North,Rohit Mehta,Closed,On Time
PO202501423,2025-12-26,V002,Metro Business Supplies,Operations,Office Supplies,ITM001,A4 Copier Paper - 500 Sheets,39,221.0,8619.0,Net 30,2026-01-09,2026-01-09,East,Rohit Mehta,Closed,On Time
PO202501424,2025-10-20,V014,Insight Advisory Services,IT,Professional Services,ITM021,Recruitment Service Fee,3,44933.24,134799.72,Net 30,2025-11-04,2025-11-03,South,Vikram Reddy,Closed,On Time
PO202601425,2026-05-28,V015,TalentBridge Consulting,Finance,Professional Services,ITM019,Training Workshop - Per Batch,3,39505.21,118515.63,Net 45,2026-06-03,2026-06-03,East,Kavya Iyer,Closed,On Time
PO202501426,2025-05-14,V002,Metro Business Supplies,Finance,Office Supplies,ITM002,Black Toner Cartridge,9,3003.76,27033.84,Net 30,2025-06-01,2025-05-31,West,Kavya Iyer,Closed,On Time
PO202501427,2025-10-13,V007,SecureNet Systems,Sales & Marketing,Technology,ITM007,USB-C Docking Station,3,8746.8,26240.4,Net 30,2025-10-19,2025-10-16,East,Arjun Nair,Closed,On Time
PO202501428,2025-01-10,V002,Metro Business Supplies,Administration,Office Supplies,ITM003,Ergonomic Office Chair,12,7856.62,94279.44,Net 60,2025-01-17,2025-01-15,South,Meera Joshi,Closed,On Time
PO202501429,2025-08-12,V010,SafeGuard Industrial,Operations,Safety,ITM016,First Aid Refill Kit,52,2187.59,113754.68,Net 30,2025-08-28,2025-08-25,South,Ananya Rao,Closed,On Time
PO202501430,2025-01-04,V001,Apex Office Solutions,Sales & Marketing,Office Supplies,ITM001,A4 Copier Paper - 500 Sheets,56,237.83,13318.48,Net 60,2025-01-09,2025-01-24,East,Arjun Nair,Closed,Late
PO202501431,2025-08-29,V006,CoreTech Solutions,Sales & Marketing,Technology,ITM009,Annual Software License,8,20896.64,167173.12,Net 30,2025-09-14,2025-09-14,North,Ishita Shah,Closed,On Time
PO202601432,2026-03-12,V001,Apex Office Solutions,Finance,Office Supplies,ITM001,A4 Copier Paper - 500 Sheets,57,255.52,14564.64,Net 45,2026-03-30,2026-03-28,West,Kavya Iyer,Closed,On Time
PO202501433,2025-11-22,V002,Metro Business Supplies,Sales & Marketing,Office Supplies,ITM002,Black Toner Cartridge,3,2899.25,8697.75,Net 30,2025-12-09,2025-12-07,South,Arjun Nair,Closed,On Time
PO202501434,2025-01-13,V001,Apex Office Solutions,Operations,Office Supplies,ITM002,Black Toner Cartridge,6,3032.5,18195.0,Net 30,2025-01-24,2025-01-22,North,Rohit Mehta,Closed,On Time
PO202601435,2026-03-19,V006,CoreTech Solutions,IT,Technology,ITM004,Wireless Keyboard & Mouse,46,1656.61,76204.06,Net 45,2026-04-04,2026-04-08,South,Vikram Reddy,Closed,Late
PO202601436,2026-06-10,V003,Prime Workplace India,Administration,Facilities,ITM010,Printer Maintenance Kit,3,6010.05,18030.15,Net 30,2026-06-15,2026-06-15,North,Meera Joshi,Closed,On Time
PO202601437,2026-04-24,V014,Insight Advisory Services,Administration,Professional Services,ITM020,Audit Support - Monthly,1,50667.72,50667.72,Net 30,2026-05-04,2026-05-04,South,Meera Joshi,Closed,On Time
PO202501438,2025-05-23,V006,CoreTech Solutions,Finance,Technology,ITM004,Wireless Keyboard & Mouse,45,1758.32,79124.4,Net 30,2025-05-30,2025-05-28,South,Kavya Iyer,Closed,On Time
PO202601439,2026-02-12,V003,Prime Workplace India,Operations,Facilities,ITM011,Cleaning Supplies Kit,31,1421.11,44054.41,Net 45,2026-02-17,2026-02-21,West,Rohit Mehta,Closed,Late
PO202501440,2025-03-30,V007,SecureNet Systems,IT,Technology,ITM005,24-inch Business Monitor,7,11097.77,77684.39,Net 30,2025-04-05,2025-04-04,North,Vikram Reddy,Closed,On Time
PO202501441,2025-01-12,V016,StratEdge Partners,Human Resources,Professional Services,ITM020,Audit Support - Monthly,1,51926.53,51926.53,Net 60,2025-01-21,2025-01-21,North,Neha Kapoor,Closed,On Time
PO202501442,2025-11-04,V001,Apex Office Solutions,Administration,Office Supplies,ITM003,Ergonomic Office Chair,6,8113.34,48680.04,Net 60,2025-11-16,2025-11-15,North,Meera Joshi,Closed,On Time
PO202501443,2025-06-02,V014,Insight Advisory Services,Finance,Professional Services,ITM019,Training Workshop - Per Batch,1,37881.63,37881.63,Net 45,2025-06-09,2025-06-09,West,Kavya Iyer,Closed,On Time
PO202501444,2025-07-07,V016,StratEdge Partners,Administration,Professional Services,ITM022,Data Reporting Support - Monthly,2,47645.93,95291.86,Net 60,2025-07-17,2025-07-14,West,Meera Joshi,Closed,On Time
PO202601445,2026-03-29,V014,Insight Advisory Services,IT,Professional Services,ITM022,Data Reporting Support - Monthly,1,46427.84,46427.84,Net 30,2026-04-12,2026-04-11,South,Vikram Reddy,Closed,On Time
PO202501446,2025-11-07,V004,Nexa Technologies,Sales & Marketing,Technology,ITM005,24-inch Business Monitor,5,10846.36,54231.8,Net 30,2025-11-24,2025-11-24,East,Ishita Shah,Closed,On Time
PO202501447,2025-06-04,V015,TalentBridge Consulting,IT,Professional Services,ITM021,Recruitment Service Fee,1,49016.94,49016.94,Net 30,2025-06-14,2025-06-13,East,Vikram Reddy,Closed,On Time
PO202501448,2025-10-17,V002,Metro Business Supplies,Operations,Office Supplies,ITM001,A4 Copier Paper - 500 Sheets,54,231.3,12490.2,Net 30,2025-10-25,2025-10-25,East,Ananya Rao,Closed,On Time
PO202601449,2026-03-16,V011,ProSafe Equipment,Operations,Safety,ITM016,First Aid Refill Kit,60,2005.05,120303.0,Net 30,2026-03-29,2026-03-29,North,Rohit Mehta,Closed,On Time
PO202601450,2026-02-19,V016,StratEdge Partners,IT,Professional Services,ITM019,Training Workshop - Per Batch,1,38679.66,38679.66,Net 30,2026-02-25,2026-02-23,North,Vikram Reddy,Closed,On Time
PO202501451,2025-07-10,V010,SafeGuard Industrial,Operations,Safety,ITM015,Safety Helmet,38,1178.94,44799.72,Net 30,2025-07-21,2025-07-26,South,Rohit Mehta,Closed,Late
PO202501452,2025-07-27,V002,Metro Business Supplies,Administration,Office Supplies,ITM001,A4 Copier Paper - 500 Sheets,42,243.83,10240.86,Net 30,2025-08-10,2025-08-10,North,Meera Joshi,Closed,On Time
PO202501453,2025-01-14,V003,Prime Workplace India,Administration,Facilities,ITM010,Printer Maintenance Kit,8,5937.01,47496.08,Net 45,2025-01-30,2025-01-27,East,Meera Joshi,Closed,On Time
PO202501454,2025-09-22,V003,Prime Workplace India,Sales & Marketing,Office Supplies,ITM002,Black Toner Cartridge,6,3335.38,20012.28,Net 30,2025-09-27,2025-09-27,East,Ishita Shah,Closed,On Time
PO202501455,2025-08-17,V001,Apex Office Solutions,Operations,Office Supplies,ITM001,A4 Copier Paper - 500 Sheets,38,238.87,9077.06,Net 30,2025-09-01,2025-08-29,South,Rohit Mehta,Closed,On Time
PO202601456,2026-04-25,V015,TalentBridge Consulting,Human Resources,Professional Services,ITM019,Training Workshop - Per Batch,3,40524.85,121574.55,Net 30,2026-05-07,2026-05-06,West,Neha Kapoor,Closed,On Time
PO202501457,2025-09-15,V005,Vertex Digital Systems,IT,Technology,ITM007,USB-C Docking Station,8,9423.62,75388.96,Net 60,2025-09-26,2025-09-26,South,Vikram Reddy,Closed,On Time
PO202501458,2025-10-21,V014,Insight Advisory Services,IT,Professional Services,ITM021,Recruitment Service Fee,1,47129.64,47129.64,Net 45,2025-10-26,2025-10-24,North,Vikram Reddy,Closed,On Time
PO202501459,2025-05-19,V003,Prime Workplace India,Human Resources,Office Supplies,ITM001,A4 Copier Paper - 500 Sheets,42,254.53,10690.26,Net 45,2025-05-24,2025-05-21,East,Neha Kapoor,Closed,On Time
PO202601460,2026-04-12,V006,CoreTech Solutions,IT,Technology,ITM007,USB-C Docking Station,6,8272.33,49633.98,Net 30,2026-04-18,2026-04-18,North,Vikram Reddy,Closed,On Time
PO202501461,2025-04-02,V016,StratEdge Partners,IT,Professional Services,ITM021,Recruitment Service Fee,1,43429.81,43429.81,Net 30,2025-04-14,2025-04-13,South,Vikram Reddy,Closed,On Time
PO202501462,2025-06-10,V010,SafeGuard Industrial,Operations,Safety,ITM016,First Aid Refill Kit,19,2138.9,40639.1,Net 30,2025-06-24,2025-06-22,West,Ananya Rao,Closed,On Time
PO202501463,2025-01-11,V009,Urban Maintenance Co.,Operations,Facilities,ITM010,Printer Maintenance Kit,4,5124.26,20497.04,Net 60,2025-01-16,2025-01-23,East,Rohit Mehta,Closed,Late
PO202501464,2025-09-08,V014,Insight Advisory Services,Administration,Professional Services,ITM021,Recruitment Service Fee,1,45427.3,45427.3,Net 60,2025-09-13,2025-09-13,North,Meera Joshi,Closed,On Time
PO202601465,2026-03-07,V009,Urban Maintenance Co.,Administration,Facilities,ITM013,Electrical Maintenance Service,8,17245.05,137960.4,Net 45,2026-03-15,2026-03-13,South,Meera Joshi,Closed,On Time
PO202601466,2026-05-20,V001,Apex Office Solutions,Operations,Office Supplies,ITM003,Ergonomic Office Chair,9,7883.08,70947.72,Net 30,2026-05-26,2026-05-24,South,Rohit Mehta,Closed,On Time
PO202501467,2025-06-14,V003,Prime Workplace India,Human Resources,Office Supplies,ITM002,Black Toner Cartridge,12,3367.68,40412.16,Net 30,2025-07-02,2025-06-30,East,Neha Kapoor,Closed,On Time
PO202501468,2025-05-25,V001,Apex Office Solutions,Operations,Office Supplies,ITM001,A4 Copier Paper - 500 Sheets,37,236.55,8752.35,Net 45,2025-06-06,2025-06-03,East,Ananya Rao,Closed,On Time
PO202501469,2025-03-04,V006,CoreTech Solutions,Sales & Marketing,Technology,ITM005,24-inch Business Monitor,8,10496.42,83971.36,Net 30,2025-03-13,2025-03-11,North,Ishita Shah,Closed,On Time
PO202501470,2025-07-05,V001,Apex Office Solutions,Operations,Office Supplies,ITM002,Black Toner Cartridge,11,3237.12,35608.32,Net 60,2025-07-18,2025-07-17,West,Rohit Mehta,Closed,On Time
PO202501471,2025-02-16,V001,Apex Office Solutions,Human Resources,Office Supplies,ITM001,A4 Copier Paper - 500 Sheets,48,254.88,12234.24,Net 60,2025-02-24,2025-02-24,West,Neha Kapoor,Closed,On Time
PO202601472,2026-02-15,V014,Insight Advisory Services,IT,Professional Services,ITM020,Audit Support - Monthly,3,52395.78,157187.34,Net 30,2026-03-05,2026-03-05,South,Vikram Reddy,Closed,On Time
PO202501473,2025-08-28,V014,Insight Advisory Services,IT,Professional Services,ITM020,Audit Support - Monthly,1,51543.27,51543.27,Net 30,2025-09-12,2025-09-11,East,Vikram Reddy,Closed,On Time
PO202501474,2025-12-02,V014,Insight Advisory Services,Human Resources,Professional Services,ITM019,Training Workshop - Per Batch,1,38811.8,38811.8,Net 30,2025-12-13,2025-12-10,East,Neha Kapoor,Closed,On Time
PO202501475,2025-12-14,V002,Metro Business Supplies,Operations,Office Supplies,ITM003,Ergonomic Office Chair,14,6981.87,97746.18,Net 45,2025-12-31,2025-12-30,East,Ananya Rao,Closed,On Time
PO202501476,2025-05-14,V001,Apex Office Solutions,Operations,Office Supplies,ITM003,Ergonomic Office Chair,3,8150.47,24451.41,Net 45,2025-05-26,2025-05-26,North,Rohit Mehta,Closed,On Time
PO202601477,2026-03-13,V001,Apex Office Solutions,Administration,Office Supplies,ITM002,Black Toner Cartridge,3,3439.67,10319.01,Net 30,2026-03-27,2026-03-25,North,Meera Joshi,Closed,On Time
PO202501478,2025-08-27,V003,Prime Workplace India,Operations,Office Supplies,ITM002,Black Toner Cartridge,10,3238.07,32380.7,Net 30,2025-09-14,2025-09-13,West,Rohit Mehta,Closed,On Time
PO202501479,2025-01-15,V009,Urban Maintenance Co.,Administration,Facilities,ITM011,Cleaning Supplies Kit,58,1275.49,73978.42,Net 30,2025-01-21,2025-01-31,South,Meera Joshi,Closed,Late
PO202501480,2025-03-24,V002,Metro Business Supplies,Operations,Office Supplies,ITM002,Black Toner Cartridge,5,3060.51,15302.55,Net 30,2025-04-07,2025-04-11,East,Ananya Rao,Closed,Late
PO202601481,2026-01-21,V008,FacilityPro Services,Administration,Facilities,ITM011,Cleaning Supplies Kit,32,1391.08,44514.56,Net 30,2026-01-29,2026-01-29,South,Meera Joshi,Closed,On Time
PO202501482,2025-11-29,V003,Prime Workplace India,Operations,Facilities,ITM012,LED Panel Light,52,1790.79,93121.08,Net 45,2025-12-13,2025-12-10,East,Ananya Rao,Closed,On Time
PO202501483,2025-03-31,V005,Vertex Digital Systems,Sales & Marketing,Technology,ITM005,24-inch Business Monitor,7,11664.15,81649.05,Net 45,2025-04-05,2025-04-02,East,Ishita Shah,Closed,On Time
PO202501484,2025-11-08,V008,FacilityPro Services,Operations,Facilities,ITM012,LED Panel Light,28,1677.05,46957.4,Net 30,2025-11-13,2025-11-13,East,Rohit Mehta,Closed,On Time
PO202501485,2025-01-03,V006,CoreTech Solutions,Sales & Marketing,Technology,ITM007,USB-C Docking Station,1,7790.86,7790.86,Net 60,2025-01-16,2025-01-29,West,Arjun Nair,Closed,Late
PO202501486,2025-06-19,V009,Urban Maintenance Co.,Operations,Facilities,ITM012,LED Panel Light,7,1554.6,10882.2,Net 45,2025-06-28,2025-06-28,West,Ananya Rao,Closed,On Time
PO202501487,2025-09-11,V001,Apex Office Solutions,Operations,Office Supplies,ITM001,A4 Copier Paper - 500 Sheets,56,236.1,13221.6,Net 30,2025-09-21,2025-09-19,South,ANANYA RAO,Closed,On Time
PO202501488,2025-10-18,V007,SecureNet Systems,IT,Technology,ITM005,24-inch Business Monitor,5,11564.29,57821.45,Net 45,2025-11-03,2025-11-02,West,Vikram Reddy,Closed,On Time
PO202501489,2025-06-16,V001,Apex Office Solutions,Finance,Office Supplies,ITM003,Ergonomic Office Chair,9,7493.08,67437.72,Net 30,2025-06-21,2025-06-20,North,Kavya Iyer,Closed,On Time
PO202501490,2025-04-03,V006,CoreTech Solutions,Sales & Marketing,Technology,ITM006,Business Laptop - Standard,3,52987.67,158963.01,Net 60,2025-04-08,2025-04-13,East,Arjun Nair,Closed,Late
PO202501491,2025-03-19,V014,Insight Advisory Services,Finance,Professional Services,ITM021,Recruitment Service Fee,2,46870.98,93741.96,Net 45,2025-03-26,2025-03-24,West,Kavya Iyer,Closed,On Time
PO202501492,2025-12-17,V006,CoreTech Solutions,IT,Technology,ITM005,24-inch Business Monitor,4,9854.05,39416.2,Net 45,2025-12-23,2025-12-22,West,Vikram Reddy,Closed,On Time
PO202501493,2025-10-08,V011,ProSafe Equipment,Operations,Safety,ITM016,First Aid Refill Kit,11,1960.42,21564.62,Net 30,2025-10-15,2025-10-12,West,Ananya Rao,Closed,On Time
PO202501494,2025-01-05,V011,ProSafe Equipment,Operations,Safety,ITM016,First Aid Refill Kit,13,1971.83,25633.79,Net 45,2025-01-14,2025-01-18,South,Rohit Mehta,Closed,Late
PO202501495,2025-12-30,V002,Metro Business Supplies,Operations,Office Supplies,ITM003,Ergonomic Office Chair,11,7029.37,77323.07,Net 30,2026-01-05,2026-01-05,East,Rohit Mehta,Closed,On Time
PO202601496,2026-04-18,V006,CoreTech Solutions,Finance,Technology,ITM005,24-inch Business Monitor,3,10464.25,31392.75,Net 45,2026-04-25,2026-04-24,North,Kavya Iyer,Closed,On Time
PO202501497,2025-04-23,V006,CoreTech Solutions,IT,Technology,ITM006,Business Laptop - Standard,1,53420.22,53420.22,Net 45,2025-05-04,2025-05-01,West,Vikram Reddy,Closed,On Time
PO202601498,2026-03-17,V004,Nexa Technologies,Finance,Technology,ITM004,Wireless Keyboard & Mouse,39,1816.72,70852.08,Net 30,2026-04-01,2026-03-29,North,Kavya Iyer,Closed,On Time
PO202601499,2026-06-24,V006,CoreTech Solutions,IT,Technology,ITM006,Business Laptop - Standard,8,54510.2,436081.6,Net 30,2026-07-01,,East,Vikram Reddy,Open,Open
PO202501500,2025-06-22,V015,TalentBridge Consulting,Administration,Professional Services,ITM021,Recruitment Service Fee,3,46136.1,138408.3,Net 30,2025-07-03,2025-07-02,North,Meera Joshi,Closed,On Time
PO202501501,2025-04-19,V006,CoreTech Solutions,Finance,Technology,ITM009,Annual Software License,5,21050.84,105254.2,Net 30,2025-05-01,2025-05-09,North,Kavya Iyer,Closed,Late
PO202501502,2025-01-14,V003,Prime Workplace India,Administration,Office Supplies,ITM001,A4 Copier Paper - 500 Sheets,41,268.94,11026.54,Net 45,2025-01-28,2025-01-28,East,Meera Joshi,Closed,On Time
PO202601503,2026-03-31,V003,Prime Workplace India,Human Resources,Office Supplies,ITM002,Black Toner Cartridge,14,3506.22,49087.08,Net 30,2026-04-18,2026-04-29,West,Neha Kapoor,Closed,Late
PO202501504,2025-03-10,V002,Metro Business Supplies,Finance,Office Supplies,ITM001,A4 Copier Paper - 500 Sheets,8,231.34,1850.72,Net 30,2025-03-26,2025-03-25,West,Kavya Iyer,Closed,On Time
PO202501505,2025-05-18,V007,SecureNet Systems,IT,Technology,ITM004,Wireless Keyboard & Mouse,59,1849.26,109106.34,Net 60,2025-05-23,2025-05-20,West,Vikram Reddy,Closed,On Time
PO202501506,2025-11-25,V006,CoreTech Solutions,Human Resources,Technology,ITM009,Annual Software License,8,21204.91,169639.28,Net 30,2025-12-06,2025-12-03,North,Neha Kapoor,Closed,On Time
PO202501507,2025-01-16,V001,Apex Office Solutions,Operations,Office Supplies,ITM001,A4 Copier Paper - 500 Sheets,57,237.19,13519.83,Net 45,2025-01-27,2025-01-26,West,Ananya Rao,Closed,On Time
PO202601508,2026-02-25,V001,Apex Office Solutions,Sales & Marketing,Office Supplies,ITM002,Black Toner Cartridge,7,3050.41,21352.87,Net 45,2026-03-06,2026-03-05,East,Ishita Shah,Closed,On Time
PO202501509,2025-10-22,V014,Insight Advisory Services,IT,Professional Services,ITM020,Audit Support - Monthly,2,53001.74,106003.48,Net 60,2025-11-04,2025-11-01,South,Vikram Reddy,Closed,On Time
PO202501510,2025-10-27,V009,Urban Maintenance Co.,Administration,Facilities,ITM013,Electrical Maintenance Service,6,17806.25,106837.5,Net 30,2025-11-02,2025-10-30,South,Meera Joshi,Closed,On Time
PO202501511,2025-07-13,V005,Vertex Digital Systems,IT,Technology,ITM005,24-inch Business Monitor,5,11850.78,59253.9,Net 45,2025-07-22,2025-07-22,West,Vikram Reddy,Closed,On Time
PO202501512,2025-10-03,V006,CoreTech Solutions,IT,Technology,ITM008,Network Switch - 24 Port,8,15464.33,123714.64,Net 30,2025-10-17,2025-10-17,North,Vikram Reddy,Closed,On Time
PO202501513,2025-08-19,V014,Insight Advisory Services,IT,Professional Services,ITM019,Training Workshop - Per Batch,1,38079.23,38079.23,Net 30,2025-09-01,2025-08-30,South,Vikram Reddy,Closed,On Time
PO202501514,2025-12-14,V014,Insight Advisory Services,Administration,Professional Services,ITM021,Recruitment Service Fee,1,47021.61,47021.61,Net 30,2025-12-20,2025-12-18,South,Meera Joshi,Closed,On Time
PO202501515,2025-08-14,V010,SafeGuard Industrial,Operations,Safety,ITM015,Safety Helmet,46,1166.13,53641.98,Net 30,2025-08-29,2025-08-29,East,Rohit Mehta,Closed,On Time
PO202501516,2025-10-10,V010,SafeGuard Industrial,Operations,Safety,ITM015,Safety Helmet,58,1193.7,69234.6,Net 60,2025-10-25,2025-10-23,North,Rohit Mehta,Closed,On Time
PO202601517,2026-04-24,V002,Metro Business Supplies,Administration,Office Supplies,ITM002,Black Toner Cartridge,13,3207.19,41693.47,Net 60,2026-04-30,2026-04-28,South,Meera Joshi,Closed,On Time
PO202501518,2025-06-02,V003,Prime Workplace India,Administration,Office Supplies,ITM003,Ergonomic Office Chair,9,8501.72,76515.48,Net 45,2025-06-11,2025-06-08,East,Meera Joshi,Closed,On Time
PO202601519,2026-01-08,V003,Prime Workplace India,Administration,Office Supplies,ITM002,Black Toner Cartridge,4,3503.1,14012.4,Net 45,2026-01-20,2026-01-17,West,Meera Joshi,Closed,On Time
PO202501520,2025-01-28,V001,Apex Office Solutions,Sales & Marketing,Office Supplies,ITM001,A4 Copier Paper - 500 Sheets,49,244.12,11961.88,Net 30,2025-02-14,2025-02-14,West,Arjun Nair,Closed,On Time
PO202501521,2025-07-07,V009,Urban Maintenance Co.,Administration,Facilities,ITM012,LED Panel Light,54,1608.22,86843.88,Net 30,2025-07-20,2025-07-17,North,Meera Joshi,Closed,On Time
PO202601522,2026-02-01,V003,Prime Workplace India,Operations,Facilities,ITM011,Cleaning Supplies Kit,49,1492.44,73129.56,Net 60,2026-02-14,2026-02-11,South,Rohit Mehta,Closed,On Time
PO202501523,2025-11-06,V001,Apex Office Solutions,Operations,Office Supplies,ITM003,Ergonomic Office Chair,14,7672.18,107410.52,Net 30,2025-11-19,2025-11-19,East,Rohit Mehta,Closed,On Time
PO202501524,2025-01-31,V001,Apex Office Solutions,Operations,Office Supplies,ITM001,A4 Copier Paper - 500 Sheets,48,238.79,11461.92,Net 45,2025-02-05,2025-02-04,South,Ananya Rao,Closed,On Time
PO202601525,2026-05-18,V011,ProSafe Equipment,Operations,Safety,ITM015,Safety Helmet,54,1124.46,60720.84,Net 30,2026-06-04,2026-06-04,South,Rohit Mehta,Closed,On Time
PO202501526,2025-11-12,V010,SafeGuard Industrial,Operations,Safety,ITM015,Safety Helmet,49,1136.6,55693.4,Net 60,2025-11-26,2025-11-25,South,Ananya Rao,Closed,On Time
PO202501527,2025-12-01,V014,Insight Advisory Services,Administration,Professional Services,ITM019,Training Workshop - Per Batch,3,37707.07,113121.21,Net 30,2025-12-15,2025-12-12,East,Meera Joshi,Closed,On Time
PO202501528,2025-03-07,V014,Insight Advisory Services,IT,Professional Services,ITM020,Audit Support - Monthly,3,51129.61,153388.83,Net 30,2025-03-20,2025-03-18,North,Vikram Reddy,Closed,On Time
PO202501529,2025-03-19,V006,CoreTech Solutions,Sales & Marketing,Technology,ITM007,USB-C Docking Station,7,8451.05,59157.35,Net 45,2025-04-03,2025-04-01,South,Ishita Shah,Closed,On Time
PO202601530,2026-06-25,V006,CoreTech Solutions,IT,Technology,ITM004,Wireless Keyboard & Mouse,54,1745.09,94234.86,Net 45,2026-07-09,2026-07-08,South,Vikram Reddy,Closed,On Time
PO202501531,2025-01-02,V001,Apex Office Solutions,Human Resources,Office Supplies,ITM001,A4 Copier Paper - 500 Sheets,14,255.86,3582.04,Net 30,2025-01-13,2025-01-13,South,Neha Kapoor,Closed,On Time
PO202501532,2025-02-01,V003,Prime Workplace India,Sales & Marketing,Office Supplies,ITM003,Ergonomic Office Chair,2,8733.96,17467.92,Net 30,2025-02-13,2025-02-12,East,Arjun Nair,Closed,On Time
PO202601533,2026-06-24,V014,Insight Advisory Services,Administration,Professional Services,ITM019,Training Workshop - Per Batch,3,38245.88,114737.64,Net 30,2026-07-04,2026-07-03,North,Meera Joshi,Closed,On Time
PO202501534,2025-03-19,V010,SafeGuard Industrial,Operations,Safety,ITM016,First Aid Refill Kit,29,2150.66,62369.14,Net 30,2025-04-06,2025-04-03,West,Ananya Rao,Closed,On Time
PO202501535,2025-02-03,V004,Nexa Technologies,IT,Technology,ITM008,Network Switch - 24 Port,3,15889.63,47668.89,Net 30,2025-02-14,2025-02-12,West,Vikram Reddy,Closed,On Time
PO202601536,2026-01-26,V009,Urban Maintenance Co.,Operations,Facilities,ITM012,LED Panel Light,36,1617.65,58235.4,Net 45,2026-01-31,2026-02-02,North,Ananya Rao,Closed,Late
PO202501537,2025-11-02,V002,Metro Business Supplies,Administration,Office Supplies,ITM002,Black Toner Cartridge,15,3144.71,47170.65,Net 30,2025-11-09,2025-11-06,South,Meera Joshi,Closed,On Time
PO202501538,2025-09-30,V005,Vertex Digital Systems,Human Resources,Technology,ITM004,Wireless Keyboard & Mouse,53,1985.82,105248.46,Net30,2025-10-12,2025-10-26,East,Neha Kapoor,Closed,Late
PO202501539,2025-11-12,V005,Vertex Digital Systems,Finance,Technology,ITM007,USB-C Docking Station,12,9879.7,118556.4,Net 45,2025-11-25,2025-11-23,North,Kavya Iyer,Closed,On Time
PO202601540,2026-06-07,V010,SafeGuard Industrial,Operations,Safety,ITM016,First Aid Refill Kit,38,2131.3,80989.4,Net 30,2026-06-17,2026-06-14,West,Ananya Rao,Closed,On Time
PO202501541,2025-08-25,V014,Insight Advisory Services,Human Resources,Professional Services,ITM022,Data Reporting Support - Monthly,1,46398.34,46398.34,Net 60,2025-09-08,2025-09-05,West,Neha Kapoor,Closed,On Time
PO202501542,2025-07-10,V002,Metro Business Supplies,Human Resources,Office Supplies,ITM002,Black Toner Cartridge,7,2846.28,19923.96,Net 60,2025-07-21,2025-07-18,East,Neha Kapoor,Closed,On Time
PO202601543,2026-01-22,V003,Prime Workplace India,Sales & Marketing,Office Supplies,ITM003,Ergonomic Office Chair,12,8453.82,101445.84,Net 30,2026-02-05,2026-02-04,East,Ishita Shah,Closed,On Time
PO202601544,2026-06-12,V001,Apex Office Solutions,Sales & Marketing,Office Supplies,ITM001,A4 Copier Paper - 500 Sheets,5,252.42,1262.1,Net 30,2026-06-21,2026-06-19,South,Ishita Shah,Closed,On Time
PO202501545,2025-09-10,V010,SafeGuard Industrial,Operations,Safety,ITM016,First Aid Refill Kit,10,2182.08,21820.8,Net 30,2025-09-17,2025-09-14,South,Ananya Rao,Closed,On Time
PO202501546,2025-10-24,V014,Insight Advisory Services,IT,Professional Services,ITM022,Data Reporting Support - Monthly,1,48745.18,48745.18,Net 60,2025-11-10,2025-11-09,North,Vikram Reddy,Closed,On Time
PO202501547,2025-08-11,V010,SafeGuard Industrial,Operations,Safety,ITM016,First Aid Refill Kit,45,2065.23,92935.35,Net 30,2025-08-29,2025-08-28,East,Rohit Mehta,Closed,On Time
PO202601548,2026-01-28,V007,SecureNet Systems,IT,Technology,ITM006,Business Laptop - Standard,3,59052.75,177158.25,Net 30,2026-02-02,2026-02-01,West,Vikram Reddy,Closed,On Time
PO202601549,2026-03-15,V014,Insight Advisory Services,IT,Professional Services,ITM022,Data Reporting Support - Monthly,3,50130.83,150392.49,Net 30,2026-04-02,2026-04-17,West,Vikram Reddy,Closed,Late
PO202501550,2025-03-29,V006,CoreTech Solutions,Human Resources,Technology,ITM004,Wireless Keyboard & Mouse,11,1678.05,18458.55,Net 60,2025-04-11,2025-04-09,West,Neha Kapoor,Closed,On Time
PO202501551,2025-01-07,V014,Insight Advisory Services,IT,Professional Services,ITM022,Data Reporting Support - Monthly,1,49150.75,49150.75,Net 30,2025-01-15,2025-01-14,North,Vikram Reddy,Closed,On Time
PO202501552,2025-04-10,V006,CoreTech Solutions,Sales & Marketing,Technology,ITM005,24-inch Business Monitor,6,9851.53,59109.18,Net 45,2025-04-15,2025-04-18,West,Arjun Nair,Closed,Late
PO202501553,2025-03-14,V012,BrightReach Media,Sales & Marketing,Marketing,ITM017,Digital Marketing Campaign,1,41037.74,41037.74,Net 30,2025-03-31,2025-03-29,East,Ishita Shah,Closed,On Time
PO202601554,2026-05-21,V007,SecureNet Systems,Human Resources,Technology,ITM007,USB-C Docking Station,6,9347.63,56085.78,Net 45,2026-05-27,2026-05-27,East,Neha Kapoor,Closed,On Time
PO202501555,2025-11-26,V006,CoreTech Solutions,IT,Technology,ITM007,USB-C Docking Station,12,8487.52,101850.24,Net 30,2025-12-09,2025-12-07,West,Vikram Reddy,Closed,On Time
PO202501556,2025-12-22,V001,Apex Office Solutions,Finance,Office Supplies,ITM002,Black Toner Cartridge,9,3254.75,29292.75,Net 30,2026-01-08,2026-01-08,South,Kavya Iyer,Closed,On Time
PO202601557,2026-04-08,V014,Insight Advisory Services,IT,Professional Services,ITM021,Recruitment Service Fee,2,45898.94,91797.88,Net 30,2026-04-13,2026-04-10,North,Vikram Reddy,Closed,On Time
PO202501558,2025-05-01,V003,Prime Workplace India,Administration,Office Supplies,ITM003,Ergonomic Office Chair,3,9059.67,27179.01,Net 45,2025-05-08,2025-05-08,East,Meera Joshi,Closed,On Time
PO202501559,2025-02-10,V006,CoreTech Solutions,Human Resources,Technology,ITM008,Network Switch - 24 Port,1,15981.57,15981.57,Net 30,2025-02-25,2025-02-25,North,Neha Kapoor,Closed,On Time
PO202501560,2025-12-13,V009,Urban Maintenance Co.,Administration,Facilities,ITM013,Electrical Maintenance Service,4,17379.9,69519.6,Net 30,2025-12-29,2025-12-26,South,Meera Joshi,Closed,On Time
PO202601561,2026-04-25,V016,StratEdge Partners,Administration,Professional Services,ITM019,Training Workshop - Per Batch,2,38173.65,76347.3,Net 60,2026-04-30,2026-04-27,South,Meera Joshi,Closed,On Time
PO202501562,2025-05-01,V003,Prime Workplace India,Sales & Marketing,Office Supplies,ITM003,Ergonomic Office Chair,5,8484.78,42423.9,Net 30,2025-05-19,2025-05-19,West,Ishita Shah,Closed,On Time
PO202601563,2026-01-23,V015,TalentBridge Consulting,Finance,Professional Services,ITM021,Recruitment Service Fee,2,47264.11,94528.22,Net 30,2026-01-31,2026-01-31,East,Kavya Iyer,Closed,On Time
PO202501564,2025-06-12,V006,CoreTech Solutions,Finance,Technology,ITM007,USB-C Docking Station,5,8122.04,40610.2,Net 30,2025-06-22,2025-06-20,South,Kavya Iyer,Closed,On Time
PO202501565,2025-07-21,V015,TalentBridge Consulting,IT,Professional Services,ITM022,Data Reporting Support - Monthly,3,52612.91,157838.73,Net 30,2025-07-31,2025-07-29,East,Vikram Reddy,Closed,On Time
PO202601566,2026-02-22,V002,Metro Business Supplies,Human Resources,Office Supplies,ITM002,Black Toner Cartridge,15,2964.24,44463.6,Net 30,2026-02-27,2026-02-27,East,Neha Kapoor,Closed,On Time
PO202501567,2025-11-05,V004,Nexa Technologies,Human Resources,Technology,ITM007,USB-C Docking Station,9,9084.98,81764.82,Net 30,2025-11-16,2025-12-01,West,Neha Kapoor,Closed,Late
PO202601568,2026-02-10,V001,Apex Office Solutions,Human Resources,Office Supplies,ITM002,Black Toner Cartridge,15,3231.22,48468.3,Net 30,2026-02-25,2026-02-22,South,Neha Kapoor,Closed,On Time
PO202501569,2025-02-14,V001,Apex Office Solutions,Administration,Office Supplies,ITM003,Ergonomic Office Chair,6,7958.72,47752.32,Net 30,2025-02-21,2025-02-27,West,Meera Joshi,Closed,Late
PO202601570,2026-01-15,V016,StratEdge Partners,IT,Professional Services,ITM020,Audit Support - Monthly,1,51030.3,51030.3,Net 45,2026-01-26,2026-02-06,East,Vikram Reddy,Closed,Late
PO202601571,2026-04-20,V015,TalentBridge Consulting,IT,Professional Services,ITM021,Recruitment Service Fee,1,46898.69,46898.69,Net 30,2026-05-05,2026-05-04,North,Vikram Reddy,Closed,On Time
PO202501572,2025-08-19,V002,Metro Business Supplies,Operations,Office Supplies,ITM003,Ergonomic Office Chair,10,7432.83,74328.3,Net 30,2025-08-30,2025-08-28,North,Rohit Mehta,Closed,On Time
PO202501573,2025-12-05,V003,Prime Workplace India,Human Resources,Office Supplies,ITM003,Ergonomic Office Chair,2,8290.83,16581.66,Net 30,2025-12-17,2025-12-17,East,Neha Kapoor,Closed,On Time
PO202501574,2025-01-13,V006,CoreTech Solutions,IT,Technology,ITM007,USB-C Docking Station,7,8000.71,56004.97,Net 30,2025-01-18,2025-01-16,West,Vikram Reddy,Closed,On Time
PO202601575,2026-02-20,V002,Metro Business Supplies,Operations,Office Supplies,ITM002,Black Toner Cartridge,6,2819.48,16916.88,Net 30,2026-02-28,2026-02-28,South,Rohit Mehta,Closed,On Time
PO202501576,2025-11-20,V014,Insight Advisory Services,Finance,Professional Services,ITM019,Training Workshop - Per Batch,1,37093.01,37093.01,Net 30,2025-11-26,2025-11-24,North,Kavya Iyer,Closed,On Time
PO202601577,2026-01-10,V015,TalentBridge Consulting,IT,Professional Services,ITM022,Data Reporting Support - Monthly,2,50307.02,100614.04,Net 45,2026-01-16,2026-01-16,East,Vikram Reddy,Closed,On Time
PO202601578,2026-02-19,V015,TalentBridge Consulting,Human Resources,Professional Services,ITM019,Training Workshop - Per Batch,1,39375.02,39375.02,Net 45,2026-03-07,2026-03-05,East,Neha Kapoor,Closed,On Time
PO202501579,2025-01-08,V003,Prime Workplace India,Human Resources,Office Supplies,ITM001,A4 Copier Paper - 500 Sheets,59,268.04,15814.36,Net 30,2025-01-20,2025-01-20,West,Neha Kapoor,Closed,On Time
PO202501580,2025-04-13,V010,SafeGuard Industrial,Operations,Safety,ITM015,Safety Helmet,17,1140.33,19385.61,Net 30,2025-05-01,2025-04-28,West,Ananya Rao,Closed,On Time
PO202601581,2026-02-19,V010,SafeGuard Industrial,Operations,Safety,ITM014,Safety Gloves - Box,57,748.05,42638.85,Net 30,2026-03-02,2026-02-27,West,Rohit Mehta,Closed,On Time
PO202501582,2025-06-19,V014,Insight Advisory Services,Administration,Professional Services,ITM020,Audit Support - Monthly,1,52423.41,52423.41,Net 30,2025-07-04,2025-07-03,West,Meera Joshi,Closed,On Time
PO202501583,2025-04-07,V002,Metro Business Supplies,Administration,Office Supplies,ITM002,Black Toner Cartridge,13,3044.77,39582.01,Net 30,2025-04-14,2025-04-12,North,Meera Joshi,Closed,On Time
PO202501584,2025-03-14,V003,Prime Workplace India,Sales & Marketing,Office Supplies,ITM001,A4 Copier Paper - 500 Sheets,57,263.07,14994.99,Net 45,2025-03-24,2025-03-22,North,Arjun Nair,Closed,On Time
PO202601585,2026-02-03,V008,FacilityPro Services,Administration,Facilities,ITM013,Electrical Maintenance Service,2,18774.57,37549.14,Net 30,2026-02-11,2026-02-10,South,Meera Joshi,Closed,On Time
PO202601586,2026-05-20,V001,Apex Office Solutions,Human Resources,Office Supplies,ITM001,A4 Copier Paper - 500 Sheets,49,251.21,12309.29,Net 60,2026-05-25,2026-05-22,East,Neha Kapoor,Closed,On Time
PO202601587,2026-03-30,V012,BrightReach Media,Sales & Marketing,Marketing,ITM017,Digital Marketing Campaign,3,40450.61,121351.83,Net 30,2026-04-09,2026-04-07,North,Arjun Nair,Closed,On Time
PO202501588,2025-11-01,V003,Prime Workplace India,Operations,Facilities,ITM012,LED Panel Light,32,1797.84,57530.88,Net 30,2025-11-13,2025-11-11,East,Rohit Mehta,Closed,On Time
PO202601589,2026-03-07,V013,MarketCraft Communications,Sales & Marketing,Marketing,ITM018,Printed Marketing Materials,1,13217.07,13217.07,Net 45,2026-03-15,2026-03-14,North,Ishita Shah,Closed,On Time
PO202501590,2025-03-14,V015,TalentBridge Consulting,Human Resources,Professional Services,ITM022,Data Reporting Support - Monthly,3,49801.24,149403.72,Net 45,2025-03-22,2025-03-19,North,Neha Kapoor,Closed,On Time
PO202501591,2025-09-21,V015,TalentBridge Consulting,IT,Professional Services,ITM019,Training Workshop - Per Batch,1,40917.22,40917.22,Net45,2025-10-09,2025-10-07,West,Vikram Reddy,Closed,On Time
PO202601592,2026-03-03,V001,Apex Office Solutions,Human Resources,Office Supplies,ITM001,A4 Copier Paper - 500 Sheets,42,240.1,10084.2,Net 30,2026-03-12,2026-03-12,West,Neha Kapoor,Closed,On Time
PO202501593,2025-04-17,V014,Insight Advisory Services,Finance,Professional Services,ITM020,Audit Support - Monthly,1,49939.11,49939.11,Net 45,2025-04-24,2025-04-21,West,Kavya Iyer,Closed,On Time
PO202501594,2025-11-04,V014,Insight Advisory Services,Administration,Professional Services,ITM020,Audit Support - Monthly,3,53266.82,159800.46,Net 60,2025-11-20,2025-11-19,West,Meera Joshi,Closed,On Time
PO202601595,2026-04-07,V005,Vertex Digital Systems,Sales & Marketing,Technology,ITM004,Wireless Keyboard & Mouse,59,2016.38,118966.42,Net 30,2026-04-16,2026-04-16,South,Arjun Nair,Closed,On Time
PO202501596,2025-09-19,V015,TalentBridge Consulting,Human Resources,Professional Services,ITM022,Data Reporting Support - Monthly,3,51477.63,154432.89,Net 30,2025-10-07,2025-10-04,North,Neha Kapoor,Closed,On Time
PO202601597,2026-03-31,V007,SecureNet Systems,Sales & Marketing,Technology,ITM005,24-inch Business Monitor,1,11523.87,11523.87,Net 30,2026-04-18,2026-04-15,East,Arjun Nair,Closed,On Time
PO202501598,2025-03-02,V001,Apex Office Solutions,Operations,Office Supplies,ITM002,Black Toner Cartridge,7,3026.1,21182.7,Net 45,2025-03-12,2025-03-10,East,Rohit Mehta,Closed,On Time
PO202501599,2025-12-05,V003,Prime Workplace India,Administration,Facilities,ITM012,LED Panel Light,36,1815.43,65355.48,Net 30,2025-12-15,2025-12-14,East,Meera Joshi,Closed,On Time
PO202501600,2025-01-06,V015,TalentBridge Consulting,Human Resources,Professional Services,ITM021,Recruitment Service Fee,3,49266.3,147798.9,Net 30,2025-01-24,2025-01-24,East,Neha Kapoor,Closed,On Time
PO202501601,2025-12-28,V003,Prime Workplace India,Operations,Office Supplies,ITM002,Black Toner Cartridge,13,3314.55,43089.15,Net 60,2026-01-10,2026-01-07,South,Ananya Rao,Closed,On Time
PO202501602,2025-07-26,V004,Nexa Technologies,Human Resources,Technology,ITM007,USB-C Docking Station,14,8981.9,125746.6,Net 45,2025-08-05,2025-08-05,East,Neha Kapoor,Closed,On Time
PO202501603,2025-09-09,V011,ProSafe Equipment,Operations,Safety,ITM015,Safety Helmet,18,1075.13,19352.34,Net 30,2025-09-22,2025-09-22,North,Ananya Rao,Closed,On Time
PO202501604,2025-08-17,V004,Nexa Technologies,Sales & Marketing,Technology,ITM009,Annual Software License,1,21702.06,21702.06,Net 45,2025-08-31,2025-08-31,East,Ishita Shah,Closed,On Time
PO202601605,2026-05-14,V001,Apex Office Solutions,Finance,Office Supplies,ITM003,Ergonomic Office Chair,7,7635.24,53446.68,Net 30,2026-05-28,2026-05-28,South,Kavya Iyer,Closed,On Time
PO202501606,2025-07-29,V016,StratEdge Partners,IT,Professional Services,ITM021,Recruitment Service Fee,1,45729.11,45729.11,Net 45,2025-08-12,2025-08-11,South,Vikram Reddy,Closed,On Time
PO202501607,2025-02-16,V002,Metro Business Supplies,Administration,Office Supplies,ITM001,A4 Copier Paper - 500 Sheets,14,237.32,3322.48,Net 45,2025-03-03,2025-03-03,South,Meera Joshi,Closed,On Time
PO202601608,2026-06-28,V015,TalentBridge Consulting,IT,Professional Services,ITM021,Recruitment Service Fee,2,49531.22,99062.44,Net 30,2026-07-06,,East,Vikram Reddy,Open,Open
PO202601609,2026-04-28,V016,StratEdge Partners,Human Resources,Professional Services,ITM021,Recruitment Service Fee,1,42350.59,42350.59,Net 45,2026-05-04,2026-05-01,West,Neha Kapoor,Closed,On Time
PO202501610,2025-01-04,V005,Vertex Digital Systems,IT,Technology,ITM008,Network Switch - 24 Port,7,18465.6,129259.2,Net 30,2025-01-20,2025-01-18,East,Vikram Reddy,Closed,On Time
PO202501611,2025-08-14,V002,Metro Business Supplies,Administration,Office Supplies,ITM003,Ergonomic Office Chair,7,7881.71,55171.97,Net 30,2025-08-30,2025-08-28,East,Meera Joshi,Closed,On Time
PO202501612,2025-08-03,V001,Apex Office Solutions,Administration,Office Supplies,ITM003,Ergonomic Office Chair,14,8237.05,115318.7,Net 30,2025-08-17,2025-08-17,South,Meera Joshi,Closed,On Time
PO202601613,2026-05-28,V016,StratEdge Partners,IT,Professional Services,ITM021,Recruitment Service Fee,2,44116.24,88232.48,Net 60,2026-06-11,2026-06-11,West,Vikram Reddy,Closed,On Time
PO202501614,2025-05-17,V010,SafeGuard Industrial,Operations,Safety,ITM015,Safety Helmet,42,1180.34,49574.28,Net 30,2025-05-22,2025-05-21,South,Ananya Rao,Closed,On Time
PO202601615,2026-03-15,V006,CoreTech Solutions,Finance,Technology,ITM008,Network Switch - 24 Port,5,15292.92,76464.6,Net 45,2026-04-01,2026-03-29,North,Kavya Iyer,Closed,On Time
PO202601616,2026-04-01,V002,Metro Business Supplies,Finance,Office Supplies,ITM003,Ergonomic Office Chair,15,7609.41,114141.15,Net 45,2026-04-19,2026-04-19,West,Kavya Iyer,Closed,On Time
PO202601617,2026-06-11,V006,CoreTech Solutions,Sales & Marketing,Technology,ITM007,USB-C Docking Station,5,8181.65,40908.25,Net 30,2026-06-21,2026-06-18,West,Ishita Shah,Closed,On Time
PO202601618,2026-06-09,V003,Prime Workplace India,Operations,Office Supplies,ITM001,A4 Copier Paper - 500 Sheets,30,267.83,8034.9,Net 45,2026-06-15,2026-06-12,West,Ananya Rao,Closed,On Time
PO202501619,2025-01-29,V003,Prime Workplace India,Finance,Office Supplies,ITM003,Ergonomic Office Chair,3,8422.9,25268.7,Net 45,2025-02-12,2025-02-09,South,Kavya Iyer,Closed,On Time
PO202601620,2026-05-16,V004,Nexa Technologies,Human Resources,Technology,ITM008,Network Switch - 24 Port,8,15980.91,127847.28,Net 45,2026-05-30,2026-05-27,West,Neha Kapoor,Closed,On Time
PO202501621,2025-08-25,V015,TalentBridge Consulting,Administration,Professional Services,ITM022,Data Reporting Support - Monthly,2,51626.54,103253.08,Net 30,2025-08-30,2025-08-28,East,Meera Joshi,Closed,On Time
PO202601622,2026-04-17,V007,SecureNet Systems,Human Resources,Technology,ITM009,Annual Software License,4,24090.36,96361.44,Net 30,2026-04-27,2026-04-24,East,Neha Kapoor,Closed,On Time
PO202501623,2025-08-12,V006,CoreTech Solutions,Finance,Technology,ITM004,Wireless Keyboard & Mouse,33,1732.47,57171.51,Net 30,2025-08-27,2025-08-25,South,Kavya Iyer,Closed,On Time
PO202501624,2025-08-16,V014,Insight Advisory Services,IT,Professional Services,ITM021,Recruitment Service Fee,3,44688.96,134066.88,Net 30,2025-08-29,2025-08-29,North,Vikram Reddy,Closed,On Time
PO202501625,2025-07-23,V002,Metro Business Supplies,Administration,Office Supplies,ITM002,Black Toner Cartridge,15,3091.04,46365.6,Net 45,2025-08-09,2025-08-09,East,Meera Joshi,Closed,On Time
PO202601626,2026-04-03,V002,Metro Business Supplies,Administration,Office Supplies,ITM001,A4 Copier Paper - 500 Sheets,54,238.44,12875.76,Net 30,2026-04-18,2026-04-15,North,Meera Joshi,Closed,On Time
PO202601627,2026-04-30,V002,Metro Business Supplies,Finance,Office Supplies,ITM002,Black Toner Cartridge,5,2924.97,14624.85,Net 30,2026-05-18,2026-05-26,West,Kavya Iyer,Closed,Late
PO202601628,2026-05-07,V003,Prime Workplace India,Sales & Marketing,Office Supplies,ITM001,A4 Copier Paper - 500 Sheets,36,260.04,9361.44,Net 45,2026-05-17,2026-05-16,West,Ishita Shah,Closed,On Time
PO202501629,2025-08-28,V004,Nexa Technologies,Human Resources,Technology,ITM009,Annual Software License,2,21242.91,42485.82,Net 45,2025-09-07,2025-09-05,West,Neha Kapoor,Closed,On Time
PO202501630,2025-06-29,V004,Nexa Technologies,Human Resources,Technology,ITM006,Business Laptop - Standard,5,56827.01,284135.05,Net 45,2025-07-12,2025-07-09,South,Neha Kapoor,Closed,On Time
PO202501631,2025-08-01,V014,Insight Advisory Services,IT,Professional Services,ITM021,Recruitment Service Fee,1,46144.98,46144.98,Net 30,2025-08-17,2025-08-15,South,Vikram Reddy,Closed,On Time
PO202501632,2025-10-02,V014,Insight Advisory Services,Administration,Professional Services,ITM019,Training Workshop - Per Batch,1,37991.48,37991.48,Net 30,2025-10-07,2025-10-06,South,Meera Joshi,Closed,On Time
PO202501633,2025-03-15,V003,Prime Workplace India,Administration,Office Supplies,ITM001,A4 Copier Paper - 500 Sheets,22,274.26,6033.72,Net 45,2025-03-30,2025-03-30,North,Meera Joshi,Closed,On Time
PO202501634,2025-10-22,V015,TalentBridge Consulting,Administration,Professional Services,ITM020,Audit Support - Monthly,1,54346.96,54346.96,Net 45,2025-10-30,2025-10-30,East,Meera Joshi,Closed,On Time
PO202501635,2025-01-31,V006,CoreTech Solutions,Sales & Marketing,Technology,ITM009,Annual Software License,4,19870.82,79483.28,Net 30,2025-02-11,2025-02-08,East,Ishita Shah,Closed,On Time
PO202601636,2026-02-28,V002,Metro Business Supplies,Operations,Office Supplies,ITM002,Black Toner Cartridge,5,3053.64,15268.2,Net 30,2026-03-07,2026-03-07,West,Ananya Rao,Closed,On Time
PO202501637,2025-08-14,V013,MarketCraft Communications,Sales & Marketing,Marketing,ITM017,Digital Marketing Campaign,2,45220.01,90440.02,Net 30,2025-08-25,2025-08-22,South,Arjun Nair,Closed,On Time
PO202501638,2025-03-15,V004,Nexa Technologies,Sales & Marketing,Technology,ITM007,USB-C Docking Station,10,8603.72,86037.2,Net 30,2025-03-22,2025-03-20,North,Ishita Shah,Closed,On Time
PO202601639,2026-01-05,V014,Insight Advisory Services,Finance,Professional Services,ITM019,Training Workshop - Per Batch,2,37792.36,75584.72,Net 30,2026-01-22,2026-01-21,North,Kavya Iyer,Closed,On Time
PO202501640,2025-12-09,V006,CoreTech Solutions,IT,Technology,ITM007,USB-C Docking Station,15,8048.84,120732.6,Net 45,2025-12-18,2025-12-16,South,Vikram Reddy,Closed,On Time
PO202501641,2025-11-28,V003,Prime Workplace India,Operations,Facilities,ITM012,LED Panel Light,18,1809.6,32572.8,Net 45,2025-12-16,2025-12-14,North,Rohit Mehta,Closed,On Time
PO202601642,2026-05-08,V002,Metro Business Supplies,Sales & Marketing,Office Supplies,ITM001,A4 Copier Paper - 500 Sheets,53,224.9,11919.7,Net 30,2026-05-16,2026-05-16,North,Ishita Shah,Closed,On Time
PO202501643,2025-03-27,V001,Apex Office Solutions,Sales & Marketing,Office Supplies,ITM001,A4 Copier Paper - 500 Sheets,21,237.25,4982.25,Net 30,2025-04-12,2025-04-09,East,Ishita Shah,Closed,On Time
PO202501644,2025-08-07,V001,Apex Office Solutions,Administration,Office Supplies,ITM002,Black Toner Cartridge,4,3302.27,13209.08,Net 30,2025-08-19,2025-08-16,West,Meera Joshi,Closed,On Time
PO202601645,2026-05-30,V010,SafeGuard Industrial,Operations,Safety,ITM016,First Aid Refill Kit,24,2082.59,49982.16,Net 30,2026-06-07,2026-06-05,South,Rohit Mehta,Closed,On Time
PO202501646,2025-08-23,V013,MarketCraft Communications,Sales & Marketing,Marketing,ITM017,Digital Marketing Campaign,3,44413.46,133240.38,Net 30,2025-08-29,2025-08-29,East,Ishita Shah,Closed,On Time
PO202601647,2026-03-10,V014,Insight Advisory Services,Finance,Professional Services,ITM019,Training Workshop - Per Batch,1,38353.87,38353.87,Net 30,2026-03-17,2026-03-16,South,Kavya Iyer,Closed,On Time
PO202501648,2025-09-27,V004,Nexa Technologies,IT,Technology,ITM007,USB-C Docking Station,1,8518.09,8518.09,Net 60,2025-10-04,2025-10-01,North,Vikram Reddy,Closed,On Time
PO202501649,2025-05-22,V006,CoreTech Solutions,IT,Technology,ITM006,Business Laptop - Standard,7,51236.44,358655.08,Net 30,2025-06-03,2025-06-10,North,Vikram Reddy,Closed,Late
PO202501650,2025-01-20,V003,Prime Workplace India,Administration,Facilities,ITM011,Cleaning Supplies Kit,14,1482.95,20761.3,Net 30,2025-01-27,2025-01-26,South,Meera Joshi,Closed,On Time
PO202501651,2025-05-14,V003,Prime Workplace India,Operations,Facilities,ITM013,Electrical Maintenance Service,1,19052.25,19052.25,Net 30,2025-06-01,2025-05-31,North,Ananya Rao,Closed,On Time
PO202501652,2025-08-17,V010,SafeGuard Industrial,Operations,Safety,ITM014,Safety Gloves - Box,12,731.95,8783.4,Net 45,2025-09-03,2025-09-02,North,Rohit Mehta,Closed,On Time
PO202501653,2025-12-08,V005,Vertex Digital Systems,Finance,Technology,ITM007,USB-C Docking Station,10,9923.18,99231.8,Net 30,2025-12-20,2025-12-20,East,Kavya Iyer,Closed,On Time
PO202501654,2025-07-17,V014,Insight Advisory Services,IT,Professional Services,ITM020,Audit Support - Monthly,2,52043.86,104087.72,Net 30,2025-08-01,2025-07-31,North,Vikram Reddy,Closed,On Time
PO202501655,2025-12-31,V016,StratEdge Partners,IT,Professional Services,ITM020,Audit Support - Monthly,2,52879.54,105759.08,Net 30,2026-01-10,2026-01-10,East,Vikram Reddy,Closed,On Time
PO202601656,2026-06-08,V003,Prime Workplace India,Administration,Facilities,ITM012,LED Panel Light,28,1769.99,49559.72,Net 30,2026-06-16,2026-06-14,East,Meera Joshi,Closed,On Time
PO202601657,2026-02-08,V001,Apex Office Solutions,Finance,Office Supplies,ITM002,Black Toner Cartridge,12,3188.59,38263.08,Net 45,2026-02-24,2026-02-23,North,Kavya Iyer,Closed,On Time
PO202501658,2025-06-07,V014,Insight Advisory Services,Administration,Professional Services,ITM022,Data Reporting Support - Monthly,1,48639.13,48639.13,Net 30,2025-06-13,2025-06-13,East,Meera Joshi,Closed,On Time
PO202501659,2025-08-18,V010,SafeGuard Industrial,Operations,Safety,ITM015,Safety Helmet,52,1149.38,59767.76,Net 30,2025-08-29,2025-08-29,South,Rohit Mehta,Closed,On Time
PO202501660,2025-05-31,V002,Metro Business Supplies,Sales & Marketing,Office Supplies,ITM001,A4 Copier Paper - 500 Sheets,53,234.16,12410.48,Net 30,2025-06-13,2025-06-13,North,Arjun Nair,Closed,On Time
PO202601661,2026-05-28,V004,Nexa Technologies,Human Resources,Technology,ITM009,Annual Software License,1,22084.65,22084.65,Net 30,2026-06-05,2026-06-19,West,Neha Kapoor,Closed,Late
PO202501662,2025-03-02,V001,Apex Office Solutions,Operations,Office Supplies,ITM001,A4 Copier Paper - 500 Sheets,57,248.73,14177.61,Net 45,2025-03-14,2025-03-14,West,Rohit Mehta,Closed,On Time
PO202501663,2025-10-09,V001,Apex Office Solutions,Operations,Office Supplies,ITM002,Black Toner Cartridge,13,3079.7,40036.1,Net 30,2025-10-18,2025-10-15,North,Rohit Mehta,Closed,On Time
PO202501664,2025-06-18,V014,Insight Advisory Services,IT,Professional Services,ITM022,Data Reporting Support - Monthly,3,49604.88,148814.64,Net 30,2025-06-24,2025-06-22,East,Vikram Reddy,Closed,On Time
PO202501665,2025-04-23,V015,TalentBridge Consulting,Human Resources,Professional Services,ITM021,Recruitment Service Fee,2,46171.64,92343.28,Net 30,2025-05-05,2025-05-05,West,Neha Kapoor,Closed,On Time
PO202501666,2025-12-03,V001,Apex Office Solutions,Operations,Office Supplies,ITM002,Black Toner Cartridge,13,3123.2,40601.6,Net 45,2025-12-17,2025-12-25,West,Rohit Mehta,Closed,Late
PO202501667,2025-03-25,V008,FacilityPro Services,Operations,Facilities,ITM011,Cleaning Supplies Kit,58,1376.9,79860.2,Net 60,2025-04-06,2025-04-05,North,Ananya Rao,Closed,On Time
PO202501668,2025-10-16,V001,Apex Office Solutions,Sales & Marketing,Office Supplies,ITM002,Black Toner Cartridge,2,3041.6,6083.2,Net 30,2025-11-03,2025-11-02,North,Arjun Nair,Closed,On Time
PO202501669,2025-04-17,V016,StratEdge Partners,Administration,Professional Services,ITM019,Training Workshop - Per Batch,1,35543.38,35543.38,Net 60,2025-05-02,2025-05-01,South,Meera Joshi,Closed,On Time
PO202601670,2026-06-27,V008,FacilityPro Services,Administration,Facilities,ITM010,Printer Maintenance Kit,1,5448.53,5448.53,Net 30,2026-07-13,,West,Meera Joshi,Open,Open
PO202501671,2025-12-04,V001,Apex Office Solutions,Finance,Office Supplies,ITM001,A4 Copier Paper - 500 Sheets,32,239.55,7665.6,Net 30,2025-12-09,2025-12-09,South,Kavya Iyer,Closed,On Time
PO202601672,2026-01-27,V016,StratEdge Partners,Finance,Professional Services,ITM019,Training Workshop - Per Batch,2,38317.38,76634.76,Net 45,2026-02-02,2026-02-01,South,Kavya Iyer,Closed,On Time
PO202501673,2025-01-05,V014,Insight Advisory Services,Administration,Professional Services,ITM019,Training Workshop - Per Batch,3,36887.77,110663.31,Net 30,2025-01-17,2025-01-15,East,Meera Joshi,Closed,On Time
PO202601674,2026-01-13,V015,TalentBridge Consulting,Finance,Professional Services,ITM020,Audit Support - Monthly,1,54100.05,54100.05,Net 30,2026-01-18,2026-01-15,South,Kavya Iyer,Closed,On Time
PO202501675,2025-10-21,V012,BrightReach Media,Sales & Marketing,Marketing,ITM018,Printed Marketing Materials,1,12053.87,12053.87,Net 30,2025-10-27,2025-10-26,East,Ishita Shah,Closed,On Time
PO202501676,2025-07-09,V014,Insight Advisory Services,Human Resources,Professional Services,ITM021,Recruitment Service Fee,1,47243.28,47243.28,Net 60,2025-07-26,2025-07-24,South,Neha Kapoor,Closed,On Time
PO202601677,2026-01-08,V006,CoreTech Solutions,IT,Technology,ITM009,Annual Software License,5,20656.25,103281.25,Net 30,2026-01-21,2026-01-19,North,Vikram Reddy,Closed,On Time
PO202501678,2025-03-01,V011,ProSafe Equipment,Operations,Safety,ITM016,First Aid Refill Kit,27,1992.89,53808.03,Net 30,2025-03-16,2025-03-15,North,Ananya Rao,Closed,On Time
PO202501679,2025-07-08,V014,Insight Advisory Services,IT,Professional Services,ITM020,Audit Support - Monthly,1,50543.7,50543.7,Net 30,2025-07-19,2025-07-17,South,Vikram Reddy,Closed,On Time
PO202501680,2025-03-26,V009,Urban Maintenance Co.,Administration,Facilities,ITM010,Printer Maintenance Kit,14,4979.02,69706.28,Net 60,2025-04-06,2025-04-03,North,Meera Joshi,Closed,On Time
PO202601681,2026-06-09,V007,SecureNet Systems,IT,Technology,ITM004,Wireless Keyboard & Mouse,31,1978.03,61318.93,Net 45,2026-06-20,2026-06-20,South,Vikram Reddy,Closed,On Time
PO202501682,2025-05-19,V003,Prime Workplace India,Operations,Facilities,ITM011,Cleaning Supplies Kit,12,1480.34,17764.08,Net 30,2025-05-29,2025-05-28,West,Ananya Rao,Closed,On Time
PO202501683,2025-07-05,V001,Apex Office Solutions,Operations,Office Supplies,ITM003,Ergonomic Office Chair,3,7717.37,23152.11,Net 30,2025-07-18,2025-07-16,North,Ananya Rao,Closed,On Time
PO202501684,2025-10-02,V007,SecureNet Systems,IT,Technology,ITM006,Business Laptop - Standard,2,57829.79,115659.58,Net 45,2025-10-10,2025-10-10,North,Vikram Reddy,Closed,On Time
PO202601685,2026-06-28,V001,Apex Office Solutions,Administration,Office Supplies,ITM002,Black Toner Cartridge,15,3397.63,50964.45,Net 30,2026-07-13,2026-07-10,East,Meera Joshi,Closed,On Time
PO202501686,2025-01-30,V013,MarketCraft Communications,Sales & Marketing,Marketing,ITM017,Digital Marketing Campaign,1,44777.47,44777.47,Net 30,2025-02-17,2025-02-15,South,Ishita Shah,Closed,On Time
PO202501687,2025-09-26,V006,CoreTech Solutions,Sales & Marketing,Technology,ITM006,Business Laptop - Standard,1,54118.31,54118.31,Net 45,2025-10-03,2025-10-13,West,Arjun Nair,Closed,Late
PO202601688,2026-01-30,V006,CoreTech Solutions,Finance,Technology,ITM009,Annual Software License,4,19701.95,78807.8,Net45,2026-02-11,2026-02-11,South,Kavya Iyer,Closed,On Time
PO202601689,2026-04-01,V001,Apex Office Solutions,Administration,Office Supplies,ITM003,Ergonomic Office Chair,6,8365.68,50194.08,Net 60,2026-04-19,2026-04-17,East,Meera Joshi,Closed,On Time
PO202501690,2025-11-10,V008,FacilityPro Services,Operations,Facilities,ITM011,Cleaning Supplies Kit,58,1385.49,80358.42,Net 45,2025-11-21,2025-11-18,South,Rohit Mehta,Closed,On Time
PO202601691,2026-06-17,V012,BrightReach Media,Sales & Marketing,Marketing,ITM018,Printed Marketing Materials,1,12054.53,12054.53,Net 30,2026-06-28,2026-06-27,East,Arjun Nair,Closed,On Time
PO202501692,2025-03-26,V009,Urban Maintenance Co.,Operations,Facilities,ITM010,Printer Maintenance Kit,9,5171.78,46546.02,Net 30,2025-04-01,2025-04-01,West,Ananya Rao,Closed,On Time
PO202601693,2026-06-09,V006,CoreTech Solutions,Sales & Marketing,Technology,ITM008,Network Switch - 24 Port,7,15557.27,108900.89,Net 45,2026-06-18,2026-06-15,East,Arjun Nair,Closed,On Time
PO202501694,2025-11-27,V014,Insight Advisory Services,IT,Professional Services,ITM020,Audit Support - Monthly,1,50579.12,50579.12,Net 45,2025-12-04,2025-12-04,North,Vikram Reddy,Closed,On Time
PO202501695,2025-11-12,V002,Metro Business Supplies,Finance,Office Supplies,ITM002,Black Toner Cartridge,6,2898.7,17392.2,Net 30,2025-11-22,2025-11-22,East,Kavya Iyer,Closed,On Time
PO202501696,2025-01-16,V003,Prime Workplace India,Operations,Facilities,ITM010,Printer Maintenance Kit,4,5943.6,23774.4,Net 45,2025-01-31,2025-01-29,North,Rohit Mehta,Closed,On Time
PO202501697,2025-03-26,V012,BrightReach Media,Sales & Marketing,Marketing,ITM018,Printed Marketing Materials,1,12314.48,12314.48,Net 60,2025-04-09,2025-04-08,South,Ishita Shah,Closed,On Time
PO202501698,2025-06-11,V001,Apex Office Solutions,Finance,Office Supplies,ITM003,Ergonomic Office Chair,5,7579.98,37899.9,Net 60,2025-06-17,2025-06-16,North,Kavya Iyer,Closed,On Time
PO202601699,2026-01-27,V012,BrightReach Media,Sales & Marketing,Marketing,ITM018,Printed Marketing Materials,1,12141.98,12141.98,Net 30,2026-02-13,2026-02-18,West,Arjun Nair,Closed,Late
PO202601700,2026-05-28,V004,Nexa Technologies,Sales & Marketing,Technology,ITM004,Wireless Keyboard & Mouse,11,1747.84,19226.24,Net 45,2026-06-12,2026-06-12,West,Arjun Nair,Closed,On Time
PO202601701,2026-01-18,V006,CoreTech Solutions,Sales & Marketing,Technology,ITM004,Wireless Keyboard & Mouse,46,1616.47,74357.62,Net 45,2026-01-23,2026-02-03,East,Arjun Nair,Closed,Late
PO202601702,2026-01-21,V015,TalentBridge Consulting,IT,Professional Services,ITM021,Recruitment Service Fee,1,46066.71,46066.71,Net 30,2026-01-31,2026-01-29,East,Vikram Reddy,Closed,On Time
PO202501703,2025-08-21,V014,Insight Advisory Services,IT,Professional Services,ITM020,Audit Support - Monthly,2,51016.68,102033.36,Net 60,2025-09-05,2025-09-02,South,Vikram Reddy,Closed,On Time
PO202501704,2025-12-06,V014,Insight Advisory Services,Human Resources,Professional Services,ITM020,Audit Support - Monthly,1,53581.5,53581.5,Net 30,2025-12-20,2025-12-18,South,Neha Kapoor,Closed,On Time
PO202601705,2026-03-15,V006,CoreTech Solutions,Finance,Technology,ITM007,USB-C Docking Station,2,8328.77,16657.54,Net 30,2026-03-22,2026-04-02,South,Kavya Iyer,Closed,Late
PO202601706,2026-05-04,V002,Metro Business Supplies,Human Resources,Office Supplies,ITM003,Ergonomic Office Chair,4,7065.61,28262.44,Net 30,2026-05-10,2026-05-07,East,Neha Kapoor,Closed,On Time
PO202601707,2026-01-31,V005,Vertex Digital Systems,Sales & Marketing,Technology,ITM005,24-inch Business Monitor,4,11759.65,47038.6,Net 45,2026-02-15,2026-02-13,South,Arjun Nair,Closed,On Time
PO202601708,2026-06-09,V003,Prime Workplace India,Operations,Facilities,ITM010,Printer Maintenance Kit,10,5986.71,59867.1,Net 30,2026-06-18,2026-06-18,West,Rohit Mehta,Closed,On Time
PO202501709,2025-09-09,V003,Prime Workplace India,Sales & Marketing,Office Supplies,ITM001,A4 Copier Paper - 500 Sheets,9,268.25,2414.25,Net 30,2025-09-17,2025-09-14,East,Ishita Shah,Closed,On Time
PO202501710,2025-08-02,V001,Apex Office Solutions,Sales & Marketing,Office Supplies,ITM003,Ergonomic Office Chair,9,7832.6,70493.4,Net 30,2025-08-10,2025-08-07,South,Ishita Shah,Closed,On Time
PO202501711,2025-05-23,V009,Urban Maintenance Co.,Operations,Facilities,ITM010,Printer Maintenance Kit,3,5351.67,16055.01,Net 30,2025-06-08,2025-06-06,East,Ananya Rao,Closed,On Time
PO202601712,2026-01-13,V001,Apex Office Solutions,Operations,Office Supplies,ITM002,Black Toner Cartridge,13,3121.93,40585.09,Net 45,2026-01-21,2026-01-19,North,Rohit Mehta,Closed,On Time
PO202501713,2025-09-24,V001,Apex Office Solutions,Sales & Marketing,Office Supplies,ITM002,Black Toner Cartridge,13,3103.01,40339.13,Net 45,2025-10-08,2025-10-06,South,Ishita Shah,Closed,On Time
PO202601714,2026-02-21,V016,StratEdge Partners,Finance,Professional Services,ITM020,Audit Support - Monthly,2,50323.61,100647.22,Net 30,2026-03-06,2026-03-06,South,Kavya Iyer,Closed,On Time
PO202601715,2026-03-04,V001,Apex Office Solutions,Operations,Office Supplies,ITM003,Ergonomic Office Chair,8,7503.29,60026.32,Net 45,2026-03-18,2026-03-16,North,Ananya Rao,Closed,On Time
PO202501716,2025-03-16,V009,Urban Maintenance Co.,Operations,Facilities,ITM012,LED Panel Light,55,1547.16,85093.8,Net 30,2025-03-24,2025-03-21,South,Rohit Mehta,Closed,On Time
PO202501717,2025-05-21,V008,FacilityPro Services,Administration,Facilities,ITM010,Printer Maintenance Kit,11,5282.96,58112.56,Net 30,2025-06-04,2025-06-04,West,Meera Joshi,Closed,On Time
PO202501718,2025-07-17,V004,Nexa Technologies,IT,Technology,ITM009,Annual Software License,5,22293.98,111469.9,Net 30,2025-07-27,2025-08-04,East,Vikram Reddy,Closed,Late
PO202601719,2026-02-09,V003,Prime Workplace India,Sales & Marketing,Office Supplies,ITM001,A4 Copier Paper - 500 Sheets,56,270.16,15128.96,Net 30,2026-02-22,2026-02-22,West,Arjun Nair,Closed,On Time
PO202601720,2026-06-15,V003,Prime Workplace India,Administration,Office Supplies,ITM002,Black Toner Cartridge,14,3678.45,51498.3,Net 30,2026-06-28,2026-06-27,East,Meera Joshi,Closed,On Time
PO202601721,2026-06-06,V014,Insight Advisory Services,Administration,Professional Services,ITM022,Data Reporting Support - Monthly,1,49277.09,49277.09,Net 60,2026-06-22,2026-06-22,North,Meera Joshi,Closed,On Time
PO202501722,2025-05-17,V008,FacilityPro Services,Administration,Facilities,ITM012,LED Panel Light,12,1707.84,20494.08,Net 45,2025-06-04,2025-06-02,South,Meera Joshi,Closed,On Time
PO202601723,2026-01-19,V004,Nexa Technologies,IT,Technology,ITM004,Wireless Keyboard & Mouse,30,1794.62,53838.6,Net 30,2026-01-25,2026-01-25,South,Vikram Reddy,Closed,On Time
PO202501724,2025-02-06,V012,BrightReach Media,Sales & Marketing,Marketing,ITM018,Printed Marketing Materials,1,12272.24,12272.24,Net 30,2025-02-17,2025-02-15,West,Ishita Shah,Closed,On Time
PO202501725,2025-07-15,V014,Insight Advisory Services,IT,Professional Services,ITM020,Audit Support - Monthly,1,52063.82,52063.82,Net 45,2025-07-28,2025-07-30,South,Vikram Reddy,Closed,Late
PO202601726,2026-02-17,V014,Insight Advisory Services,Finance,Professional Services,ITM022,Data Reporting Support - Monthly,2,49712.23,99424.46,Net 60,2026-03-02,2026-03-02,South,Kavya Iyer,Closed,On Time
PO202501727,2025-04-16,V002,Metro Business Supplies,Sales & Marketing,Office Supplies,ITM003,Ergonomic Office Chair,12,7097.16,85165.92,Net 30,2025-04-22,2025-04-22,East,Ishita Shah,Closed,On Time
PO202501728,2025-04-26,V005,Vertex Digital Systems,Sales & Marketing,Technology,ITM007,USB-C Docking Station,9,9864.08,88776.72,Net 30,2025-05-04,2025-05-03,East,Arjun Nair,Closed,On Time
PO202501729,2025-08-01,V004,Nexa Technologies,Finance,Technology,ITM008,Network Switch - 24 Port,6,16320.76,97924.56,Net 30,2025-08-13,2025-08-11,West,Kavya Iyer,Closed,On Time
PO202601730,2026-06-06,V003,Prime Workplace India,Operations,Facilities,ITM011,Cleaning Supplies Kit,49,1504.43,73717.07,Net 30,2026-06-18,2026-06-18,North,Rohit Mehta,Closed,On Time
PO202601731,2026-03-12,V013,MarketCraft Communications,Sales & Marketing,Marketing,ITM017,Digital Marketing Campaign,1,47580.14,47580.14,Net 30,2026-03-19,2026-03-17,East,Arjun Nair,Closed,On Time
PO202601732,2026-03-17,V005,Vertex Digital Systems,IT,Technology,ITM006,Business Laptop - Standard,1,64280.43,64280.43,Net 60,2026-03-24,2026-03-22,East,Vikram Reddy,Closed,On Time
PO202501733,2025-09-02,V013,MarketCraft Communications,Sales & Marketing,Marketing,ITM017,Digital Marketing Campaign,2,46698.37,93396.74,Net 45,2025-09-09,2025-09-09,West,Arjun Nair,Closed,On Time
PO202601734,2026-04-26,V007,SecureNet Systems,IT,Technology,ITM004,Wireless Keyboard & Mouse,13,1896.65,24656.45,Net 45,2026-05-06,2026-05-03,East,Vikram Reddy,Closed,On Time
PO202501735,2025-03-04,V001,Apex Office Solutions,Administration,Office Supplies,ITM001,A4 Copier Paper - 500 Sheets,59,252.62,14904.58,Net 45,2025-03-13,2025-03-11,East,Meera Joshi,Closed,On Time
PO202501736,2025-02-23,V014,Insight Advisory Services,IT,Professional Services,ITM022,Data Reporting Support - Monthly,2,48754.27,97508.54,Net 30,2025-03-01,2025-02-26,North,Vikram Reddy,Closed,On Time
PO202601737,2026-02-21,V001,Apex Office Solutions,Sales & Marketing,Office Supplies,ITM003,Ergonomic Office Chair,4,8088.0,32352.0,Net 30,2026-03-02,2026-03-02,North,Arjun Nair,Closed,On Time
PO202601738,2026-01-09,V001,Apex Office Solutions,Human Resources,Office Supplies,ITM003,Ergonomic Office Chair,10,8076.13,80761.3,Net 60,2026-01-15,2026-01-14,South,Neha Kapoor,Closed,On Time
PO202501739,2025-01-22,V006,CoreTech Solutions,Finance,Technology,ITM005,24-inch Business Monitor,6,10483.53,62901.18,Net 30,2025-02-03,2025-02-03,North,Kavya Iyer,Closed,On Time
PO202501740,2025-04-09,V001,Apex Office Solutions,Human Resources,Office Supplies,ITM002,Black Toner Cartridge,3,3166.86,9500.58,Net 45,2025-04-20,2025-04-19,East,Neha Kapoor,Closed,On Time
PO202501741,2025-07-28,V004,Nexa Technologies,Finance,Technology,ITM009,Annual Software License,2,22144.37,44288.74,Net 45,2025-08-11,2025-08-09,East,Kavya Iyer,Closed,On Time
PO202501742,2025-09-16,V016,StratEdge Partners,Administration,Professional Services,ITM022,Data Reporting Support - Monthly,1,46320.7,46320.7,Net 30,2025-10-01,2025-09-30,West,Meera Joshi,Closed,On Time
PO202601743,2026-02-22,V010,SafeGuard Industrial,Operations,Safety,ITM014,Safety Gloves - Box,21,733.37,15400.77,Net 60,2026-03-12,2026-03-11,East,Ananya Rao,Closed,On Time
PO202501744,2025-10-25,V006,CoreTech Solutions,IT,Technology,ITM004,Wireless Keyboard & Mouse,10,1716.78,17167.8,Net 45,2025-11-03,2025-10-31,North,Vikram Reddy,Closed,On Time
PO202501745,2025-01-25,V002,Metro Business Supplies,Finance,Office Supplies,ITM001,A4 Copier Paper - 500 Sheets,46,221.08,10169.68,Net 60,2025-02-02,2025-02-01,North,Kavya Iyer,Closed,On Time
PO202501746,2025-08-11,V004,Nexa Technologies,IT,Technology,ITM004,Wireless Keyboard & Mouse,51,1749.98,89248.98,Net 30,2025-08-16,2025-08-15,East,Vikram Reddy,Closed,On Time
PO202501747,2025-06-27,V002,Metro Business Supplies,Administration,Office Supplies,ITM002,Black Toner Cartridge,6,3058.94,18353.64,Net 45,2025-07-10,2025-07-09,South,Meera Joshi,Closed,On Time
PO202501748,2025-08-14,V002,Metro Business Supplies,Human Resources,Office Supplies,ITM001,A4 Copier Paper - 500 Sheets,39,226.81,8845.59,Net 45,2025-08-29,2025-09-12,West,Neha Kapoor,Closed,Late
PO202601749,2026-03-16,V006,CoreTech Solutions,Finance,Technology,ITM006,Business Laptop - Standard,5,55389.51,276947.55,Net 60,2026-04-02,2026-04-02,West,Kavya Iyer,Closed,On Time
PO202501750,2025-04-01,V006,CoreTech Solutions,Finance,Technology,ITM005,24-inch Business Monitor,1,10464.65,10464.65,Net 60,2025-04-19,2025-04-16,East,Kavya Iyer,Closed,On Time
PO202501751,2025-05-23,V012,BrightReach Media,Sales & Marketing,Marketing,ITM018,Printed Marketing Materials,1,12474.96,12474.96,Net 45,2025-06-04,2025-06-02,South,Ishita Shah,Closed,On Time
PO202601752,2026-05-13,V006,CoreTech Solutions,IT,Technology,ITM008,Network Switch - 24 Port,3,15224.27,45672.81,Net 30,2026-05-28,2026-05-27,West,Vikram Reddy,Closed,On Time
PO202601753,2026-01-02,V014,Insight Advisory Services,IT,Professional Services,ITM020,Audit Support - Monthly,3,51799.1,155397.3,Net 30,2026-01-09,2026-01-06,South,Vikram Reddy,Closed,On Time
PO202501754,2025-11-29,V002,Metro Business Supplies,Sales & Marketing,Office Supplies,ITM003,Ergonomic Office Chair,10,7430.06,74300.6,Net 45,2025-12-04,2025-12-03,South,Arjun Nair,Closed,On Time
PO202501755,2025-11-28,V006,CoreTech Solutions,Sales & Marketing,Technology,ITM005,24-inch Business Monitor,8,10678.24,85425.92,Net 60,2025-12-09,2025-12-08,North,Arjun Nair,Closed,On Time
PO202501756,2025-11-21,V010,SafeGuard Industrial,Operations,Safety,ITM015,Safety Helmet,54,1161.12,62700.48,Net 45,2025-12-02,2025-12-01,West,Rohit Mehta,Closed,On Time
PO202601757,2026-02-10,V010,SafeGuard Industrial,Operations,Safety,ITM015,Safety Helmet,24,1126.97,27047.28,Net 60,2026-02-23,2026-02-23,North,Ananya Rao,Closed,On Time
PO202501758,2025-07-08,V002,Metro Business Supplies,Sales & Marketing,Office Supplies,ITM001,A4 Copier Paper - 500 Sheets,58,227.91,13218.78,Net 60,2025-07-20,2025-07-17,West,Arjun Nair,Closed,On Time
PO202501759,2025-05-25,V003,Prime Workplace India,Operations,Office Supplies,ITM003,Ergonomic Office Chair,1,8267.47,8267.47,Net 45,2025-05-31,2025-05-28,South,Rohit Mehta,Closed,On Time
PO202501760,2025-10-09,V006,CoreTech Solutions,IT,Technology,ITM007,USB-C Docking Station,3,8212.92,24638.76,Net 30,2025-10-16,2025-10-31,West,Vikram Reddy,Closed,Late
PO202501761,2025-01-17,V002,Metro Business Supplies,Administration,Office Supplies,ITM002,Black Toner Cartridge,3,2986.6,8959.8,Net 60,2025-02-03,2025-02-02,East,Meera Joshi,Closed,On Time
PO202601762,2026-04-08,V005,Vertex Digital Systems,Human Resources,Technology,ITM009,Annual Software License,6,23382.42,140294.52,Net 45,2026-04-20,2026-04-20,North,Neha Kapoor,Closed,On Time
PO202601763,2026-05-23,V014,Insight Advisory Services,IT,Professional Services,ITM020,Audit Support - Monthly,1,51342.39,51342.39,Net 30,2026-05-31,2026-05-31,East,Vikram Reddy,Closed,On Time
PO202601764,2026-06-11,V016,StratEdge Partners,IT,Professional Services,ITM020,Audit Support - Monthly,1,50971.68,50971.68,Net 45,2026-06-26,2026-06-24,East,Vikram Reddy,Closed,On Time
PO202501765,2025-08-10,V014,Insight Advisory Services,Human Resources,Professional Services,ITM021,Recruitment Service Fee,2,43318.66,86637.32,Net 30,2025-08-22,2025-08-19,North,Neha Kapoor,Closed,On Time
PO202501766,2025-09-15,V016,StratEdge Partners,Administration,Professional Services,ITM022,Data Reporting Support - Monthly,3,47591.11,142773.33,Net 30,2025-09-20,2025-09-18,South,Meera Joshi,Closed,On Time
PO202501767,2025-02-02,V004,Nexa Technologies,Sales & Marketing,Technology,ITM007,USB-C Docking Station,1,9018.95,9018.95,Net 60,2025-02-14,2025-02-13,West,Arjun Nair,Closed,On Time
PO202601768,2026-04-24,V009,Urban Maintenance Co.,Administration,Facilities,ITM011,Cleaning Supplies Kit,22,1313.01,28886.22,Net45,2026-05-09,2026-05-07,South,Meera Joshi,Closed,On Time
PO202501769,2025-01-30,V010,SafeGuard Industrial,Operations,Safety,ITM015,Safety Helmet,13,1119.06,14547.78,Net 30,2025-02-15,2025-02-15,North,Ananya Rao,Closed,On Time
PO202501770,2025-04-07,V003,Prime Workplace India,Finance,Office Supplies,ITM001,A4 Copier Paper - 500 Sheets,54,265.74,14349.96,Net 45,2025-04-22,2025-04-21,East,Kavya Iyer,Closed,On Time
PO202501771,2025-07-12,V004,Nexa Technologies,IT,Technology,ITM004,Wireless Keyboard & Mouse,41,1847.65,75753.65,Net 30,2025-07-17,2025-07-16,West,Vikram Reddy,Closed,On Time
PO202501772,2025-09-28,V007,SecureNet Systems,Human Resources,Technology,ITM007,USB-C Docking Station,6,9373.5,56241.0,Net 30,2025-10-04,2025-10-02,West,Neha Kapoor,Closed,On Time
PO202501773,2025-12-23,V009,Urban Maintenance Co.,Administration,Facilities,ITM013,Electrical Maintenance Service,2,18325.42,36650.84,Net 30,2026-01-06,2026-01-06,North,Meera Joshi,Closed,On Time
PO202601774,2026-01-02,V016,StratEdge Partners,IT,Professional Services,ITM019,Training Workshop - Per Batch,2,36771.87,73543.74,Net 30,2026-01-09,2026-01-09,West,Vikram Reddy,Closed,On Time
PO202601775,2026-03-29,V002,Metro Business Supplies,Operations,office supplies,ITM001,A4 Copier Paper - 500 Sheets,28,235.77,6601.56,Net 45,2026-04-09,2026-04-08,North,Ananya Rao,Closed,On Time
PO202501776,2025-01-30,V001,Apex Office Solutions,Sales & Marketing,Office Supplies,ITM003,Ergonomic Office Chair,10,7600.17,76001.7,Net 45,2025-02-13,2025-02-10,South,Ishita Shah,Closed,On Time
PO202501777,2025-09-04,V014,Insight Advisory Services,IT,Professional Services,ITM019,Training Workshop - Per Batch,1,38169.73,38169.73,Net 45,2025-09-13,2025-09-11,West,Vikram Reddy,Closed,On Time
PO202601778,2026-03-05,V007,SecureNet Systems,IT,Technology,ITM005,24-inch Business Monitor,4,11188.42,44753.68,Net 30,2026-03-23,2026-03-23,North,Vikram Reddy,Closed,On Time
PO202501779,2025-10-26,V008,FacilityPro Services,Operations,Facilities,ITM011,Cleaning Supplies Kit,59,1340.5,79089.5,Net 45,2025-11-10,2025-11-09,West,Ananya Rao,Closed,On Time
PO202501780,2025-09-10,V006,CoreTech Solutions,Sales & Marketing,Technology,ITM007,USB-C Docking Station,10,7909.75,79097.5,Net 30,2025-09-16,2025-09-23,South,Ishita Shah,Closed,Late
PO202501781,2025-09-22,V011,ProSafe Equipment,Operations,Safety,ITM014,Safety Gloves - Box,44,671.95,29565.8,Net 60,2025-10-02,2025-10-02,West,Rohit Mehta,Closed,On Time
PO202601782,2026-05-11,V006,CoreTech Solutions,Sales & Marketing,Technology,ITM004,Wireless Keyboard & Mouse,12,1719.69,20636.28,Net 30,2026-05-26,2026-05-25,North,Arjun Nair,Closed,On Time
PO202601783,2026-04-08,V001,Apex Office Solutions,Operations,Office Supplies,ITM002,Black Toner Cartridge,12,3198.18,38378.16,Net 30,2026-04-13,2026-04-10,West,Ananya Rao,Closed,On Time
PO202501784,2025-04-11,V006,CoreTech Solutions,Finance,Technology,ITM004,Wireless Keyboard & Mouse,48,1683.23,80795.04,Net 30,2025-04-23,2025-04-20,South,Kavya Iyer,Closed,On Time
PO202501785,2025-05-21,V014,Insight Advisory Services,IT,Professional Services,ITM019,Training Workshop - Per Batch,3,37478.7,112436.1,Net 30,2025-06-06,2025-06-06,West,Vikram Reddy,Closed,On Time
PO202501786,2025-09-18,V001,Apex Office Solutions,Operations,Office Supplies,ITM001,A4 Copier Paper - 500 Sheets,52,249.45,12971.4,Net 45,2025-10-05,2025-10-02,South,Ananya Rao,Closed,On Time
PO202501787,2025-11-14,V001,Apex Office Solutions,Administration,Office Supplies,ITM003,Ergonomic Office Chair,13,8234.75,107051.75,Net 45,2025-11-25,2025-12-07,North,Meera Joshi,Closed,Late
PO202501788,2025-07-30,V014,Insight Advisory Services,IT,Professional Services,ITM021,Recruitment Service Fee,1,43478.67,43478.67,Net 30,2025-08-07,2025-08-07,West,Vikram Reddy,Closed,On Time
PO202601789,2026-04-03,V003,Prime Workplace India,Operations,Facilities,ITM010,Printer Maintenance Kit,1,5692.91,5692.91,Net 30,2026-04-09,2026-04-08,South,Ananya Rao,Closed,On Time
PO202501790,2025-06-23,V002,Metro Business Supplies,Operations,Office Supplies,ITM003,Ergonomic Office Chair,2,7411.14,14822.28,Net 45,2025-07-10,2025-07-10,East,Ananya Rao,Closed,On Time
PO202501791,2025-09-01,V007,SecureNet Systems,IT,Technology,ITM009,Annual Software License,4,23021.14,92084.56,Net 30,2025-09-17,2025-09-17,North,Vikram Reddy,Closed,On Time
PO202601792,2026-03-15,V001,Apex Office Solutions,Operations,Office Supplies,ITM002,Black Toner Cartridge,12,3096.85,37162.2,Net 60,2026-03-21,2026-03-18,East,Ananya Rao,Closed,On Time
PO202601793,2026-03-21,V012,BrightReach Media,Sales & Marketing,Marketing,ITM018,Printed Marketing Materials,1,12243.78,12243.78,Net 60,2026-04-03,2026-04-03,South,Ishita Shah,Closed,On Time
PO202501794,2025-11-08,V003,Prime Workplace India,Administration,Facilities,ITM013,Electrical Maintenance Service,6,19707.67,118246.02,Net 30,2025-11-19,2025-11-18,East,Meera Joshi,Closed,On Time
PO202501795,2025-08-30,V006,CoreTech Solutions,IT,Technology,ITM009,Annual Software License,7,20579.27,144054.89,Net 30,2025-09-16,2025-09-24,North,Vikram Reddy,Closed,Late
PO202501796,2025-04-20,V015,TalentBridge Consulting,Human Resources,Professional Services,ITM022,Data Reporting Support - Monthly,1,53149.04,53149.04,Net 30,2025-04-30,2025-04-27,East,Neha Kapoor,Closed,On Time
PO202501797,2025-02-17,V011,ProSafe Equipment,Operations,Safety,ITM016,First Aid Refill Kit,23,2051.91,47193.93,Net 30,2025-03-04,2025-03-04,East,Rohit Mehta,Closed,On Time
PO202501798,2025-06-30,V001,Apex Office Solutions,Operations,Office Supplies,ITM001,A4 Copier Paper - 500 Sheets,9,250.19,2251.71,Net 45,2025-07-17,2025-07-17,West,Ananya Rao,Closed,On Time
PO202601799,2026-01-19,V013,MarketCraft Communications,Sales & Marketing,Marketing,ITM018,Printed Marketing Materials,1,14112.19,14112.19,Net 45,2026-01-30,2026-01-30,East,Ishita Shah,Closed,On Time
PO202601800,2026-01-22,V003,Prime Workplace India,Sales & Marketing,Office Supplies,ITM003,Ergonomic Office Chair,4,8708.45,34833.8,Net 30,2026-02-02,2026-02-01,North,Arjun Nair,Closed,On Time
PO202501801,2025-08-22,V002,Metro Business Supplies,Operations,Office Supplies,ITM002,Black Toner Cartridge,3,2860.07,8580.21,Net 45,2025-09-08,2025-09-08,West,Rohit Mehta,Closed,On Time
PO202501802,2025-03-01,V004,Nexa Technologies,Sales & Marketing,Technology,ITM004,Wireless Keyboard & Mouse,29,1783.59,51724.11,Net 45,2025-03-17,2025-03-16,South,Ishita Shah,Closed,On Time
PO202501803,2025-06-24,V008,FacilityPro Services,Operations,Facilities,ITM010,Printer Maintenance Kit,9,5193.93,46745.37,Net 45,2025-06-30,2025-06-27,East,Rohit Mehta,Closed,On Time
PO202601804,2026-04-04,V016,StratEdge Partners,IT,Professional Services,ITM022,Data Reporting Support - Monthly,2,47134.88,94269.76,Net 30,2026-04-18,2026-04-16,West,Vikram Reddy,Closed,On Time
PO202601805,2026-05-18,V016,StratEdge Partners,Finance,Professional Services,ITM021,Recruitment Service Fee,1,43302.33,43302.33,Net 60,2026-05-31,2026-05-31,South,Kavya Iyer,Closed,On Time
PO202501806,2025-03-20,V001,Apex Office Solutions,Sales & Marketing,Office Supplies,ITM003,Ergonomic Office Chair,2,8092.82,16185.64,Net 30,2025-03-31,2025-03-31,East,Ishita Shah,Closed,On Time
PO202501807,2025-12-27,V008,FacilityPro Services,Operations,Facilities,ITM010,Printer Maintenance Kit,7,5332.27,37325.89,Net 30,2026-01-04,2026-01-04,West,Ananya Rao,Closed,On Time
PO202601808,2026-02-06,V014,Insight Advisory Services,Administration,Professional Services,ITM019,Training Workshop - Per Batch,1,37188.56,37188.56,Net 30,2026-02-18,2026-02-15,West,Meera Joshi,Closed,On Time
PO202601809,2026-02-03,V003,Prime Workplace India,Administration,Office Supplies,ITM002,Black Toner Cartridge,4,3687.81,14751.24,Net 30,2026-02-09,2026-02-07,South,Meera Joshi,Closed,On Time
PO202501810,2025-11-14,V006,CoreTech Solutions,IT,Technology,ITM007,USB-C Docking Station,12,8213.39,98560.68,Net 30,2025-11-23,2025-11-21,North,Vikram Reddy,Closed,On Time
PO202501811,2025-05-07,V015,TalentBridge Consulting,Administration,Professional Services,ITM020,Audit Support - Monthly,1,53679.79,53679.79,Net 30,2025-05-24,2025-05-22,North,Meera Joshi,Closed,On Time
PO202501812,2025-07-08,V002,Metro Business Supplies,Administration,Office Supplies,ITM003,Ergonomic Office Chair,14,8060.87,112852.18,Net 60,2025-07-17,2025-07-14,South,Meera Joshi,Closed,On Time
PO202501813,2025-07-12,V010,SafeGuard Industrial,Operations,Safety,ITM016,First Aid Refill Kit,21,2145.24,45050.04,Net 45,2025-07-22,2025-07-21,North,Rohit Mehta,Closed,On Time
PO202501814,2025-08-28,V001,Apex Office Solutions,Human Resources,Office Supplies,ITM003,Ergonomic Office Chair,13,8116.12,105509.56,Net 45,2025-09-09,2025-09-07,South,Neha Kapoor,Closed,On Time
PO202501815,2025-11-10,V015,TalentBridge Consulting,IT,Professional Services,ITM020,Audit Support - Monthly,1,57452.68,57452.68,Net 45,2025-11-23,2025-11-22,East,Vikram Reddy,Closed,On Time
PO202501816,2025-07-12,V001,Apex Office Solutions,Administration,Office Supplies,ITM002,Black Toner Cartridge,15,3224.78,48371.7,Net 30,2025-07-20,2025-07-17,East,Meera Joshi,Closed,On Time
PO202501817,2025-01-30,V009,Urban Maintenance Co.,Operations,Facilities,ITM011,Cleaning Supplies Kit,50,1357.84,67892.0,Net 45,2025-02-06,2025-02-05,North,Ananya Rao,Closed,On Time
PO202501818,2025-03-04,V001,Apex Office Solutions,Administration,Office Supplies,ITM003,Ergonomic Office Chair,15,8169.94,122549.1,Net 45,2025-03-09,2025-03-09,North,Meera Joshi,Closed,On Time
PO202501819,2025-10-02,V015,TalentBridge Consulting,IT,Professional Services,ITM020,Audit Support - Monthly,1,56229.77,56229.77,Net 30,2025-10-18,2025-10-16,North,Vikram Reddy,Closed,On Time
PO202601820,2026-02-26,V002,Metro Business Supplies,Administration,Office Supplies,ITM001,A4 Copier Paper - 500 Sheets,47,243.05,11423.35,Net 60,2026-03-04,2026-03-01,South,Meera Joshi,Closed,On Time
PO202501821,2025-04-16,V006,CoreTech Solutions,Finance,Technology,ITM008,Network Switch - 24 Port,4,14765.85,59063.4,Net 45,2025-04-28,2025-05-04,West,Kavya Iyer,Closed,Late
PO202501822,2025-02-27,V015,TalentBridge Consulting,IT,Professional Services,ITM019,Training Workshop - Per Batch,1,41648.02,41648.02,Net 30,2025-03-04,2025-03-02,North,Vikram Reddy,Closed,On Time
PO202501823,2025-06-29,V001,Apex Office Solutions,Administration,Office Supplies,ITM002,Black Toner Cartridge,10,3320.12,33201.2,Net 45,2025-07-14,2025-07-11,West,Meera Joshi,Closed,On Time
PO202501824,2025-08-28,V004,Nexa Technologies,Human Resources,Technology,ITM006,Business Laptop - Standard,4,55374.37,221497.48,Net 45,2025-09-11,2025-09-10,North,Neha Kapoor,Closed,On Time
PO202501825,2025-10-15,V008,FacilityPro Services,Administration,Facilities,ITM010,Printer Maintenance Kit,9,5511.25,49601.25,Net 30,2025-10-31,2025-10-28,North,Meera Joshi,Closed,On Time
PO202501826,2025-09-01,V012,BrightReach Media,Sales & Marketing,Marketing,ITM018,Printed Marketing Materials,1,12688.83,12688.83,Net 45,2025-09-14,2025-09-12,West,Ishita Shah,Closed,On Time
PO202501827,2025-06-30,V012,BrightReach Media,Sales & Marketing,Marketing,ITM018,Printed Marketing Materials,1,12505.99,12505.99,Net 45,2025-07-10,2025-07-10,North,Arjun Nair,Closed,On Time
PO202601828,2026-01-18,V003,Prime Workplace India,Administration,Facilities,ITM010,Printer Maintenance Kit,15,5768.89,86533.35,Net 30,2026-02-01,2026-01-29,West,Meera Joshi,Closed,On Time
PO202601829,2026-04-27,V009,Urban Maintenance Co.,Operations,Facilities,ITM010,Printer Maintenance Kit,1,5220.67,5220.67,Net 30,2026-05-02,2026-04-30,East,Ananya Rao,Closed,On Time
PO202601830,2026-03-17,V001,Apex Office Solutions,Sales & Marketing,Office Supplies,ITM002,Black Toner Cartridge,2,3139.83,6279.66,Net 60,2026-03-29,2026-03-29,East,Arjun Nair,Closed,On Time
PO202501831,2025-03-24,V014,Insight Advisory Services,IT,Professional Services,ITM022,Data Reporting Support - Monthly,1,47774.26,47774.26,Net 30,2025-04-04,2025-04-02,North,Vikram Reddy,Closed,On Time
PO202601832,2026-06-02,V002,Metro Business Supplies,Operations,Office Supplies,ITM002,Black Toner Cartridge,10,2889.45,28894.5,Net 30,2026-06-18,2026-06-17,West,Rohit Mehta,Closed,On Time
PO202601833,2026-03-22,V016,StratEdge Partners,Finance,Professional Services,ITM021,Recruitment Service Fee,1,41969.37,41969.37,Net 30,2026-04-08,2026-04-07,North,Kavya Iyer,Closed,On Time
PO202601834,2026-03-22,V006,CoreTech Solutions,IT,Technology,ITM006,Business Laptop - Standard,1,51701.48,51701.48,Net 60,2026-04-09,2026-04-11,West,Vikram Reddy,Closed,Late
PO202601835,2026-05-18,V008,FacilityPro Services,Operations,Facilities,ITM012,LED Panel Light,45,1701.25,76556.25,Net 30,2026-05-29,2026-05-28,North,Ananya Rao,Closed,On Time
PO202501836,2025-07-20,V003,Prime Workplace India,Finance,Office Supplies,ITM003,Ergonomic Office Chair,2,8028.49,16056.98,Net 30,2025-08-07,2025-08-04,East,Kavya Iyer,Closed,On Time
PO202501837,2025-08-02,V004,Nexa Technologies,Finance,Technology,ITM006,Business Laptop - Standard,8,59516.59,476132.72,Net 45,2025-08-14,2025-08-11,South,Kavya Iyer,Closed,On Time
PO202601838,2026-02-01,V001,Apex Office Solutions,Operations,Office Supplies,ITM003,Ergonomic Office Chair,11,7666.12,84327.32,Net 30,2026-02-10,2026-02-08,East,Ananya Rao,Closed,On Time
PO202501839,2025-08-27,V001,Apex Office Solutions,Operations,Office Supplies,ITM001,A4 Copier Paper - 500 Sheets,31,244.9,7591.9,Net 30,2025-09-02,2025-09-02,West,Ananya Rao,Closed,On Time
PO202601840,2026-04-03,V009,Urban Maintenance Co.,Administration,Facilities,ITM013,Electrical Maintenance Service,7,17326.22,121283.54,Net 30,2026-04-10,2026-04-07,North,Meera Joshi,Closed,On Time
PO202601841,2026-06-06,V016,StratEdge Partners,Administration,Professional Services,ITM022,Data Reporting Support - Monthly,2,45807.91,91615.82,Net 45,2026-06-23,2026-06-21,West,Meera Joshi,Closed,On Time
PO202501842,2025-05-22,V016,StratEdge Partners,IT,Professional Services,ITM022,Data Reporting Support - Monthly,1,48377.52,48377.52,Net 30,2025-06-08,2025-06-05,East,Vikram Reddy,Closed,On Time
PO202501843,2025-10-16,V001,Apex Office Solutions,Administration,Office Supplies,ITM002,Black Toner Cartridge,5,3312.03,16560.15,Net 30,2025-10-30,2025-10-29,South,Meera Joshi,Closed,On Time
PO202501844,2025-08-01,V013,MarketCraft Communications,Sales & Marketing,Marketing,ITM017,Digital Marketing Campaign,1,45506.94,45506.94,Net 30,2025-08-18,2025-08-15,West,Arjun Nair,Closed,On Time
PO202501845,2025-10-25,V006,CoreTech Solutions,Finance,Technology,ITM006,Business Laptop - Standard,4,53130.66,212522.64,Net 60,2025-11-04,2025-11-03,West,Kavya Iyer,Closed,On Time
PO202501846,2025-02-07,V010,SafeGuard Industrial,Operations,Safety,ITM016,First Aid Refill Kit,20,2047.6,40952.0,Net 45,2025-02-25,2025-02-23,South,Ananya Rao,Closed,On Time
PO202601847,2026-05-29,V014,Insight Advisory Services,IT,Professional Services,ITM019,Training Workshop - Per Batch,1,36828.16,36828.16,Net 45,2026-06-11,2026-06-08,North,Vikram Reddy,Closed,On Time
PO202601848,2026-03-13,V014,Insight Advisory Services,IT,Professional Services,ITM022,Data Reporting Support - Monthly,2,46481.8,92963.6,Net 30,2026-03-26,2026-03-26,East,Vikram Reddy,Closed,On Time
PO202601849,2026-01-28,V011,ProSafe Equipment,Operations,Safety,ITM014,Safety Gloves - Box,28,700.47,19613.16,Net 30,2026-02-08,2026-02-06,South,Rohit Mehta,Closed,On Time
PO202501850,2025-08-26,V010,SafeGuard Industrial,Operations,Safety,ITM014,Safety Gloves - Box,59,757.56,44696.04,Net 45,2025-08-31,2025-08-28,East,Ananya Rao,Closed,On Time
PO202501851,2025-06-09,V003,Prime Workplace India,Operations,Office Supplies,ITM001,A4 Copier Paper - 500 Sheets,29,264.21,7662.09,Net 30,2025-06-14,2025-06-12,West,Ananya Rao,Closed,On Time
PO202501852,2025-04-03,V014,Insight Advisory Services,IT,Professional Services,ITM020,Audit Support - Monthly,1,51320.41,51320.41,Net 30,2025-04-21,2025-04-20,North,Vikram Reddy,Closed,On Time
PO202501853,2025-04-16,V016,StratEdge Partners,Administration,Professional Services,ITM020,Audit Support - Monthly,3,49448.03,148344.09,Net 60,2025-04-28,2025-04-26,East,Meera Joshi,Closed,On Time
PO202601854,2026-05-24,V003,Prime Workplace India,Operations,Office Supplies,ITM001,A4 Copier Paper - 500 Sheets,48,253.47,12166.56,Net 30,2026-06-01,2026-06-08,West,Rohit Mehta,Closed,Late
PO202601855,2026-03-05,V012,BrightReach Media,Sales & Marketing,Marketing,ITM018,Printed Marketing Materials,3,12699.75,38099.25,Net 45,2026-03-22,2026-03-21,East,Ishita Shah,Closed,On Time
PO202501856,2025-03-01,V003,Prime Workplace India,Sales & Marketing,Office Supplies,ITM003,Ergonomic Office Chair,3,8069.23,24207.69,Net 30,2025-03-14,2025-03-12,South,Ishita Shah,Closed,On Time
PO202601857,2026-04-17,V013,MarketCraft Communications,Sales & Marketing,Marketing,ITM017,Digital Marketing Campaign,1,44755.75,44755.75,Net 30,2026-04-26,2026-04-26,South,Arjun Nair,Closed,On Time
PO202501858,2025-03-08,V001,Apex Office Solutions,Administration,Office Supplies,ITM002,Black Toner Cartridge,14,3387.76,47428.64,Net 30,2025-03-15,2025-03-14,North,Meera Joshi,Closed,On Time
PO202501859,2025-04-15,V013,MarketCraft Communications,Sales & Marketing,Marketing,ITM018,Printed Marketing Materials,1,13565.3,13565.3,Net 30,2025-04-24,2025-04-24,South,Ishita Shah,Closed,On Time
PO202501860,2025-12-31,V005,Vertex Digital Systems,IT,Technology,ITM006,Business Laptop - Standard,5,61732.09,308660.45,Net 30,2026-01-09,2026-01-18,South,Vikram Reddy,Closed,Late
PO202601861,2026-02-22,V001,Apex Office Solutions,Sales & Marketing,Office Supplies,ITM002,Black Toner Cartridge,14,3139.32,43950.48,Net 30,2026-03-10,2026-03-08,North,Arjun Nair,Closed,On Time
PO202501862,2025-07-08,V008,FacilityPro Services,Operations,Facilities,ITM012,LED Panel Light,24,1592.18,38212.32,Net 30,2025-07-23,2025-07-23,South,Rohit Mehta,Closed,On Time
PO202501863,2025-04-06,V014,Insight Advisory Services,Administration,Professional Services,ITM020,Audit Support - Monthly,1,51090.27,51090.27,Net 45,2025-04-17,2025-04-14,West,Meera Joshi,Closed,On Time
PO202501864,2025-03-27,V001,Apex Office Solutions,Sales & Marketing,Office Supplies,ITM002,Black Toner Cartridge,14,3245.74,45440.36,Net 60,2025-04-10,2025-04-07,South,Arjun Nair,Closed,On Time
PO202501865,2025-10-05,V004,Nexa Technologies,IT,Technology,ITM009,Annual Software License,4,21853.17,87412.68,Net 30,2025-10-12,2025-10-10,West,Vikram Reddy,Closed,On Time
PO202501866,2025-06-11,V010,SafeGuard Industrial,Operations,Safety,ITM016,First Aid Refill Kit,40,2197.52,87900.8,Net 30,2025-06-21,2025-06-20,West,Rohit Mehta,Closed,On Time
PO202501867,2025-05-06,V014,Insight Advisory Services,Finance,Professional Services,ITM021,Recruitment Service Fee,1,46104.73,46104.73,Net 45,2025-05-16,2025-05-16,West,Kavya Iyer,Closed,On Time
PO202501868,2025-02-14,V001,Apex Office Solutions,Operations,Office Supplies,ITM002,Black Toner Cartridge,14,3246.03,45444.42,Net 30,2025-02-23,2025-02-21,East,Rohit Mehta,Closed,On Time
PO202501869,2025-01-24,V011,ProSafe Equipment,Operations,Safety,ITM016,First Aid Refill Kit,30,1974.54,59236.2,Net 30,2025-02-09,2025-02-09,East,Rohit Mehta,Closed,On Time
PO202501870,2025-12-29,V010,SafeGuard Industrial,Operations,Safety,ITM016,First Aid Refill Kit,37,2133.26,78930.62,Net 30,2026-01-10,2026-01-07,West,Ananya Rao,Closed,On Time
PO202501871,2025-07-30,V009,Urban Maintenance Co.,Administration,Facilities,ITM011,Cleaning Supplies Kit,42,1260.26,52930.92,Net 45,2025-08-04,2025-08-04,West,Meera Joshi,Closed,On Time
PO202501872,2025-10-11,V002,Metro Business Supplies,Human Resources,Office Supplies,ITM003,Ergonomic Office Chair,1,7103.76,7103.76,Net 60,2025-10-19,2025-10-17,North,Neha Kapoor,Closed,On Time
PO202501873,2025-10-24,V012,BrightReach Media,Sales & Marketing,Marketing,ITM018,Printed Marketing Materials,1,12633.78,12633.78,Net 30,2025-11-03,2025-10-31,West,Ishita Shah,Closed,On Time
PO202601874,2026-02-23,V002,Metro Business Supplies,Sales & Marketing,Office Supplies,ITM002,Black Toner Cartridge,12,2845.57,34146.84,Net 60,2026-03-06,2026-03-04,East,Ishita Shah,Closed,On Time
PO202501875,2025-12-06,V006,CoreTech Solutions,IT,Technology,ITM006,Business Laptop - Standard,3,55605.74,166817.22,Net 45,2025-12-24,2025-12-23,South,Vikram Reddy,Closed,On Time
PO202601876,2026-06-24,V001,Apex Office Solutions,Finance,Office Supplies,ITM001,A4 Copier Paper - 500 Sheets,26,246.44,6407.44,Net 45,2026-07-05,2026-07-03,East,Kavya Iyer,Closed,On Time
PO202601877,2026-05-23,V005,Vertex Digital Systems,Sales & Marketing,Technology,ITM006,Business Laptop - Standard,8,63789.67,510317.36,Net 45,2026-06-01,2026-05-30,East,Ishita Shah,Closed,On Time
PO202501878,2025-05-31,V003,Prime Workplace India,Finance,Office Supplies,ITM001,A4 Copier Paper - 500 Sheets,27,259.27,7000.29,Net 45,2025-06-15,2025-06-13,West,Kavya Iyer,Closed,On Time
PO202501879,2025-10-09,V016,StratEdge Partners,Human Resources,Professional Services,ITM019,Training Workshop - Per Batch,1,35599.14,35599.14,Net 30,2025-10-22,2025-10-21,North,Neha Kapoor,Closed,On Time
PO202601880,2026-05-20,V014,Insight Advisory Services,Finance,Professional Services,ITM022,Data Reporting Support - Monthly,1,47455.03,47455.03,Net 60,2026-06-06,2026-06-04,East,Kavya Iyer,Closed,On Time
PO202601881,2026-06-27,V011,ProSafe Equipment,Operations,Safety,ITM014,Safety Gloves - Box,18,659.71,11874.78,Net 30,2026-07-07,,West,Ananya Rao,Open,Open
PO202501882,2025-03-29,V014,Insight Advisory Services,Finance,Professional Services,ITM020,Audit Support - Monthly,1,51234.06,51234.06,Net 30,2025-04-11,2025-04-10,West,Kavya Iyer,Closed,On Time
PO202601883,2026-01-26,V011,ProSafe Equipment,Operations,Safety,ITM016,First Aid Refill Kit,49,1993.46,97679.54,Net 30,2026-01-31,2026-01-31,West,Ananya Rao,Closed,On Time
PO202501884,2025-11-04,V008,FacilityPro Services,Operations,Facilities,ITM011,Cleaning Supplies Kit,55,1325.4,72897.0,Net 30,2025-11-17,2025-11-14,North,Rohit Mehta,Closed,On Time
PO202501885,2025-09-25,V008,FacilityPro Services,Administration,Facilities,ITM011,Cleaning Supplies Kit,7,1404.44,9831.08,Net 60,2025-10-09,2025-10-06,East,Meera Joshi,Closed,On Time
PO202601886,2026-05-23,V001,Apex Office Solutions,Sales & Marketing,Office Supplies,ITM001,A4 Copier Paper - 500 Sheets,55,250.56,13780.8,Net 30,2026-06-01,2026-06-01,West,Ishita Shah,Closed,On Time
PO202601887,2026-02-23,V003,Prime Workplace India,Sales & Marketing,Office Supplies,ITM001,A4 Copier Paper - 500 Sheets,7,260.26,1821.82,Net 60,2026-03-02,2026-02-28,West,Arjun Nair,Closed,On Time
PO202601888,2026-04-10,V003,Prime Workplace India,Finance,Office Supplies,ITM001,A4 Copier Paper - 500 Sheets,31,260.78,8084.18,Net 30,2026-04-19,2026-04-17,North,Kavya Iyer,Closed,On Time
PO202601889,2026-02-09,V013,MarketCraft Communications,Sales & Marketing,Marketing,ITM018,Printed Marketing Materials,3,13301.71,39905.13,Net 45,2026-02-25,2026-02-25,South,Ishita Shah,Closed,On Time
PO202601890,2026-05-10,V011,ProSafe Equipment,Operations,Safety,ITM016,First Aid Refill Kit,55,1968.87,108287.85,Net 30,2026-05-19,2026-05-18,South,Rohit Mehta,Closed,On Time
PO202501891,2025-10-10,V011,ProSafe Equipment,Operations,Safety,ITM014,Safety Gloves - Box,47,696.29,32725.63,Net 30,2025-10-24,2025-10-21,North,Rohit Mehta,Closed,On Time
PO202501892,2025-11-23,V001,Apex Office Solutions,Operations,Office Supplies,ITM002,Black Toner Cartridge,5,3229.62,16148.1,Net 45,2025-12-08,2025-12-07,North,Ananya Rao,Closed,On Time
PO202601893,2026-03-19,V007,SecureNet Systems,IT,Technology,ITM006,Business Laptop - Standard,3,61583.22,184749.66,Net 45,2026-03-26,2026-03-24,South,Vikram Reddy,Closed,On Time
PO202501894,2025-09-04,V002,Metro Business Supplies,Operations,Office Supplies,ITM002,Black Toner Cartridge,1,2935.35,2935.35,Net 60,2025-09-19,2025-09-22,North,Rohit Mehta,Closed,Late
PO202501895,2025-10-22,V006,CoreTech Solutions,Finance,Technology,ITM004,Wireless Keyboard & Mouse,49,1716.05,84086.45,Net 30,2025-11-04,2025-11-03,North,Kavya Iyer,Closed,On Time
PO202601896,2026-05-28,V001,Apex Office Solutions,Finance,Office Supplies,ITM002,Black Toner Cartridge,11,3297.98,36277.78,Net 30,2026-06-09,2026-06-06,North,Kavya Iyer,Closed,On Time
PO202501897,2025-08-08,V002,Metro Business Supplies,Finance,Office Supplies,ITM001,A4 Copier Paper - 500 Sheets,27,238.56,6441.12,Net 45,2025-08-21,2025-09-04,North,Kavya Iyer,Closed,Late
PO202601898,2026-02-17,V016,StratEdge Partners,IT,Professional Services,ITM019,Training Workshop - Per Batch,1,36747.54,36747.54,Net 30,2026-02-25,2026-02-23,North,Vikram Reddy,Closed,On Time
PO202601899,2026-04-22,V006,CoreTech Solutions,Human Resources,Technology,ITM007,USB-C Docking Station,12,7845.03,94140.36,Net 45,2026-05-04,2026-05-01,West,Neha Kapoor,Closed,On Time
PO202501900,2025-05-08,V015,TalentBridge Consulting,IT,Professional Services,ITM019,Training Workshop - Per Batch,1,39454.57,39454.57,Net 30,2025-05-18,2025-05-15,East,Vikram Reddy,Closed,On Time
PO202501901,2025-07-15,V001,Apex Office Solutions,Human Resources,Office Supplies,ITM001,A4 Copier Paper - 500 Sheets,6,248.78,1492.68,Net 30,2025-07-30,2025-07-30,South,Neha Kapoor,Closed,On Time
PO202601902,2026-04-17,V002,Metro Business Supplies,Sales & Marketing,Office Supplies,ITM001,A4 Copier Paper - 500 Sheets,43,227.6,9786.8,Net 30,2026-04-24,2026-04-22,South,Ishita Shah,Closed,On Time
PO202501903,2025-06-09,V006,CoreTech Solutions,IT,Technology,ITM009,Annual Software License,7,21114.47,147801.29,Net 30,2025-06-21,2025-06-20,West,Vikram Reddy,Closed,On Time
PO202601904,2026-02-22,V002,Metro Business Supplies,Operations,Office Supplies,ITM001,A4 Copier Paper - 500 Sheets,54,223.13,12049.02,Net 45,2026-02-28,2026-02-27,South,Ananya Rao,Closed,On Time
PO202501905,2025-01-08,V011,ProSafe Equipment,Operations,Safety,ITM015,Safety Helmet,36,1079.27,38853.72,Net 30,2025-01-23,2025-01-22,West,Rohit Mehta,Closed,On Time
PO202601906,2026-02-28,V005,Vertex Digital Systems,IT,Technology,ITM009,Annual Software License,4,25434.66,101738.64,Net 45,2026-03-16,2026-03-16,East,Vikram Reddy,Closed,On Time
PO202501907,2025-06-07,V001,Apex Office Solutions,Operations,Office Supplies,ITM002,Black Toner Cartridge,7,3305.14,23135.98,Net 45,2025-06-15,2025-06-12,North,Ananya Rao,Closed,On Time
PO202601908,2026-06-20,V003,Prime Workplace India,Administration,Office Supplies,ITM001,A4 Copier Paper - 500 Sheets,17,283.58,4820.86,Net 45,2026-07-07,,North,Meera Joshi,Open,Open
PO202601909,2026-01-22,V009,Urban Maintenance Co.,Operations,Facilities,ITM011,Cleaning Supplies Kit,60,1338.64,80318.4,Net 30,2026-01-31,2026-01-29,North,Rohit Mehta,Closed,On Time
PO202501910,2025-08-08,V014,Insight Advisory Services,IT,Professional Services,ITM021,Recruitment Service Fee,3,43509.46,130528.38,Net 30,2025-08-14,2025-08-12,East,Vikram Reddy,Closed,On Time
PO202501911,2025-07-12,V003,Prime Workplace India,Operations,Facilities,ITM011,Cleaning Supplies Kit,46,1458.56,67093.76,Net 30,2025-07-27,2025-07-26,East,Rohit Mehta,Closed,On Time
PO202501912,2025-04-13,V003,Prime Workplace India,Administration,Facilities,ITM010,Printer Maintenance Kit,3,5895.69,17687.07,Net 45,2025-04-18,2025-04-16,West,Meera Joshi,Closed,On Time
PO202501913,2025-09-06,V001,Apex Office Solutions,Administration,Office Supplies,ITM001,A4 Copier Paper - 500 Sheets,18,253.26,4558.68,Net 30,2025-09-17,2025-09-19,East,Meera Joshi,Closed,Late
PO202601914,2026-05-10,V001,Apex Office Solutions,Administration,Office Supplies,ITM002,Black Toner Cartridge,6,3427.96,20567.76,Net 45,2026-05-15,2026-05-12,South,Meera Joshi,Closed,On Time
PO202601915,2026-05-26,V006,CoreTech Solutions,Finance,Technology,ITM008,Network Switch - 24 Port,5,14744.35,73721.75,Net 30,2026-06-01,2026-05-31,West,Kavya Iyer,Closed,On Time
PO202501916,2025-11-01,V014,Insight Advisory Services,IT,Professional Services,ITM022,Data Reporting Support - Monthly,3,46551.69,139655.07,Net 45,2025-11-07,2025-11-05,West,Vikram Reddy,Closed,On Time
PO202501917,2025-08-23,V006,CoreTech Solutions,Finance,Technology,ITM004,Wireless Keyboard & Mouse,48,1706.49,81911.52,Net 45,2025-08-28,2025-08-31,North,Kavya Iyer,Closed,Late
PO202501918,2025-07-12,V001,Apex Office Solutions,Sales & Marketing,Office Supplies,ITM002,Black Toner Cartridge,5,3027.05,15135.25,Net 60,2025-07-19,2025-07-17,South,Arjun Nair,Closed,On Time
PO202501919,2025-05-24,V006,CoreTech Solutions,Human Resources,Technology,ITM004,Wireless Keyboard & Mouse,28,1693.44,47416.32,Net 30,2025-06-10,2025-06-10,West,Neha Kapoor,Closed,On Time
PO202601920,2026-01-12,V015,TalentBridge Consulting,IT,Professional Services,ITM020,Audit Support - Monthly,1,55998.62,55998.62,Net 30,2026-01-17,2026-01-14,North,Vikram Reddy,Closed,On Time
PO202601921,2026-05-07,V009,Urban Maintenance Co.,Administration,Facilities,ITM011,Cleaning Supplies Kit,12,1326.51,15918.12,Net 30,2026-05-12,2026-05-12,South,Meera Joshi,Closed,On Time
PO202501922,2025-09-08,V007,SecureNet Systems,Sales & Marketing,Technology,ITM008,Network Switch - 24 Port,8,17349.54,138796.32,Net 30,2025-09-22,2025-09-21,East,Arjun Nair,Closed,On Time
PO202501923,2025-01-28,V007,SecureNet Systems,Finance,Technology,ITM007,USB-C Docking Station,5,9444.68,47223.4,Net 30,2025-02-03,2025-01-31,South,Kavya Iyer,Closed,On Time
PO202501924,2025-09-17,V011,ProSafe Equipment,Operations,Safety,ITM016,First Aid Refill Kit,20,1972.79,39455.8,Net 30,2025-09-29,2025-09-27,East,Rohit Mehta,Closed,On Time
PO202601925,2026-04-14,V006,CoreTech Solutions,IT,Technology,ITM004,Wireless Keyboard & Mouse,25,1650.17,41254.25,Net 45,2026-04-29,2026-04-26,West,Vikram Reddy,Closed,On Time
PO202501926,2025-02-15,V011,ProSafe Equipment,Operations,Safety,ITM015,Safety Helmet,33,1119.85,36955.05,Net 60,2025-02-25,2025-02-22,North,Rohit Mehta,Closed,On Time
PO202501927,2025-11-06,V001,Apex Office Solutions,Administration,Office Supplies,ITM003,Ergonomic Office Chair,8,8587.08,68696.64,Net 30,2025-11-22,2025-11-22,North,Meera Joshi,Closed,On Time
PO202501928,2025-10-24,V011,ProSafe Equipment,Operations,Safety,ITM016,First Aid Refill Kit,42,1979.82,83152.44,Net 30,2025-11-09,2025-11-06,South,Ananya Rao,Closed,On Time
PO202501929,2025-04-21,V014,Insight Advisory Services,Administration,Professional Services,ITM022,Data Reporting Support - Monthly,1,49886.41,49886.41,Net 30,2025-04-30,2025-04-28,East,Meera Joshi,Closed,On Time
PO202601930,2026-06-09,V002,Metro Business Supplies,Human Resources,Office Supplies,ITM002,Black Toner Cartridge,9,2867.71,25809.39,Net 45,2026-06-19,2026-06-19,South,Neha Kapoor,Closed,On Time
PO202601931,2026-01-25,V016,StratEdge Partners,Finance,Professional Services,ITM019,Training Workshop - Per Batch,3,36642.75,109928.25,Net 30,2026-02-10,2026-02-07,West,Kavya Iyer,Closed,On Time
PO202601932,2026-05-03,V016,StratEdge Partners,IT,Professional Services,ITM022,Data Reporting Support - Monthly,1,46537.32,46537.32,Net 30,2026-05-15,2026-05-27,East,Vikram Reddy,Closed,Late
PO202601933,2026-01-21,V003,Prime Workplace India,Human Resources,Office Supplies,ITM003,Ergonomic Office Chair,2,8705.31,17410.62,Net 60,2026-02-05,2026-02-05,West,Neha Kapoor,Closed,On Time
PO202501934,2025-05-07,V013,MarketCraft Communications,Sales & Marketing,Marketing,ITM017,Digital Marketing Campaign,3,44487.06,133461.18,Net 30,2025-05-22,2025-05-20,West,Arjun Nair,Closed,On Time
PO202501935,2025-09-05,V011,ProSafe Equipment,Operations,Safety,ITM016,First Aid Refill Kit,29,1960.49,56854.21,Net 45,2025-09-10,2025-09-10,East,Rohit Mehta,Closed,On Time
PO202501936,2025-01-03,V001,Apex Office Solutions,Finance,Office Supplies,ITM001,A4 Copier Paper - 500 Sheets,30,247.06,7411.8,Net 30,2025-01-13,2025-01-11,North,Kavya Iyer,Closed,On Time
PO202501937,2025-02-19,V015,TalentBridge Consulting,Human Resources,Professional Services,ITM021,Recruitment Service Fee,1,49346.72,49346.72,Net 30,2025-02-28,2025-02-26,South,Neha Kapoor,Closed,On Time
PO202501938,2025-09-20,V015,TalentBridge Consulting,Finance,Professional Services,ITM020,Audit Support - Monthly,1,52947.25,52947.25,Net 60,2025-10-02,2025-09-30,North,Kavya Iyer,Closed,On Time
PO202501939,2025-01-31,V008,FacilityPro Services,Administration,Facilities,ITM013,Electrical Maintenance Service,3,17805.64,53416.92,Net 30,2025-02-05,2025-02-04,West,Meera Joshi,Closed,On Time
PO202601940,2026-05-08,V015,TalentBridge Consulting,Administration,Professional Services,ITM021,Recruitment Service Fee,1,49932.42,49932.42,Net 30,2026-05-22,2026-05-21,East,Meera Joshi,Closed,On Time
PO202601941,2026-06-16,V006,CoreTech Solutions,IT,Technology,ITM006,Business Laptop - Standard,6,54965.19,329791.14,Net 45,2026-07-03,2026-07-03,East,Vikram Reddy,Closed,On Time
PO202501942,2025-11-04,V002,Metro Business Supplies,Operations,Office Supplies,ITM001,A4 Copier Paper - 500 Sheets,35,229.12,8019.2,Net 45,2025-11-09,2025-11-12,West,Rohit Mehta,Closed,Late
PO202501943,2025-11-16,V002,Metro Business Supplies,Operations,Office Supplies,ITM001,A4 Copier Paper - 500 Sheets,46,233.72,10751.12,Net 60,2025-12-03,2025-12-16,North,Rohit Mehta,Closed,Late
PO202501944,2025-03-10,V002,Metro Business Supplies,Sales & Marketing,Office Supplies,ITM001,A4 Copier Paper - 500 Sheets,8,233.01,1864.08,Net 30,2025-03-28,2025-03-25,East,Ishita Shah,Closed,On Time
PO202501945,2025-12-31,V014,Insight Advisory Services,IT,Professional Services,ITM021,Recruitment Service Fee,1,46542.21,46542.21,Net 30,2026-01-18,2026-01-18,North,Vikram Reddy,Closed,On Time
PO202501946,2025-07-13,V007,SecureNet Systems,Sales & Marketing,Technology,ITM008,Network Switch - 24 Port,4,16669.19,66676.76,Net 30,2025-07-29,2025-07-26,South,Ishita Shah,Closed,On Time
PO202501947,2025-09-23,V001,Apex Office Solutions,Administration,Office Supplies,ITM001,A4 Copier Paper - 500 Sheets,22,260.66,5734.52,Net 30,2025-10-09,2025-10-07,South,Meera Joshi,Closed,On Time
PO202501948,2025-01-08,V001,Apex Office Solutions,Operations,Office Supplies,ITM003,Ergonomic Office Chair,14,7915.73,110820.22,Net 45,2025-01-20,2025-01-20,North,Ananya Rao,Closed,On Time
PO202501949,2025-05-14,V006,CoreTech Solutions,IT,Technology,ITM008,Network Switch - 24 Port,4,15161.95,60647.8,Net 45,2025-05-22,2025-05-19,North,Vikram Reddy,Closed,On Time
PO202601950,2026-05-04,V001,Apex Office Solutions,Sales & Marketing,Office Supplies,ITM001,A4 Copier Paper - 500 Sheets,45,256.47,11541.15,Net 30,2026-05-14,2026-05-14,West,Ishita Shah,Closed,On Time
PO202501951,2025-03-27,V001,Apex Office Solutions,Operations,Office Supplies,ITM002,Black Toner Cartridge,5,3289.45,16447.25,Net 60,2025-04-12,2025-04-10,North,Rohit Mehta,Closed,On Time
PO202501952,2025-09-01,V002,Metro Business Supplies,Operations,Office Supplies,ITM002,Black Toner Cartridge,9,2948.66,26537.94,Net 30,2025-09-09,2025-09-08,East,Rohit Mehta,Closed,On Time
PO202601953,2026-03-21,V001,Apex Office Solutions,Human Resources,Office Supplies,ITM002,Black Toner Cartridge,4,3204.12,12816.48,Net 45,2026-04-05,2026-04-03,East,Neha Kapoor,Closed,On Time
PO202501954,2025-06-18,V003,Prime Workplace India,Administration,Facilities,ITM013,Electrical Maintenance Service,5,20613.73,103068.65,Net 45,2025-06-26,2025-06-26,South,Meera Joshi,Closed,On Time
PO202501955,2025-05-09,V006,CoreTech Solutions,Sales & Marketing,Technology,ITM004,Wireless Keyboard & Mouse,41,1725.4,70741.4,Net 30,2025-05-18,2025-05-21,North,Ishita Shah,Closed,Late
PO202501956,2025-08-22,V001,Apex Office Solutions,Operations,Office Supplies,ITM002,Black Toner Cartridge,12,3244.9,38938.8,Net 30,2025-09-09,2025-09-07,West,Ananya Rao,Closed,On Time
PO202501957,2025-08-15,V013,MarketCraft Communications,Sales & Marketing,Marketing,ITM017,Digital Marketing Campaign,1,45468.13,45468.13,Net 30,2025-08-21,2025-08-20,South,Arjun Nair,Closed,On Time
PO202601958,2026-04-17,V003,Prime Workplace India,Operations,Facilities,ITM010,Printer Maintenance Kit,6,6046.1,36276.6,Net 60,2026-04-28,2026-04-28,South,Rohit Mehta,Closed,On Time
PO202501959,2025-08-17,V005,Vertex Digital Systems,Finance,Technology,ITM009,Annual Software License,3,25080.07,75240.21,Net 45,2025-08-24,2025-08-23,North,Kavya Iyer,Closed,On Time
PO202501960,2025-06-20,V014,Insight Advisory Services,Administration,Professional Services,ITM021,Recruitment Service Fee,2,46356.46,92712.92,Net 30,2025-06-30,2025-07-13,South,Meera Joshi,Closed,Late
PO202501961,2025-02-26,V016,StratEdge Partners,IT,Professional Services,ITM019,Training Workshop - Per Batch,1,37525.06,37525.06,Net 30,2025-03-05,2025-03-02,North,Vikram Reddy,Closed,On Time
PO202501962,2025-10-18,V015,TalentBridge Consulting,Finance,Professional Services,ITM022,Data Reporting Support - Monthly,1,52160.68,52160.68,Net 45,2025-11-03,2025-11-01,North,Kavya Iyer,Closed,On Time
PO202501963,2025-07-21,V011,ProSafe Equipment,Operations,Safety,ITM015,Safety Helmet,59,1076.05,63486.95,Net 45,2025-07-29,2025-07-28,North,Ananya Rao,Closed,On Time
PO202601964,2026-06-10,V014,Insight Advisory Services,IT,Professional Services,ITM022,Data Reporting Support - Monthly,3,49653.66,148960.98,Net 30,2026-06-16,2026-06-15,East,Vikram Reddy,Closed,On Time
PO202501965,2025-10-11,V001,Apex Office Solutions,Sales & Marketing,Office Supplies,ITM001,A4 Copier Paper - 500 Sheets,32,256.94,8222.08,Net 30,2025-10-20,2025-10-19,East,Ishita Shah,Closed,On Time
PO202501966,2025-01-23,V012,BrightReach Media,Sales & Marketing,Marketing,ITM018,Printed Marketing Materials,1,12271.94,12271.94,Net 30,2025-01-28,2025-01-28,West,Arjun Nair,Closed,On Time
PO202501967,2025-05-16,V014,Insight Advisory Services,IT,Professional Services,ITM019,Training Workshop - Per Batch,3,37699.21,113097.63,Net 45,2025-06-03,2025-06-01,South,Vikram Reddy,Closed,On Time
PO202501968,2025-06-05,V001,Apex Office Solutions,Sales & Marketing,Office Supplies,ITM003,Ergonomic Office Chair,5,7727.3,38636.5,Net 30,2025-06-11,2025-06-22,North,Arjun Nair,Closed,Late
PO202501969,2025-05-15,V013,MarketCraft Communications,Sales & Marketing,Marketing,ITM018,Printed Marketing Materials,1,13293.27,13293.27,Net 60,2025-06-02,2025-05-31,North,Arjun Nair,Closed,On Time
PO202501970,2025-11-14,V002,Metro Business Supplies,Finance,Office Supplies,ITM003,Ergonomic Office Chair,6,7270.98,43625.88,Net 30,2025-11-30,2025-11-28,South,Kavya Iyer,Closed,On Time
PO202601971,2026-03-19,V011,ProSafe Equipment,Operations,Safety,ITM016,First Aid Refill Kit,31,2091.28,64829.68,Net 30,2026-03-27,2026-04-10,East,Ananya Rao,Closed,Late
PO202501972,2025-03-18,V016,StratEdge Partners,Administration,Professional Services,ITM021,Recruitment Service Fee,1,44717.27,44717.27,Net 30,2025-03-28,2025-03-28,South,Meera Joshi,Closed,On Time
PO202501973,2025-02-12,V011,ProSafe Equipment,Operations,Safety,ITM016,First Aid Refill Kit,27,2005.15,54139.05,Net 30,2025-02-27,2025-02-24,South,Rohit Mehta,Closed,On Time
PO202601974,2026-03-09,V002,Metro Business Supplies,Administration,Office Supplies,ITM003,Ergonomic Office Chair,1,7407.93,7407.93,Net 45,2026-03-15,2026-03-12,South,Meera Joshi,Closed,On Time
PO202501975,2025-06-02,V001,Apex Office Solutions,Sales & Marketing,Office Supplies,ITM003,Ergonomic Office Chair,1,7904.92,7904.92,Net 45,2025-06-11,2025-06-08,East,Arjun Nair,Closed,On Time
PO202601976,2026-06-20,V003,Prime Workplace India,Administration,Facilities,ITM012,LED Panel Light,27,1824.74,49267.98,Net 45,2026-07-01,2026-07-01,East,Meera Joshi,Closed,On Time
PO202501977,2025-06-14,V001,Apex Office Solutions,Operations,Office Supplies,ITM001,A4 Copier Paper - 500 Sheets,36,238.64,8591.04,Net 45,2025-06-21,2025-06-21,North,Rohit Mehta,Closed,On Time
PO202501978,2025-06-08,V014,Insight Advisory Services,Human Resources,Professional Services,ITM022,Data Reporting Support - Monthly,1,48093.6,48093.6,Net 60,2025-06-24,2025-06-24,West,Neha Kapoor,Closed,On Time
PO202601979,2026-02-14,V014,Insight Advisory Services,Administration,Professional Services,ITM021,Recruitment Service Fee,1,44233.98,44233.98,Net 30,2026-02-28,2026-02-25,South,Meera Joshi,Closed,On Time
PO202601980,2026-02-01,V006,CoreTech Solutions,Sales & Marketing,Technology,ITM007,USB-C Docking Station,8,8302.2,66417.6,Net 30,2026-02-11,2026-02-21,East,Arjun Nair,Closed,Late
PO202501981,2025-03-28,V002,Metro Business Supplies,Finance,Office Supplies,ITM002,Black Toner Cartridge,14,3022.09,42309.26,Net 30,2025-04-08,2025-04-14,South,Kavya Iyer,Closed,Late
PO202601982,2026-03-26,V001,Apex Office Solutions,Administration,Office Supplies,ITM003,Ergonomic Office Chair,14,8197.34,114762.76,Net 30,2026-04-05,2026-04-04,East,Meera Joshi,Closed,On Time
PO202501983,2025-04-12,V015,TalentBridge Consulting,IT,Professional Services,ITM019,Training Workshop - Per Batch,2,39252.05,78504.1,Net 45,2025-04-18,2025-04-15,South,Vikram Reddy,Closed,On Time
PO202501984,2025-05-28,V008,FacilityPro Services,Operations,Facilities,ITM012,LED Panel Light,8,1587.53,12700.24,Net 30,2025-06-07,2025-06-07,South,Ananya Rao,Closed,On Time
PO202601985,2026-05-23,V006,CoreTech Solutions,Human Resources,Technology,ITM008,Network Switch - 24 Port,2,15102.82,30205.64,Net 45,2026-06-03,2026-06-08,North,Neha Kapoor,Closed,Late
PO202601986,2026-06-23,V006,CoreTech Solutions,IT,Technology,ITM004,Wireless Keyboard & Mouse,25,1660.26,41506.5,Net 30,2026-06-30,2026-06-29,North,Vikram Reddy,Closed,On Time
PO202601987,2026-02-27,V015,TalentBridge Consulting,Finance,Professional Services,ITM020,Audit Support - Monthly,1,55378.39,55378.39,Net 30,2026-03-09,2026-03-06,North,Kavya Iyer,Closed,On Time
PO202601988,2026-02-18,V001,Apex Office Solutions,Operations,Office Supplies,ITM001,A4 Copier Paper - 500 Sheets,23,254.97,5864.31,Net 30,2026-02-23,2026-02-20,South,Ananya Rao,Closed,On Time
PO202601989,2026-01-04,V004,Nexa Technologies,Human Resources,Technology,ITM009,Annual Software License,3,21688.72,65066.16,Net 30,2026-01-21,2026-01-21,East,Neha Kapoor,Closed,On Time
PO202601990,2026-03-18,V012,BrightReach Media,Sales & Marketing,Marketing,ITM017,Digital Marketing Campaign,3,40800.4,122401.2,Net 30,2026-03-31,2026-03-29,South,Ishita Shah,Closed,On Time
PO202501991,2025-07-18,V015,TalentBridge Consulting,Finance,Professional Services,ITM022,Data Reporting Support - Monthly,1,52641.54,52641.54,Net 30,2025-07-27,2025-07-27,North,Kavya Iyer,Closed,On Time
PO202501992,2025-09-15,V004,Nexa Technologies,IT,Technology,ITM009,Annual Software License,4,22891.15,91564.6,Net 30,2025-09-27,2025-09-25,South,Vikram Reddy,Closed,On Time
PO202601993,2026-06-30,V011,ProSafe Equipment,Operations,Safety,ITM015,Safety Helmet,21,1128.66,23701.86,Net 45,2026-07-17,,South,Rohit Mehta,Open,Open
PO202501994,2025-03-29,V002,Metro Business Supplies,Human Resources,Office Supplies,ITM003,Ergonomic Office Chair,14,7449.8,104297.2,Net 45,2025-04-04,2025-04-03,East,Neha Kapoor,Closed,On Time
PO202501995,2025-11-08,V006,CoreTech Solutions,Human Resources,Technology,ITM009,Annual Software License,1,20189.41,20189.41,Net 30,2025-11-16,2025-11-14,South,Neha Kapoor,Closed,On Time
PO202501996,2025-04-17,V009,Urban Maintenance Co.,Administration,Facilities,ITM010,Printer Maintenance Kit,6,5084.63,30507.78,Net 45,2025-05-02,2025-05-17,South,Meera Joshi,Closed,Late
PO202501997,2025-11-16,V006,CoreTech Solutions,Sales & Marketing,Technology,ITM004,Wireless Keyboard & Mouse,8,1657.81,13262.48,Net 30,2025-12-03,2025-11-30,North,Ishita Shah,Closed,On Time
PO202601998,2026-06-24,V003,Prime Workplace India,Operations,Office Supplies,ITM002,Black Toner Cartridge,15,3342.97,50144.55,Net 45,2026-07-05,,East,Rohit Mehta,Open,Open
PO202601999,2026-04-29,V014,Insight Advisory Services,IT,Professional Services,ITM021,Recruitment Service Fee,2,44069.92,88139.84,Net 30,2026-05-08,2026-05-05,West,Vikram Reddy,Closed,On Time
PO202502000,2025-10-23,V014,Insight Advisory Services,IT,Professional Services,ITM021,Recruitment Service Fee,1,46575.5,46575.5,Net 30,2025-10-31,2025-10-28,South,Vikram Reddy,Closed,On Time
PO202502001,2025-12-23,V002,Metro Business Supplies,Administration,Office Supplies,ITM001,A4 Copier Paper - 500 Sheets,6,232.65,1395.9,Net 30,2026-01-05,2026-01-03,South,Meera Joshi,Closed,On Time
PO202502002,2025-11-26,V003,Prime Workplace India,Operations,Facilities,ITM010,Printer Maintenance Kit,9,5776.11,51984.99,Net 60,2025-12-07,2025-12-05,East,Rohit Mehta,Closed,On Time
PO202602003,2026-06-05,V001,Apex Office Solutions,Operations,Office Supplies,ITM003,Ergonomic Office Chair,1,8055.3,8055.3,Net 45,2026-06-10,2026-06-07,South,Ananya Rao,Closed,On Time
PO202602004,2026-04-01,V002,Metro Business Supplies,Administration,Office Supplies,ITM003,Ergonomic Office Chair,5,7778.98,38894.9,Net 45,2026-04-15,2026-04-20,South,Meera Joshi,Closed,Late
PO202602005,2026-06-25,V001,Apex Office Solutions,Administration,Office Supplies,ITM002,Black Toner Cartridge,7,3416.84,23917.88,Net 30,2026-07-13,,South,Meera Joshi,Open,Open
PO202502006,2025-10-21,V009,Urban Maintenance Co.,Administration,Facilities,ITM012,LED Panel Light,22,1580.92,34780.24,Net 45,2025-10-29,2025-10-27,East,Meera Joshi,Closed,On Time
PO202502007,2025-08-23,V011,ProSafe Equipment,Operations,Safety,ITM014,Safety Gloves - Box,28,701.39,19638.92,Net 30,2025-08-31,2025-08-31,West,Rohit Mehta,Closed,On Time
PO202602008,2026-04-13,V003,Prime Workplace India,Administration,Office Supplies,ITM003,Ergonomic Office Chair,12,9100.67,109208.04,Net 45,2026-04-20,2026-04-17,West,Meera Joshi,Closed,On Time
PO202602009,2026-02-02,V016,StratEdge Partners,IT,Professional Services,ITM019,Training Workshop - Per Batch,1,38566.85,38566.85,Net 60,2026-02-16,2026-02-16,East,Vikram Reddy,Closed,On Time
PO202602010,2026-03-17,V006,CoreTech Solutions,Human Resources,Technology,ITM004,Wireless Keyboard & Mouse,25,1650.86,41271.5,Net 60,2026-03-29,2026-03-29,South,Neha Kapoor,Closed,On Time
PO202502011,2025-05-20,V006,CoreTech Solutions,Human Resources,Technology,ITM008,Network Switch - 24 Port,6,15962.23,95773.38,Net 30,2025-06-06,2025-06-04,East,Neha Kapoor,Closed,On Time
PO202502012,2025-12-02,V002,Metro Business Supplies,Operations,Office Supplies,ITM003,Ergonomic Office Chair,3,7127.41,21382.23,Net 45,2025-12-14,2025-12-14,East,Rohit Mehta,Closed,On Time
PO202502013,2025-06-04,V010,SafeGuard Industrial,Operations,Safety,ITM014,Safety Gloves - Box,16,738.76,11820.16,Net 30,2025-06-15,2025-06-15,South,Ananya Rao,Closed,On Time
PO202502014,2025-02-26,V001,Apex Office Solutions,Finance,Office Supplies,ITM002,Black Toner Cartridge,4,3189.97,12759.88,Net 60,2025-03-11,2025-03-09,South,Kavya Iyer,Closed,On Time
PO202502015,2025-01-02,V006,CoreTech Solutions,IT,Technology,ITM009,Annual Software License,5,20634.23,103171.15,Net 45,2025-01-17,2025-01-17,East,Vikram Reddy,Closed,On Time
PO202502016,2025-05-11,V001,Apex Office Solutions,Administration,Office Supplies,ITM001,A4 Copier Paper - 500 Sheets,12,255.45,3065.4,Net 60,2025-05-23,2025-05-20,West,Meera Joshi,Closed,On Time
PO202602017,2026-03-06,V002,Metro Business Supplies,Operations,Office Supplies,ITM003,Ergonomic Office Chair,1,7537.56,7537.56,Net 30,2026-03-17,2026-03-20,East,Rohit Mehta,Closed,Late
PO202502018,2025-05-05,V011,ProSafe Equipment,Operations,Safety,ITM016,First Aid Refill Kit,6,1955.3,11731.8,Net 45,2025-05-12,2025-05-10,East,Ananya Rao,Closed,On Time
PO202602019,2026-03-10,V006,CoreTech Solutions,Finance,Technology,ITM008,Network Switch - 24 Port,8,15245.87,121966.96,Net 30,2026-03-21,2026-03-20,South,Kavya Iyer,Closed,On Time
PO202502020,2025-04-15,V002,Metro Business Supplies,Administration,Office Supplies,ITM002,Black Toner Cartridge,10,3150.14,31501.4,Net 60,2025-04-29,2025-04-28,North,Meera Joshi,Closed,On Time
PO202602021,2026-03-01,V005,Vertex Digital Systems,Finance,Technology,ITM008,Network Switch - 24 Port,7,18988.22,132917.54,Net 30,2026-03-18,2026-03-15,South,Kavya Iyer,Closed,On Time
PO202502022,2025-11-13,V001,Apex Office Solutions,Operations,Office Supplies,ITM002,Black Toner Cartridge,9,3195.52,28759.68,Net 30,2025-11-18,2025-11-15,North,Rohit Mehta,Closed,On Time
PO202502023,2025-12-23,V007,SecureNet Systems,IT,Technology,ITM009,Annual Software License,3,23474.96,70424.88,Net 60,2026-01-09,2026-01-06,South,Vikram Reddy,Closed,On Time
PO202502024,2025-12-31,V006,CoreTech Solutions,IT,Technology,ITM009,Annual Software License,4,21414.96,85659.84,Net 30,2026-01-12,2026-01-20,East,Vikram Reddy,Closed,Late
PO202502025,2025-01-24,V010,SafeGuard Industrial,Operations,Safety,ITM015,Safety Helmet,16,1198.28,19172.48,Net 30,2025-02-07,2025-02-04,West,Rohit Mehta,Closed,On Time
PO202502026,2025-07-20,V016,StratEdge Partners,Finance,Professional Services,ITM021,Recruitment Service Fee,1,42168.97,42168.97,Net 45,2025-07-29,2025-07-27,South,Kavya Iyer,Closed,On Time
PO202602027,2026-04-12,V016,StratEdge Partners,IT,Professional Services,ITM020,Audit Support - Monthly,2,50206.21,100412.42,Net 30,2026-04-30,2026-04-30,North,Vikram Reddy,Closed,On Time
PO202502028,2025-07-30,V006,CoreTech Solutions,IT,Technology,ITM006,Business Laptop - Standard,3,52299.77,156899.31,Net 60,2025-08-13,2025-08-11,West,Vikram Reddy,Closed,On Time
PO202602029,2026-06-19,V010,SafeGuard Industrial,Operations,Safety,ITM015,Safety Helmet,27,1159.65,31310.55,Net 30,2026-07-06,,West,Ananya Rao,Open,Open
PO202502030,2025-03-07,V015,TalentBridge Consulting,IT,Professional Services,ITM020,Audit Support - Monthly,1,54172.19,54172.19,Net 30,2025-03-18,2025-03-17,East,Vikram Reddy,Closed,On Time
PO202602031,2026-02-10,V010,SafeGuard Industrial,Operations,Safety,ITM016,First Aid Refill Kit,48,2099.54,100777.92,Net 60,2026-02-26,2026-03-05,South,Ananya Rao,Closed,Late
PO202502032,2025-11-07,V006,CoreTech Solutions,IT,Technology,ITM005,24-inch Business Monitor,1,9942.93,9942.93,Net 60,2025-11-12,2025-11-14,West,Vikram Reddy,Closed,Late
PO202502033,2025-09-04,V010,SafeGuard Industrial,Operations,Safety,ITM016,First Aid Refill Kit,17,2170.81,36903.77,Net 60,2025-09-19,2025-09-18,North,Ananya Rao,Closed,On Time
PO202602034,2026-04-13,V002,Metro Business Supplies,Operations,Office Supplies,ITM002,Black Toner Cartridge,9,2849.64,25646.76,Net 60,2026-04-18,2026-04-18,East,Ananya Rao,Closed,On Time
PO202502035,2025-05-07,V009,Urban Maintenance Co.,Administration,Facilities,ITM013,Electrical Maintenance Service,5,17802.84,89014.2,Net 30,2025-05-12,2025-05-12,North,Meera Joshi,Closed,On Time
PO202602036,2026-02-03,V004,Nexa Technologies,Human Resources,Technology,ITM007,USB-C Docking Station,5,8911.44,44557.2,Net 45,2026-02-12,2026-02-10,South,Neha Kapoor,Closed,On Time
PO202502037,2025-04-08,V006,CoreTech Solutions,Finance,Technology,ITM007,USB-C Docking Station,1,7898.92,7898.92,Net 30,2025-04-22,2025-04-25,South,Kavya Iyer,Closed,Late
PO202602038,2026-02-22,V009,Urban Maintenance Co.,Administration,Facilities,ITM010,Printer Maintenance Kit,2,5337.21,10674.42,Net 30,2026-03-04,2026-03-02,West,Meera Joshi,Closed,On Time
PO202502039,2025-02-19,V006,CoreTech Solutions,IT,Technology,ITM007,USB-C Docking Station,4,8238.6,32954.4,Net 60,2025-03-01,2025-03-01,North,Vikram Reddy,Closed,On Time
PO202602040,2026-02-19,V006,CoreTech Solutions,Finance,Technology,ITM005,24-inch Business Monitor,2,9827.18,19654.36,Net 45,2026-02-25,2026-03-04,North,Kavya Iyer,Closed,Late
PO202502041,2025-07-05,V004,Nexa Technologies,IT,Technology,ITM007,USB-C Docking Station,8,8437.85,67502.8,Net 60,2025-07-14,2025-07-14,South,Vikram Reddy,Closed,On Time
PO202602042,2026-06-04,V016,StratEdge Partners,IT,Professional Services,ITM019,Training Workshop - Per Batch,1,36817.94,36817.94,Net 45,2026-06-22,2026-06-21,West,Vikram Reddy,Closed,On Time
PO202502043,2025-10-30,V001,Apex Office Solutions,Human Resources,Office Supplies,ITM001,A4 Copier Paper - 500 Sheets,41,252.7,10360.7,Net 30,2025-11-10,2025-11-07,South,Neha Kapoor,Closed,On Time
PO202502044,2025-08-17,V014,Insight Advisory Services,Finance,Professional Services,ITM022,Data Reporting Support - Monthly,1,46696.88,46696.88,Net 30,2025-08-27,2025-08-27,East,Kavya Iyer,Closed,On Time
PO202502045,2025-06-21,V006,CoreTech Solutions,IT,Technology,ITM007,USB-C Docking Station,7,8208.82,57461.74,Net 30,2025-06-26,2025-07-06,East,Vikram Reddy,Closed,Late
PO202502046,2025-03-14,V002,Metro Business Supplies,Sales & Marketing,Office Supplies,ITM003,Ergonomic Office Chair,1,7434.89,7434.89,Net 30,2025-03-29,2025-03-26,South,Arjun Nair,Closed,On Time
PO202602047,2026-05-06,V014, Insight Advisory Services ,Administration,Professional Services,ITM020,Audit Support - Monthly,1,52884.32,52884.32,Net 60,2026-05-22,2026-05-22,West,Meera Joshi,Closed,On Time
PO202502048,2025-05-30,V015,TalentBridge Consulting,IT,Professional Services,ITM019,Training Workshop - Per Batch,1,41449.29,41449.29,Net 30,2025-06-13,2025-06-12,South,Vikram Reddy,Closed,On Time
PO202602049,2026-04-27,V003,Prime Workplace India,Sales & Marketing,Office Supplies,ITM003,Ergonomic Office Chair,12,8650.37,103804.44,Net 30,2026-05-12,2026-05-10,North,Ishita Shah,Closed,On Time
PO202502050,2025-10-11,V008,FacilityPro Services,Administration,Facilities,ITM013,Electrical Maintenance Service,7,19139.18,133974.26,Net 30,2025-10-18,2025-10-16,West,Meera Joshi,Closed,On Time
PO202502051,2025-09-23,V003,Prime Workplace India,Sales & Marketing,Office Supplies,ITM001,A4 Copier Paper - 500 Sheets,45,263.83,11872.35,Net 30,2025-10-08,2025-10-08,East,Ishita Shah,Closed,On Time
PO202602052,2026-04-07,V010,SafeGuard Industrial,Operations,Safety,ITM015,Safety Helmet,56,1184.66,66340.96,Net 30,2026-04-20,2026-04-17,West,Rohit Mehta,Closed,On Time
PO202502053,2025-02-09,V003,Prime Workplace India,Administration,Office Supplies,ITM001,A4 Copier Paper - 500 Sheets,11,283.07,3113.77,Net 30,2025-02-26,2025-02-23,East,Meera Joshi,Closed,On Time
PO202502054,2025-07-17,V010,SafeGuard Industrial,Operations,Safety,ITM014,Safety Gloves - Box,29,733.1,21259.9,Net 30,2025-07-31,2025-07-30,North,Rohit Mehta,Closed,On Time
PO202502055,2025-01-14,V011,ProSafe Equipment,Operations,Safety,ITM016,First Aid Refill Kit,40,1938.52,77540.8,Net 45,2025-01-24,2025-01-24,West,Ananya Rao,Closed,On Time
PO202602056,2026-02-07,V002,Metro Business Supplies,Operations,Office Supplies,ITM002,Black Toner Cartridge,13,2999.76,38996.88,Net 30,2026-02-13,2026-02-10,South,Ananya Rao,Closed,On Time
PO202502057,2025-09-09,V006,CoreTech Solutions,Sales & Marketing,Technology,ITM007,USB-C Docking Station,1,8015.39,8015.39,Net 30,2025-09-23,2025-09-21,North,Ishita Shah,Closed,On Time
PO202502058,2025-06-02,V014,Insight Advisory Services,Human Resources,Professional Services,ITM021,Recruitment Service Fee,1,44893.29,44893.29,Net 45,2025-06-11,2025-06-09,East,Neha Kapoor,Closed,On Time
PO202502059,2025-04-21,V004,Nexa Technologies,Finance,Technology,ITM008,Network Switch - 24 Port,8,16746.16,133969.28,Net 45,2025-05-06,2025-05-06,North,Kavya Iyer,Closed,On Time
PO202602060,2026-03-25,V003,Prime Workplace India,Operations,Office Supplies,ITM001,A4 Copier Paper - 500 Sheets,39,273.05,10648.95,Net 30,2026-04-09,2026-04-09,North,Rohit Mehta,Closed,On Time
PO202602061,2026-03-06,V007,SecureNet Systems,Finance,Technology,ITM004,Wireless Keyboard & Mouse,25,1874.52,46863.0,Net 30,2026-03-23,2026-03-21,East,Kavya Iyer,Closed,On Time
PO202502062,2025-12-07,V006,CoreTech Solutions,Sales & Marketing,Technology,ITM008,Network Switch - 24 Port,4,15601.32,62405.28,Net 30,2025-12-15,2025-12-12,West,Arjun Nair,Closed,On Time
PO202602063,2026-02-25,V003,Prime Workplace India,Sales & Marketing,Office Supplies,ITM003,Ergonomic Office Chair,7,8312.85,58189.95,Net 60,2026-03-13,2026-03-12,East,Arjun Nair,Closed,On Time
PO202502064,2025-07-08,V006,CoreTech Solutions,Sales & Marketing,Technology,ITM006,Business Laptop - Standard,8,53024.03,424192.24,Net 45,2025-07-25,2025-07-22,East,Arjun Nair,Closed,On Time
PO202502065,2025-04-21,V010,SafeGuard Industrial,Operations,Safety,ITM014,Safety Gloves - Box,34,738.14,25096.76,Net 60,2025-05-02,2025-05-01,East,Ananya Rao,Closed,On Time
PO202502066,2025-03-17,V003,Prime Workplace India,Operations,Office Supplies,ITM003,Ergonomic Office Chair,11,8453.96,92993.56,Net 45,2025-04-04,2025-04-03,East,Ananya Rao,Closed,On Time
PO202502067,2025-04-26,V001,Apex Office Solutions,Finance,Office Supplies,ITM002,Black Toner Cartridge,7,3073.14,21511.98,Net 60,2025-05-01,2025-04-30,West,Kavya Iyer,Closed,On Time
PO202502068,2025-07-06,V008,FacilityPro Services,Operations,Facilities,ITM012,LED Panel Light,33,1664.41,54925.53,Net 30,2025-07-23,2025-07-22,West,Ananya Rao,Closed,On Time
PO202502069,2025-06-21,V012,BrightReach Media,Sales & Marketing,Marketing,ITM018,Printed Marketing Materials,1,12791.65,12791.65,Net 45,2025-07-04,2025-07-03,North,Ishita Shah,Closed,On Time
PO202602070,2026-02-23,V002,Metro Business Supplies,Sales & Marketing,Office Supplies,ITM001,A4 Copier Paper - 500 Sheets,21,236.91,4975.11,Net 30,2026-03-07,2026-03-19,North,Arjun Nair,Closed,Late
PO202602071,2026-01-06,V014,Insight Advisory Services,Human Resources,Professional Services,ITM021,Recruitment Service Fee,3,45417.19,136251.57,Net 45,2026-01-15,2026-01-17,North,Neha Kapoor,Closed,Late
PO202502072,2025-11-22,V001,Apex Office Solutions,Human Resources,Office Supplies,ITM002,Black Toner Cartridge,9,3280.53,29524.77,Net 30,2025-12-05,2025-12-04,West,Neha Kapoor,Closed,On Time
PO202602073,2026-06-19,V003,Prime Workplace India,Sales & Marketing,Office Supplies,ITM001,A4 Copier Paper - 500 Sheets,9,267.87,2410.83,Net 30,2026-07-05,,South,Ishita Shah,Open,Open
PO202502074,2025-03-18,V001,Apex Office Solutions,Administration,Office Supplies,ITM002,Black Toner Cartridge,9,3420.98,30788.82,Net 30,2025-03-31,2025-04-05,East,Meera Joshi,Closed,Late
PO202602075,2026-01-12,V010,SafeGuard Industrial,Operations,Safety,ITM016,First Aid Refill Kit,16,2059.68,32954.88,Net 30,2026-01-29,2026-01-27,North,Ananya Rao,Closed,On Time
PO202502076,2025-10-04,V002,Metro Business Supplies,Human Resources,Office Supplies,ITM001,A4 Copier Paper - 500 Sheets,44,220.49,9701.56,Net 30,2025-10-17,2025-10-17,South,Neha Kapoor,Closed,On Time
PO202602077,2026-04-28,V001,Apex Office Solutions,Sales & Marketing,Office Supplies,ITM003,Ergonomic Office Chair,2,8100.3,16200.6,Net 30,2026-05-08,2026-05-05,South,Arjun Nair,Closed,On Time
PO202502078,2025-03-01,V010,SafeGuard Industrial,Operations,Safety,ITM016,First Aid Refill Kit,29,2120.65,61498.85,Net 30,2025-03-13,2025-03-11,South,Rohit Mehta,Closed,On Time
PO202502079,2025-03-10,V014,Insight Advisory Services,Administration,Professional Services,ITM019,Training Workshop - Per Batch,1,38083.92,38083.92,Net 30,2025-03-22,2025-03-20,West,Meera Joshi,Closed,On Time
PO202602080,2026-01-17,V014,Insight Advisory Services,Finance,Professional Services,ITM022,Data Reporting Support - Monthly,1,49374.44,49374.44,Net 30,2026-02-02,2026-02-01,South,Kavya Iyer,Closed,On Time
PO202602081,2026-04-27,V001,Apex Office Solutions,Sales & Marketing,Office Supplies,ITM002,Black Toner Cartridge,12,3154.61,37855.32,Net 45,2026-05-12,2026-05-10,East,Ishita Shah,Closed,On Time
PO202502082,2025-06-21,V006,CoreTech Solutions,Human Resources,Technology,ITM009,Annual Software License,3,21023.31,63069.93,Net 30,2025-06-26,2025-06-23,North,Neha Kapoor,Closed,On Time
PO202602083,2026-03-28,V014,Insight Advisory Services,Administration,Professional Services,ITM021,Recruitment Service Fee,1,46837.19,46837.19,Net 60,2026-04-05,2026-04-04,East,Meera Joshi,Closed,On Time
PO202602084,2026-04-04,V011,ProSafe Equipment,Operations,Safety,ITM015,Safety Helmet,38,1049.27,39872.26,Net 45,2026-04-14,2026-04-14,East,Rohit Mehta,Closed,On Time
PO202602085,2026-06-18,V005,Vertex Digital Systems,IT,Technology,ITM006,Business Laptop - Standard,1,64134.32,64134.32,Net 30,2026-06-26,2026-06-24,South,Vikram Reddy,Closed,On Time
PO202602086,2026-03-31,V006,CoreTech Solutions,Finance,Technology,ITM008,Network Switch - 24 Port,3,15277.39,45832.17,Net 30,2026-04-09,2026-04-08,East,Kavya Iyer,Closed,On Time
PO202602087,2026-06-15,V005,Vertex Digital Systems,IT,Technology,ITM008,Network Switch - 24 Port,6,18524.45,111146.7,Net 30,2026-06-29,,East,Vikram Reddy,Open,Open
PO202602088,2026-06-29,V006,CoreTech Solutions,IT,Technology,ITM005,24-inch Business Monitor,3,10168.29,30504.87,Net 30,2026-07-09,2026-07-06,North,Vikram Reddy,Closed,On Time
PO202502089,2025-10-31,V011,ProSafe Equipment,Operations,Safety,ITM016,First Aid Refill Kit,55,2081.68,114492.4,Net 60,2025-11-13,2025-11-12,North,Rohit Mehta,Closed,On Time
PO202502090,2025-09-19,V006,CoreTech Solutions,Sales & Marketing,Technology,ITM006,Business Laptop - Standard,4,52517.49,210069.96,Net 45,2025-10-01,2025-09-28,North,Ishita Shah,Closed,On Time
PO202502091,2025-07-04,V014,Insight Advisory Services,Human Resources,Professional Services,ITM020,Audit Support - Monthly,1,52425.37,52425.37,Net 30,2025-07-14,2025-07-13,East,Neha Kapoor,Closed,On Time
PO202602092,2026-06-22,V005,Vertex Digital Systems,Sales & Marketing,Technology,ITM006,Business Laptop - Standard,8,62119.74,496957.92,Net 30,2026-07-09,,West,Arjun Nair,Open,Open
PO202602093,2026-03-22,V007,SecureNet Systems,Human Resources,Technology,ITM004,Wireless Keyboard & Mouse,21,1910.26,40115.46,Net 30,2026-04-02,2026-04-02,North,Neha Kapoor,Closed,On Time
PO202502094,2025-10-29,V005,Vertex Digital Systems,Finance,Technology,ITM009,Annual Software License,2,23587.88,47175.76,Net 30,2025-11-08,2025-11-05,West,Kavya Iyer,Closed,On Time
PO202602095,2026-04-22,V006,CoreTech Solutions,Human Resources,Technology,ITM006,Business Laptop - Standard,4,55256.6,221026.4,Net 45,2026-04-28,2026-04-27,East,Neha Kapoor,Closed,On Time
PO202502096,2025-09-05,V009,Urban Maintenance Co.,Operations,Facilities,ITM011,Cleaning Supplies Kit,50,1350.72,67536.0,Net 30,2025-09-22,2025-09-22,West,Rohit Mehta,Closed,On Time
PO202502097,2025-11-02,V009,Urban Maintenance Co.,Administration,Facilities,ITM011,Cleaning Supplies Kit,11,1337.45,14711.95,Net 30,2025-11-09,2025-11-08,South,Meera Joshi,Closed,On Time
PO202502098,2025-07-10,V012,BrightReach Media,Sales & Marketing,Marketing,ITM018,Printed Marketing Materials,1,12358.82,12358.82,Net 30,2025-07-20,2025-07-18,East,Arjun Nair,Closed,On Time
PO202502099,2025-12-29,V015,TalentBridge Consulting,IT,Professional Services,ITM019,Training Workshop - Per Batch,3,38772.92,116318.76,Net 30,2026-01-13,2026-01-11,West,Vikram Reddy,Closed,On Time
PO202602100,2026-03-20,V008,FacilityPro Services,Administration,Facilities,ITM012,LED Panel Light,43,1720.97,74001.71,Net 30,2026-04-02,2026-04-01,West,Meera Joshi,Closed,On Time
PO202502101,2025-12-03,V006,CoreTech Solutions,Finance,Technology,ITM005,24-inch Business Monitor,8,9938.02,79504.16,Net 30,2025-12-09,2025-12-08,West,Kavya Iyer,Closed,On Time
PO202602102,2026-01-26,V003,Prime Workplace India,Administration,Office Supplies,ITM002,Black Toner Cartridge,9,3670.65,33035.85,Net 30,2026-02-06,2026-02-04,West,Meera Joshi,Closed,On Time
PO202502103,2025-09-07,V006,CoreTech Solutions,Sales & Marketing,Technology,ITM007,USB-C Docking Station,8,8380.88,67047.04,Net 30,2025-09-13,2025-09-13,West,Arjun Nair,Closed,On Time
PO202502104,2025-09-30,V005,Vertex Digital Systems,Finance,Technology,ITM009,Annual Software License,7,23858.82,167011.74,Net 60,2025-10-07,2025-10-06,East,Kavya Iyer,Closed,On Time
PO202502105,2025-02-07,V015,TalentBridge Consulting,Finance,Professional Services,ITM021,Recruitment Service Fee,1,47808.92,47808.92,Net 45,2025-02-14,2025-02-13,West,Kavya Iyer,Closed,On Time
PO202502106,2025-01-24,V009,Urban Maintenance Co.,Operations,Facilities,ITM010,Printer Maintenance Kit,6,5429.65,32577.9,Net 30,2025-02-03,2025-01-31,West,Rohit Mehta,Closed,On Time
PO202502107,2025-10-28,V007,SecureNet Systems,Human Resources,Technology,ITM008,Network Switch - 24 Port,7,16557.21,115900.47,Net 30,2025-11-12,2025-11-10,East,Neha Kapoor,Closed,On Time
PO202602108,2026-06-25,V015,TalentBridge Consulting,IT,Professional Services,ITM022,Data Reporting Support - Monthly,1,50204.91,50204.91,Net 30,2026-07-08,2026-07-06,West,Vikram Reddy,Closed,On Time
PO202502109,2025-06-16,V006,CoreTech Solutions,Sales & Marketing,Technology,ITM008,Network Switch - 24 Port,1,15625.14,15625.14,Net 60,2025-06-21,2025-06-18,West,Ishita Shah,Closed,On Time
PO202502110,2025-11-17,V006,CoreTech Solutions,Sales & Marketing,Technology,ITM005,24-inch Business Monitor,7,9813.47,68694.29,Net 30,2025-11-22,2025-11-20,South,Arjun Nair,Closed,On Time
PO202502111,2025-02-18,V015,TalentBridge Consulting,Administration,Professional Services,ITM019,Training Workshop - Per Batch,3,39543.65,118630.95,Net 30,2025-03-02,2025-02-27,West,Meera Joshi,Closed,On Time
PO202502112,2025-12-31,V006, CoreTech Solutions ,Sales & Marketing,Technology,ITM008,Network Switch - 24 Port,1,14780.63,14780.63,Net 30,2026-01-06,2026-01-05,North,Arjun Nair,Closed,On Time
PO202502113,2025-11-30,V010,SafeGuard Industrial,Operations,Safety,ITM016,First Aid Refill Kit,54,2067.79,111660.66,Net 60,2025-12-12,2025-12-10,North,Rohit Mehta,Closed,On Time
PO202602114,2026-01-12,V014,Insight Advisory Services,Administration,Professional Services,ITM021,Recruitment Service Fee,3,45203.28,135609.84,Net 60,2026-01-22,2026-01-20,South,Meera Joshi,Closed,On Time
PO202602115,2026-02-01,V004,Nexa Technologies,IT,Technology,ITM007,USB-C Docking Station,15,8776.56,131648.4,Net 45,2026-02-19,2026-02-19,North,Vikram Reddy,Closed,On Time
PO202502116,2025-11-17,V009,Urban Maintenance Co.,Administration,Facilities,ITM011,Cleaning Supplies Kit,34,1251.36,42546.24,Net 45,2025-12-02,2025-12-01,South,Meera Joshi,Closed,On Time
PO202502117,2025-11-17,V010,SafeGuard Industrial,Operations,Safety,ITM016,First Aid Refill Kit,28,2093.31,58612.68,Net 30,2025-11-29,2025-11-27,South,Ananya Rao,Closed,On Time
PO202502118,2025-05-19,V006,CoreTech Solutions,Human Resources,Technology,ITM006,Business Laptop - Standard,3,51228.83,153686.49,Net 45,2025-05-28,2025-05-27,North,Neha Kapoor,Closed,On Time
PO202502119,2025-10-20,V005,Vertex Digital Systems,IT,Technology,ITM007,USB-C Docking Station,13,9784.62,127200.06,Net 30,2025-11-06,2025-11-12,South,Vikram Reddy,Closed,Late
PO202502120,2025-06-18,V001,Apex Office Solutions,Sales & Marketing,Office Supplies,ITM003,Ergonomic Office Chair,15,7506.89,112603.35,Net 30,2025-07-06,2025-07-04,West,Arjun Nair,Closed,On Time
PO202502121,2025-11-29,V010,SafeGuard Industrial,Operations,Safety,ITM016,First Aid Refill Kit,12,2220.66,26647.92,Net 30,2025-12-07,2025-12-06,North,Rohit Mehta,Closed,On Time
PO202502122,2025-03-12,V001,Apex Office Solutions,Sales & Marketing,Office Supplies,ITM003,Ergonomic Office Chair,8,7611.48,60891.84,Net 30,2025-03-23,2025-03-23,West,Ishita Shah,Closed,On Time
PO202502123,2025-05-12,V002,Metro Business Supplies,Operations,Office Supplies,ITM001,A4 Copier Paper - 500 Sheets,50,236.84,11842.0,Net 30,2025-05-20,2025-05-19,North,Rohit Mehta,Closed,On Time
PO202502124,2025-02-05,V002,Metro Business Supplies,Sales & Marketing,Office Supplies,ITM001,A4 Copier Paper - 500 Sheets,50,231.96,11598.0,Net 30,2025-02-11,2025-02-08,North,Arjun Nair,Closed,On Time
PO202502125,2025-07-12,V003,Prime Workplace India,Sales & Marketing,Office Supplies,ITM003,Ergonomic Office Chair,3,8039.28,24117.84,Net 30,2025-07-18,2025-07-17,West,Arjun Nair,Closed,On Time
PO202602126,2026-02-13,V016,StratEdge Partners,Administration,Professional Services,ITM019,Training Workshop - Per Batch,1,35667.83,35667.83,Net 45,2026-03-01,2026-03-01,East,Meera Joshi,Closed,On Time
PO202502127,2025-02-06,V002,Metro Business Supplies,Administration,Office Supplies,ITM001,A4 Copier Paper - 500 Sheets,6,248.85,1493.1,Net 30,2025-02-23,2025-02-22,North,Meera Joshi,Closed,On Time
PO202602128,2026-03-17,V006,CoreTech Solutions,Sales & Marketing,Technology,ITM008,Network Switch - 24 Port,1,15214.25,15214.25,Net 30,2026-04-04,2026-04-01,West,Ishita Shah,Closed,On Time
PO202602129,2026-04-16,V003,Prime Workplace India,Operations,Facilities,ITM011,Cleaning Supplies Kit,17,1390.11,23631.87,Net 30,2026-05-01,2026-05-01,South,Rohit Mehta,Closed,On Time
PO202502130,2025-07-30,V014,Insight Advisory Services,Human Resources,Professional Services,ITM019,Training Workshop - Per Batch,1,38510.82,38510.82,Net 30,2025-08-10,2025-08-07,West,Neha Kapoor,Closed,On Time
PO202502131,2025-09-11,V001,Apex Office Solutions,Human Resources,Office Supplies,ITM002,Black Toner Cartridge,9,3217.12,28954.08,Net 45,2025-09-29,2025-10-01,South,Neha Kapoor,Closed,Late
PO202502132,2025-02-19,V001,Apex Office Solutions,Operations,Office Supplies,ITM001,A4 Copier Paper - 500 Sheets,56,253.82,14213.92,Net 30,2025-03-08,2025-03-05,West,Ananya Rao,Closed,On Time
PO202502133,2025-09-07,V012,BrightReach Media,Sales & Marketing,Marketing,ITM018,Printed Marketing Materials,1,12590.17,12590.17,Net 45,2025-09-20,2025-09-19,North,Ishita Shah,Closed,On Time
PO202502134,2025-12-31,V002,Metro Business Supplies,Administration,Office Supplies,ITM003,Ergonomic Office Chair,7,8000.46,56003.22,Net 60,2026-01-17,2026-01-22,West,Meera Joshi,Closed,Late
PO202602135,2026-03-15,V012,BrightReach Media,Sales & Marketing,Marketing,ITM018,Printed Marketing Materials,1,12987.79,12987.79,Net 30,2026-03-22,2026-03-22,West,Ishita Shah,Closed,On Time
PO202502136,2025-09-19,V007,SecureNet Systems,Sales & Marketing,Technology,ITM007,USB-C Docking Station,7,8938.31,62568.17,Net 30,2025-10-05,2025-10-03,West,Ishita Shah,Closed,On Time
PO202502137,2025-04-01,V001,Apex Office Solutions,Human Resources,Office Supplies,ITM002,Black Toner Cartridge,10,3276.39,32763.9,Net 30,2025-04-13,2025-04-13,North,Neha Kapoor,Closed,On Time
PO202502138,2025-01-05,V009,Urban Maintenance Co.,Operations,Facilities,ITM012,LED Panel Light,16,1573.37,25173.92,Net 45,2025-01-18,2025-01-24,East,Ananya Rao,Closed,Late
PO202502139,2025-03-16,V001,Apex Office Solutions,Human Resources,Office Supplies,ITM002,Black Toner Cartridge,4,3032.8,12131.2,Net 45,2025-03-27,2025-04-06,East,Neha Kapoor,Closed,Late
PO202502140,2025-12-07,V016,StratEdge Partners,IT,Professional Services,ITM022,Data Reporting Support - Monthly,1,48509.89,48509.89,Net 30,2025-12-23,2025-12-22,North,Vikram Reddy,Closed,On Time
PO202602141,2026-05-27,V001,Apex Office Solutions,Administration,Office Supplies,ITM001,A4 Copier Paper - 500 Sheets,22,267.99,5895.78,Net 60,2026-06-11,2026-06-09,North,Meera Joshi,Closed,On Time
PO202602142,2026-03-11,V001,Apex Office Solutions,Operations,Office Supplies,ITM001,A4 Copier Paper - 500 Sheets,46,256.26,11787.96,Net 60,2026-03-18,2026-03-17,East,Rohit Mehta,Closed,On Time
PO202502143,2025-10-01,V014,Insight Advisory Services,IT,Professional Services,ITM020,Audit Support - Monthly,3,52402.16,157206.48,Net 60,2025-10-11,2025-10-11,North,Vikram Reddy,Closed,On Time
PO202502144,2025-07-18,V006,CoreTech Solutions,IT,Technology,ITM007,USB-C Docking Station,1,8436.08,8436.08,Net 30,2025-07-31,2025-08-05,North,Vikram Reddy,Closed,Late
PO202502145,2025-09-04,V005,Vertex Digital Systems,Sales & Marketing,Technology,ITM008,Network Switch - 24 Port,8,18841.54,150732.32,Net 45,2025-09-22,2025-09-22,West,Ishita Shah,Closed,On Time
PO202502146,2025-05-08,V003,Prime Workplace India,Operations,Facilities,ITM012,LED Panel Light,32,1813.87,58043.84,Net 45,2025-05-22,2025-05-21,East,Rohit Mehta,Closed,On Time
PO202602147,2026-03-22,V007,SecureNet Systems,Finance,Technology,ITM004,Wireless Keyboard & Mouse,52,1830.58,95190.16,Net 30,2026-04-07,2026-04-04,North,KAVYA IYER,Closed,On Time
PO202502148,2025-10-19,V001,Apex Office Solutions,Finance,Office Supplies,ITM001,A4 Copier Paper - 500 Sheets,31,237.79,7371.49,Net 45,2025-11-04,2025-11-03,East,Kavya Iyer,Closed,On Time
PO202602149,2026-06-11,V004,Nexa Technologies,IT,Technology,ITM004,Wireless Keyboard & Mouse,40,1742.56,69702.4,Net 45,2026-06-17,2026-06-15,North,Vikram Reddy,Closed,On Time
PO202502150,2025-09-03,V006,CoreTech Solutions,Finance,Technology,ITM006,Business Laptop - Standard,5,51536.14,257680.7,Net 30,2025-09-10,2025-09-09,North,Kavya Iyer,Closed,On Time
PO202502151,2025-07-26,V003,Prime Workplace India,Sales & Marketing,Office Supplies,ITM003,Ergonomic Office Chair,14,8547.68,119667.52,Net 45,2025-08-06,2025-08-06,South,Arjun Nair,Closed,On Time
PO202602152,2026-01-23,V004,Nexa Technologies,Human Resources,Technology,ITM007,USB-C Docking Station,9,8438.11,75942.99,Net 45,2026-02-05,2026-02-05,East,Neha Kapoor,Closed,On Time
PO202502153,2025-10-12,V006,CoreTech Solutions,IT,Technology,ITM007,USB-C Docking Station,7,7863.11,55041.77,Net 30,2025-10-18,2025-10-26,East,Vikram Reddy,Closed,Late
PO202602154,2026-06-01,V016,StratEdge Partners,IT,Professional Services,ITM021,Recruitment Service Fee,1,42581.52,42581.52,Net 60,2026-06-19,2026-06-18,North,Vikram Reddy,Closed,On Time
PO202502155,2025-09-04,V015,TalentBridge Consulting,IT,Professional Services,ITM021,Recruitment Service Fee,2,49392.89,98785.78,Net 45,2025-09-16,2025-09-25,South,Vikram Reddy,Closed,Late
PO202502156,2025-12-15,V001,Apex Office Solutions,Finance,Office Supplies,ITM001,A4 Copier Paper - 500 Sheets,54,249.53,13474.62,Net 45,2025-12-28,2025-12-27,East,Kavya Iyer,Closed,On Time
PO202502157,2025-03-03,V014,Insight Advisory Services,IT,Professional Services,ITM019,Training Workshop - Per Batch,1,37951.89,37951.89,Net 30,2025-03-16,2025-03-14,East,Vikram Reddy,Closed,On Time
PO202602158,2026-06-27,V011,ProSafe Equipment,Operations,Safety,ITM014,Safety Gloves - Box,52,668.27,34750.04,Net 45,2026-07-09,2026-07-23,South,Rohit Mehta,Closed,Late
PO202602159,2026-05-15,V011,ProSafe Equipment,Operations,Safety,ITM016,First Aid Refill Kit,50,1990.06,99503.0,Net 30,2026-05-31,2026-05-30,East,Ananya Rao,Closed,On Time
PO202602160,2026-06-12,V002,Metro Business Supplies,Sales & Marketing,Office Supplies,ITM001,A4 Copier Paper - 500 Sheets,36,232.92,8385.12,Net 60,2026-06-28,2026-06-25,West,Ishita Shah,Closed,On Time
PO202502161,2025-12-22,V007,SecureNet Systems,Sales & Marketing,Technology,ITM009,Annual Software License,7,23709.34,165965.38,Net 30,2026-01-01,2025-12-29,North,Ishita Shah,Closed,On Time
PO202602162,2026-06-07,V010,SafeGuard Industrial,Operations,Safety,ITM015,Safety Helmet,5,1175.4,5877.0,Net 30,2026-06-25,2026-06-25,North,Ananya Rao,Closed,On Time
PO202502163,2025-06-02,V002,Metro Business Supplies,Human Resources,Office Supplies,ITM002,Black Toner Cartridge,1,3069.83,3069.83,Net 30,2025-06-10,2025-06-23,North,Neha Kapoor,Closed,Late
PO202502164,2025-08-17,V003,Prime Workplace India,Sales & Marketing,Office Supplies,ITM001,A4 Copier Paper - 500 Sheets,54,262.55,14177.7,Net 45,2025-09-04,2025-09-04,West,Ishita Shah,Closed,On Time
PO202502165,2025-03-30,V005,Vertex Digital Systems,Finance,Technology,ITM005,24-inch Business Monitor,8,12047.3,96378.4,Net 45,2025-04-09,2025-04-07,West,Kavya Iyer,Closed,On Time
PO202502166,2025-01-26,V006,CoreTech Solutions,IT,Technology,ITM007,USB-C Docking Station,10,8334.16,83341.6,Net 30,2025-02-03,2025-02-12,West,Vikram Reddy,Closed,Late
PO202502167,2025-05-13,V014,Insight Advisory Services,Administration,Professional Services,ITM022,Data Reporting Support - Monthly,3,50168.74,150506.22,Net 30,2025-05-21,2025-05-20,West,Meera Joshi,Closed,On Time
PO202502168,2025-08-01,V001,Apex Office Solutions,Operations,Office Supplies,ITM003,Ergonomic Office Chair,12,8026.31,96315.72,Net 30,2025-08-17,2025-08-17,North,Ananya Rao,Closed,On Time
PO202502169,2025-08-01,V001,Apex Office Solutions,Administration,Office Supplies,ITM003,Ergonomic Office Chair,4,8136.03,32544.12,Net 45,2025-08-09,2025-08-08,West,Meera Joshi,Closed,On Time
PO202602170,2026-01-11,V005,Vertex Digital Systems,IT,Technology,ITM005,24-inch Business Monitor,1,12142.18,12142.18,Net 30,2026-01-20,2026-01-17,North,Vikram Reddy,Closed,On Time
PO202602171,2026-01-30,V014,Insight Advisory Services,Administration,Professional Services,ITM022,Data Reporting Support - Monthly,1,49726.73,49726.73,Net 30,2026-02-08,2026-02-07,East,Meera Joshi,Closed,On Time
PO202602172,2026-04-20,V003,Prime Workplace India,Operations,Facilities,ITM010,Printer Maintenance Kit,11,5917.8,65095.8,Net 30,2026-05-08,2026-05-05,North,Ananya Rao,Closed,On Time
PO202502173,2025-05-16,V001,Apex Office Solutions,Sales & Marketing,Office Supplies,ITM003,Ergonomic Office Chair,10,7911.47,79114.7,Net 45,2025-05-30,2025-05-29,South,Ishita Shah,Closed,On Time
PO202502174,2025-01-24,V011,ProSafe Equipment,Operations,Safety,ITM015,Safety Helmet,31,1129.85,35025.35,Net 45,2025-02-03,2025-02-03,South,Ananya Rao,Closed,On Time
PO202502175,2025-12-06,V006,CoreTech Solutions,Human Resources,Technology,ITM009,Annual Software License,1,20831.48,20831.48,Net 60,2025-12-17,2025-12-16,East,Neha Kapoor,Closed,On Time
PO202602176,2026-04-28,V006,CoreTech Solutions,Finance,Technology,ITM008,Network Switch - 24 Port,3,15266.15,45798.45,Net 60,2026-05-11,2026-05-11,South,Kavya Iyer,Closed,On Time
PO202602177,2026-06-25,V014,Insight Advisory Services,Finance,Professional Services,ITM022,Data Reporting Support - Monthly,1,46525.67,46525.67,Net 30,2026-07-09,2026-07-08,West,Kavya Iyer,Closed,On Time
PO202502178,2025-08-22,V014,Insight Advisory Services,Finance,Professional Services,ITM021,Recruitment Service Fee,1,45453.14,45453.14,Net 30,2025-09-01,2025-08-30,East,Kavya Iyer,Closed,On Time
PO202502179,2025-07-23,V003,Prime Workplace India,Operations,Facilities,ITM011,Cleaning Supplies Kit,59,1406.17,82964.03,Net 45,2025-07-29,2025-08-02,East,Ananya Rao,Closed,Late
PO202502180,2025-06-21,V015,TalentBridge Consulting,Human Resources,Professional Services,ITM020,Audit Support - Monthly,1,57016.94,57016.94,Net 30,2025-07-07,2025-07-04,West,Neha Kapoor,Closed,On Time
PO202602181,2026-03-13,V001,Apex Office Solutions,Operations,Office Supplies,ITM003,Ergonomic Office Chair,5,7911.45,39557.25,Net 45,2026-03-26,2026-03-23,South,Rohit Mehta,Closed,On Time
PO202502182,2025-06-07,V015,TalentBridge Consulting,Finance,Professional Services,ITM020,Audit Support - Monthly,3,55465.54,166396.62,Net 30,2025-06-17,2025-06-15,East,Kavya Iyer,Closed,On Time
PO202502183,2025-01-24,V007,SecureNet Systems,Sales & Marketing,Technology,ITM006,Business Laptop - Standard,6,61424.58,368547.48,Net 30,2025-02-08,2025-02-08,North,Ishita Shah,Closed,On Time
PO202602184,2026-03-05,V007,SecureNet Systems,Sales & Marketing,Technology,ITM006,Business Laptop - Standard,4,61540.64,246162.56,Net 45,2026-03-18,2026-03-18,North,Arjun Nair,Closed,On Time
PO202602185,2026-02-03,V001,Apex Office Solutions,Administration,Office Supplies,ITM003,Ergonomic Office Chair,15,8340.83,125112.45,Net 30,2026-02-12,2026-02-09,West,Meera Joshi,Closed,On Time
PO202502186,2025-10-08,V003,Prime Workplace India,Finance,Office Supplies,ITM003,Ergonomic Office Chair,10,8393.82,83938.2,Net 30,2025-10-16,2025-10-13,North,Kavya Iyer,Closed,On Time
PO202502187,2025-06-03,V002,Metro Business Supplies,Sales & Marketing,Office Supplies,ITM003,Ergonomic Office Chair,5,7403.26,37016.3,Net 30,2025-06-14,2025-06-13,West,Ishita Shah,Closed,On Time
PO202502188,2025-08-26,V001,Apex Office Solutions,Sales & Marketing,Office Supplies,ITM002,Black Toner Cartridge,14,3055.78,42780.92,Net 30,2025-09-01,2025-08-29,West,Ishita Shah,Closed,On Time
PO202502189,2025-03-07,V013,MarketCraft Communications,Sales & Marketing,Marketing,ITM018,Printed Marketing Materials,1,13719.26,13719.26,Net 45,2025-03-18,2025-03-16,South,Arjun Nair,Closed,On Time
PO202602190,2026-05-04,V015,TalentBridge Consulting,Human Resources,Professional Services,ITM022,Data Reporting Support - Monthly,1,51513.74,51513.74,Net 30,2026-05-15,2026-05-14,North,Neha Kapoor,Closed,On Time
PO202502191,2025-12-26,V007,SecureNet Systems,Human Resources,Technology,ITM009,Annual Software License,1,22176.85,22176.85,Net 30,2025-12-31,2025-12-29,West,Neha Kapoor,Closed,On Time
PO202502192,2025-08-10,V014,Insight Advisory Services,IT,Professional Services,ITM022,Data Reporting Support - Monthly,3,49600.47,148801.41,Net 45,2025-08-20,2025-08-20,South,Vikram Reddy,Closed,On Time
PO202602193,2026-05-09,V012,BrightReach Media,Sales & Marketing,Marketing,ITM017,Digital Marketing Campaign,1,43554.04,43554.04,Net 60,2026-05-27,2026-05-27,South,Ishita Shah,Closed,On Time
PO202502194,2025-04-03,V001,Apex Office Solutions,Sales & Marketing,Office Supplies,ITM001,A4 Copier Paper - 500 Sheets,55,244.05,13422.75,Net 30,2025-04-19,2025-04-17,South,Arjun Nair,Closed,On Time
PO202602195,2026-02-26,V003,Prime Workplace India,Operations,Facilities,ITM013,Electrical Maintenance Service,1,19017.07,19017.07,Net 45,2026-03-13,2026-03-12,West,Ananya Rao,Closed,On Time
PO202602196,2026-01-10,V015,TalentBridge Consulting,Administration,Professional Services,ITM019,Training Workshop - Per Batch,3,38972.34,116917.02,Net 30,2026-01-18,2026-01-17,West,Meera Joshi,Closed,On Time
PO202502197,2025-12-28,V010,SafeGuard Industrial,Operations,Safety,ITM015,Safety Helmet,57,1120.49,63867.93,Net 60,2026-01-05,2026-01-05,East,Rohit Mehta,Closed,On Time
PO202602198,2026-01-07,V001,Apex Office Solutions,Finance,Office Supplies,ITM003,Ergonomic Office Chair,7,7867.71,55073.97,Net 60,2026-01-18,2026-01-17,West,Kavya Iyer,Closed,On Time
PO202602199,2026-02-02,V005,Vertex Digital Systems,IT,Technology,ITM007,USB-C Docking Station,3,9810.39,29431.17,Net 30,2026-02-08,2026-02-05,South,Vikram Reddy,Closed,On Time
PO202502200,2025-08-15,V008,FacilityPro Services,Operations,Facilities,ITM013,Electrical Maintenance Service,1,19283.93,19283.93,Net 30,2025-08-26,2025-08-25,North,Rohit Mehta,Closed,On Time
PO202602201,2026-03-17,V007,SecureNet Systems,IT,Technology,ITM004,Wireless Keyboard & Mouse,45,1931.06,86897.7,Net 60,2026-03-23,2026-03-20,South,Vikram Reddy,Closed,On Time
PO202602202,2026-01-03,V002,Metro Business Supplies,Operations,Office Supplies,ITM001,A4 Copier Paper - 500 Sheets,55,236.01,12980.55,Net 30,2026-01-14,2026-01-17,North,Ananya Rao,Closed,Late
PO202502203,2025-01-14,V016,StratEdge Partners,IT,Professional Services,ITM019,Training Workshop - Per Batch,3,37712.65,113137.95,Net 30,2025-01-26,2025-01-24,West,Vikram Reddy,Closed,On Time
PO202602204,2026-03-12,V004,Nexa Technologies,Finance,Technology,ITM006,Business Laptop - Standard,6,57121.01,342726.06,Net 30,2026-03-30,2026-03-30,West,Kavya Iyer,Closed,On Time
PO202502205,2025-09-26,V006,CoreTech Solutions,Human Resources,Technology,ITM005,24-inch Business Monitor,6,10369.25,62215.5,Net 30,2025-10-10,2025-10-07,North,Neha Kapoor,Closed,On Time
PO202502206,2025-11-09,V013,MarketCraft Communications,Sales & Marketing,Marketing,ITM018,Printed Marketing Materials,2,13762.2,27524.4,Net 45,2025-11-20,2025-11-19,North,Ishita Shah,Closed,On Time
PO202502207,2025-12-20,V003,Prime Workplace India,Operations,Facilities,ITM013,Electrical Maintenance Service,7,20749.85,145248.95,Net 45,2025-12-26,2025-12-24,East,Rohit Mehta,Closed,On Time
PO202502208,2025-01-15,V015,TalentBridge Consulting,IT,Professional Services,ITM020,Audit Support - Monthly,2,55127.67,110255.34,Net 30,2025-01-21,2025-01-18,East,Vikram Reddy,Closed,On Time
PO202502209,2025-11-12,V008,FacilityPro Services,Operations,Facilities,ITM013,Electrical Maintenance Service,7,17836.54,124855.78,Net 45,2025-11-22,2025-11-19,North,Ananya Rao,Closed,On Time
PO202502210,2025-06-11,V014,Insight Advisory Services,Human Resources,Professional Services,ITM020,Audit Support - Monthly,1,53274.62,53274.62,Net 60,2025-06-21,2025-06-20,North,Neha Kapoor,Closed,On Time
PO202502211,2025-01-01,V016,StratEdge Partners,IT,Professional Services,ITM022,Data Reporting Support - Monthly,1,46594.24,46594.24,Net 30,2025-01-11,2025-01-11,West,Vikram Reddy,Closed,On Time
PO202502212,2025-08-22,V004,Nexa Technologies,IT,Technology,ITM009,Annual Software License,7,21708.17,151957.19,Net 30,2025-08-27,2025-08-26,West,Vikram Reddy,Closed,On Time
PO202502213,2025-06-03,V006,CoreTech Solutions,IT,Technology,ITM004,Wireless Keyboard & Mouse,42,1749.98,73499.16,Net 45,2025-06-12,2025-06-11,North,Vikram Reddy,Closed,On Time
PO202602214,2026-05-13,V003,Prime Workplace India,Finance,Office Supplies,ITM003,Ergonomic Office Chair,14,8361.87,117066.18,Net 45,2026-05-25,2026-05-24,North,Kavya Iyer,Closed,On Time
PO202502215,2025-06-02,V010,SafeGuard Industrial,Operations,Safety,ITM014,Safety Gloves - Box,44,712.31,31341.64,Net 30,2025-06-16,2025-06-16,South,Ananya Rao,Closed,On Time
PO202602216,2026-01-28,V016,StratEdge Partners,Finance,Professional Services,ITM021,Recruitment Service Fee,3,43944.14,131832.42,Net 45,2026-02-14,2026-02-13,North,Kavya Iyer,Closed,On Time
PO202602217,2026-03-04,V006,CoreTech Solutions,IT,Technology,ITM005,24-inch Business Monitor,3,10694.39,32083.17,Net 30,2026-03-14,2026-03-13,North,Vikram Reddy,Closed,On Time
PO202502218,2025-12-01,V015,TalentBridge Consulting,Administration,Professional Services,ITM020,Audit Support - Monthly,1,54557.81,54557.81,Net 45,2025-12-10,2025-12-09,West,Meera Joshi,Closed,On Time
PO202502219,2025-06-12,V014,Insight Advisory Services,Finance,Professional Services,ITM022,Data Reporting Support - Monthly,1,50033.15,50033.15,Net 30,2025-06-25,2025-06-22,East,Kavya Iyer,Closed,On Time
PO202502220,2025-05-13,V013,MarketCraft Communications,Sales & Marketing,Marketing,ITM017,Digital Marketing Campaign,2,47768.01,95536.02,Net 30,2025-05-26,2025-05-25,West,Ishita Shah,Closed,On Time
PO202502221,2025-05-12,V015,TalentBridge Consulting,IT,Professional Services,ITM021,Recruitment Service Fee,1,49829.86,49829.86,Net 30,2025-05-29,2025-05-28,South,Vikram Reddy,Closed,On Time
PO202602222,2026-02-01,V008,FacilityPro Services,Administration,Facilities,ITM011,Cleaning Supplies Kit,29,1401.37,40639.73,Net 30,2026-02-10,2026-02-07,West,Meera Joshi,Closed,On Time
PO202502223,2025-03-12,V006,CoreTech Solutions,Sales & Marketing,Technology,ITM004,Wireless Keyboard & Mouse,28,1719.72,48152.16,Net 60,2025-03-20,2025-03-25,East,Arjun Nair,Closed,Late
PO202602224,2026-04-24,V001,Apex Office Solutions,Operations,Office Supplies,ITM003,Ergonomic Office Chair,4,7932.49,31729.96,Net 30,2026-05-03,2026-04-30,North,Rohit Mehta,Closed,On Time
PO202502225,2025-03-12,V013,MarketCraft Communications,Sales & Marketing,Marketing,ITM018,Printed Marketing Materials,1,13266.44,13266.44,Net 30,2025-03-18,2025-03-17,North,Arjun Nair,Closed,On Time
PO202602226,2026-04-13,V014,Insight Advisory Services,Administration,Professional Services,ITM020,Audit Support - Monthly,1,51270.02,51270.02,Net 30,2026-04-21,2026-04-20,West,Meera Joshi,Closed,On Time
PO202502227,2025-09-28,V003,Prime Workplace India,Administration,Facilities,ITM010,Printer Maintenance Kit,2,5654.39,11308.78,Net 45,2025-10-07,2025-10-06,East,Meera Joshi,Closed,On Time
PO202602228,2026-04-16,V008,FacilityPro Services,Administration,Facilities,ITM010,Printer Maintenance Kit,7,5291.49,37040.43,Net 30,2026-04-27,2026-04-25,South,Meera Joshi,Closed,On Time
PO202502229,2025-05-23,V003,Prime Workplace India,Administration,Office Supplies,ITM001,A4 Copier Paper - 500 Sheets,48,271.29,13021.92,Net 45,2025-06-07,2025-06-07,West,Meera Joshi,Closed,On Time
PO202502230,2025-06-18,V014,Insight Advisory Services,IT,Professional Services,ITM020,Audit Support - Monthly,1,53234.91,53234.91,Net 60,2025-07-02,2025-07-02,North,Vikram Reddy,Closed,On Time
PO202602231,2026-02-11,V014,Insight Advisory Services,Finance,Professional Services,ITM020,Audit Support - Monthly,1,50867.16,50867.16,Net 45,2026-02-19,2026-02-17,South,Kavya Iyer,Closed,On Time
PO202602232,2026-03-20,V003,Prime Workplace India,Operations,Facilities,ITM011,Cleaning Supplies Kit,52,1500.2,78010.4,Net 30,2026-03-28,2026-03-28,South,Rohit Mehta,Closed,On Time
PO202502233,2025-09-16,V013,MarketCraft Communications,Sales & Marketing,Marketing,ITM018,Printed Marketing Materials,1,13916.99,13916.99,Net 45,2025-10-02,2025-09-30,North,Arjun Nair,Closed,On Time
PO202502234,2025-03-17,V012,BrightReach Media,Sales & Marketing,Marketing,ITM017,Digital Marketing Campaign,1,43544.99,43544.99,Net 30,2025-04-02,2025-03-30,East,Ishita Shah,Closed,On Time
PO202602235,2026-03-14,V004,Nexa Technologies,Sales & Marketing,Technology,ITM008,Network Switch - 24 Port,7,16973.53,118814.71,Net 30,2026-03-20,2026-03-18,North,Arjun Nair,Closed,On Time
PO202502236,2025-12-21,V006,CoreTech Solutions,IT,Technology,ITM008,Network Switch - 24 Port,3,15776.46,47329.38,Net 30,2026-01-01,2025-12-31,South,Vikram Reddy,Closed,On Time
PO202602237,2026-02-20,V001,Apex Office Solutions,Administration,Office Supplies,ITM001,A4 Copier Paper - 500 Sheets,11,254.55,2800.05,Net 30,2026-03-02,2026-03-02,West,Meera Joshi,Closed,On Time
PO202602238,2026-05-27,V014,Insight Advisory Services,IT,Professional Services,ITM019,Training Workshop - Per Batch,3,39434.9,118304.7,Net 45,2026-06-07,2026-06-04,North,Vikram Reddy,Closed,On Time
PO202502239,2025-01-19,V002,Metro Business Supplies,Sales & Marketing,Office Supplies,ITM003,Ergonomic Office Chair,15,7022.31,105334.65,Net 30,2025-01-31,2025-01-31,East,Ishita Shah,Closed,On Time
PO202502240,2025-08-25,V002,Metro Business Supplies,Operations,Office Supplies,ITM003,Ergonomic Office Chair,13,7040.99,91532.87,Net 30,2025-09-01,2025-08-29,North,Ananya Rao,Closed,On Time
PO202502241,2025-06-27,V006,CoreTech Solutions,Sales & Marketing,Technology,ITM008,Network Switch - 24 Port,5,16026.14,80130.7,Net 30,2025-07-07,2025-07-04,North,Ishita Shah,Closed,On Time
PO202602242,2026-03-31,V003,Prime Workplace India,Operations,Facilities,ITM013,Electrical Maintenance Service,6,19209.2,115255.2,Net 45,2026-04-09,2026-04-09,East,Rohit Mehta,Closed,On Time
PO202502243,2025-07-30,V009,Urban Maintenance Co.,Operations,Facilities,ITM010,Printer Maintenance Kit,9,5250.16,47251.44,Net 45,2025-08-09,2025-08-06,South,Rohit Mehta,Closed,On Time
PO202602244,2026-05-01,V016,StratEdge Partners,Finance,Professional Services,ITM022,Data Reporting Support - Monthly,3,48124.75,144374.25,Net 60,2026-05-10,2026-05-09,East,Kavya Iyer,Closed,On Time
PO202502245,2025-02-22,V009,Urban Maintenance Co.,Operations,Facilities,ITM013,Electrical Maintenance Service,6,18101.11,108606.66,Net 45,2025-03-08,2025-03-06,East,Rohit Mehta,Closed,On Time
PO202602246,2026-01-30,V015,TalentBridge Consulting,IT,Professional Services,ITM022,Data Reporting Support - Monthly,1,50442.35,50442.35,Net 60,2026-02-08,2026-02-06,South,Vikram Reddy,Closed,On Time
PO202502247,2025-09-17,V014,Insight Advisory Services,Human Resources,Professional Services,ITM022,Data Reporting Support - Monthly,3,48877.0,146631.0,Net 30,2025-10-03,2025-09-30,West,Neha Kapoor,Closed,On Time
PO202502248,2025-08-31,V016,StratEdge Partners,IT,Professional Services,ITM019,Training Workshop - Per Batch,1,36984.72,36984.72,Net 30,2025-09-10,2025-09-09,North,Vikram Reddy,Closed,On Time
PO202502249,2025-07-13,V013,MarketCraft Communications,Sales & Marketing,Marketing,ITM018,Printed Marketing Materials,3,13574.89,40724.67,Net 45,2025-07-18,2025-07-16,South,Ishita Shah,Closed,On Time
PO202502250,2025-08-15,V008,FacilityPro Services,Operations,Facilities,ITM010,Printer Maintenance Kit,7,5534.75,38743.25,Net 45,2025-08-23,2025-08-21,North,Ananya Rao,Closed,On Time
PO202502251,2025-05-25,V002,Metro Business Supplies,Sales & Marketing,Office Supplies,ITM002,Black Toner Cartridge,4,2926.19,11704.76,Net 30,2025-06-03,2025-05-31,East,Ishita Shah,Closed,On Time
PO202502252,2025-02-08,V001,Apex Office Solutions,Administration,Office Supplies,ITM002,Black Toner Cartridge,10,3440.98,34409.8,Net 45,2025-02-20,2025-02-18,South,Meera Joshi,Closed,On Time
PO202502253,2025-03-13,V002,Metro Business Supplies,Operations,Office Supplies,ITM003,Ergonomic Office Chair,13,6993.17,90911.21,Net 45,2025-03-26,2025-04-10,South,Rohit Mehta,Closed,Late
PO202502254,2025-09-26,V006,CoreTech Solutions,Human Resources,Technology,ITM009,Annual Software License,4,20611.23,82444.92,Net 30,2025-10-14,2025-10-11,North,Neha Kapoor,Closed,On Time
PO202502255,2025-11-26,V015,TalentBridge Consulting,IT,Professional Services,ITM022,Data Reporting Support - Monthly,1,49808.14,49808.14,Net 45,2025-12-01,2025-11-29,West,Vikram Reddy,Closed,On Time
PO202502256,2025-02-02,V007,SecureNet Systems,Human Resources,Technology,ITM007,USB-C Docking Station,7,9099.18,63694.26,Net 30,2025-02-19,2025-02-16,South,Neha Kapoor,Closed,On Time
PO202502257,2025-07-06,V006,CoreTech Solutions,IT,Technology,ITM005,24-inch Business Monitor,8,9901.16,79209.28,Net 60,2025-07-18,2025-07-16,South,Vikram Reddy,Closed,On Time
PO202502258,2025-09-12,V008,FacilityPro Services,Administration,Facilities,ITM010,Printer Maintenance Kit,13,5521.0,71773.0,Net 45,2025-09-17,2025-09-17,East,Meera Joshi,Closed,On Time
PO202602259,2026-03-14,V004,Nexa Technologies,Sales & Marketing,Technology,ITM008,Network Switch - 24 Port,5,16602.39,83011.95,Net 30,2026-03-26,2026-03-24,West,Arjun Nair,Closed,On Time
PO202502260,2025-08-22,V014,Insight Advisory Services,IT,Professional Services,ITM022,Data Reporting Support - Monthly,1,50096.29,50096.29,Net 60,2025-09-06,2025-09-06,North,Vikram Reddy,Closed,On Time
PO202602261,2026-05-06,V001,Apex Office Solutions,Operations,Office Supplies,ITM001,A4 Copier Paper - 500 Sheets,60,245.16,14709.6,Net 45,2026-05-24,2026-05-21,North,Ananya Rao,Closed,On Time
PO202502262,2025-03-26,V016,StratEdge Partners,IT,Professional Services,ITM021,Recruitment Service Fee,1,45808.33,45808.33,Net 60,2025-04-08,2025-04-06,West,Vikram Reddy,Closed,On Time
PO202502263,2025-02-04,V009,Urban Maintenance Co.,Administration,Facilities,ITM010,Printer Maintenance Kit,3,5361.48,16084.44,Net 30,2025-02-15,2025-02-15,North,Meera Joshi,Closed,On Time
PO202602264,2026-02-16,V011,ProSafe Equipment,Operations,Safety,ITM014,Safety Gloves - Box,30,678.69,20360.7,Net 60,2026-02-26,2026-02-26,South,Rohit Mehta,Closed,On Time
PO202502265,2025-10-09,V006,CoreTech Solutions,IT,Technology,ITM009,Annual Software License,1,21359.42,21359.42,Net 45,2025-10-15,2025-10-27,West,Vikram Reddy,Closed,Late
PO202502266,2025-12-01,V002,Metro Business Supplies,Finance,Office Supplies,ITM001,A4 Copier Paper - 500 Sheets,49,229.64,11252.36,Net 60,2025-12-06,2025-12-03,West,Kavya Iyer,Closed,On Time
PO202502267,2025-11-05,V011,ProSafe Equipment,Operations,Safety,ITM014,Safety Gloves - Box,8,712.66,5701.28,Net 45,2025-11-15,2025-11-13,West,Rohit Mehta,Closed,On Time
PO202602268,2026-03-31,V006,CoreTech Solutions,Sales & Marketing,Technology,ITM005,24-inch Business Monitor,3,10266.29,30798.87,Net 45,2026-04-09,2026-04-07,North,Arjun Nair,Closed,On Time
PO202502269,2025-06-10,V003,Prime Workplace India,Administration,Office Supplies,ITM003,Ergonomic Office Chair,5,8840.51,44202.55,Net 60,2025-06-28,2025-06-26,South,Meera Joshi,Closed,On Time
PO202602270,2026-03-05,V007,SecureNet Systems,IT,Technology,ITM006,Business Laptop - Standard,4,60461.07,241844.28,Net 45,2026-03-10,2026-03-10,North,Vikram Reddy,Closed,On Time
PO202602271,2026-04-10,V016,StratEdge Partners,IT,Professional Services,ITM019,Training Workshop - Per Batch,3,37914.15,113742.45,Net 60,2026-04-23,2026-04-23,North,Vikram Reddy,Closed,On Time
PO202602272,2026-06-07,V015,TalentBridge Consulting,IT,Professional Services,ITM022,Data Reporting Support - Monthly,1,49032.87,49032.87,Net 45,2026-06-12,2026-06-09,North,Vikram Reddy,Closed,On Time
PO202502273,2025-12-27,V007,SecureNet Systems,IT,Technology,ITM006,Business Laptop - Standard,2,60012.94,120025.88,Net 45,2026-01-14,2026-01-28,West,Vikram Reddy,Closed,Late
PO202602274,2026-03-26,V016,StratEdge Partners,Finance,Professional Services,ITM022,Data Reporting Support - Monthly,3,45835.33,137505.99,Net 60,2026-04-13,2026-04-11,South,Kavya Iyer,Closed,On Time
PO202502275,2025-08-11,V008,FacilityPro Services,Operations,Facilities,ITM011,Cleaning Supplies Kit,7,1353.1,9471.7,Net 60,2025-08-16,2025-08-14,North,Rohit Mehta,Closed,On Time
PO202502276,2025-11-14,V016,StratEdge Partners,IT,Professional Services,ITM021,Recruitment Service Fee,1,45225.36,45225.36,Net 45,2025-11-25,2025-11-24,North,Vikram Reddy,Closed,On Time
PO202602277,2026-05-16,V005,Vertex Digital Systems,Finance,Technology,ITM005,24-inch Business Monitor,3,11644.68,34934.04,Net 30,2026-06-02,2026-05-30,South,Kavya Iyer,Closed,On Time
PO202502278,2025-11-05,V001,Apex Office Solutions,Operations,Office Supplies,ITM002,Black Toner Cartridge,6,3160.84,18965.04,Net 45,2025-11-13,2025-11-11,South,Ananya Rao,Closed,On Time
PO202502279,2025-10-10,V014,Insight Advisory Services,Administration,Professional Services,ITM019,Training Workshop - Per Batch,1,37447.58,37447.58,Net 30,2025-10-20,2025-10-18,North,Meera Joshi,Closed,On Time
PO202602280,2026-03-22,V003,Prime Workplace India,Administration,Facilities,ITM011,Cleaning Supplies Kit,47,1489.99,70029.53,Net 30,2026-04-03,2026-03-31,South,Meera Joshi,Closed,On Time
PO202502281,2025-01-08,V006,CoreTech Solutions,IT,Technology,ITM004,Wireless Keyboard & Mouse,8,1731.18,13849.44,Net 30,2025-01-17,2025-01-26,North,Vikram Reddy,Closed,Late
PO202502282,2025-11-25,V010,SafeGuard Industrial,Operations,Safety,ITM016,First Aid Refill Kit,30,2080.35,62410.5,Net 45,2025-12-08,2025-12-08,West,Ananya Rao,Closed,On Time
PO202602283,2026-03-07,V002,Metro Business Supplies,Sales & Marketing,Office Supplies,ITM003,Ergonomic Office Chair,1,7385.74,7385.74,Net 45,2026-03-13,2026-03-20,West,Arjun Nair,Closed,Late
PO202502284,2025-04-06,V004,Nexa Technologies,IT,Technology,ITM004,Wireless Keyboard & Mouse,7,1786.99,12508.93,Net 45,2025-04-20,2025-04-19,East,Vikram Reddy,Closed,On Time
PO202602285,2026-05-27,V002,Metro Business Supplies,Operations,Office Supplies,ITM003,Ergonomic Office Chair,9,7118.05,64062.45,Net 60,2026-06-11,2026-06-10,South,Ananya Rao,Closed,On Time
PO202602286,2026-06-25,V009,Urban Maintenance Co.,Administration,Facilities,ITM010,Printer Maintenance Kit,8,5168.96,41351.68,Net 45,2026-07-06,2026-07-04,South,Meera Joshi,Closed,On Time
PO202502287,2025-11-03,V009,Urban Maintenance Co.,Operations,Facilities,ITM011,Cleaning Supplies Kit,23,1291.37,29701.51,Net 30,2025-11-15,2025-11-12,South,Rohit Mehta,Closed,On Time
PO202602288,2026-03-21,V006,CoreTech Solutions,Human Resources,Technology,ITM006,Business Laptop - Standard,8,54378.43,435027.44,Net 30,2026-04-02,2026-03-31,West,Neha Kapoor,Closed,On Time
PO202602289,2026-02-02,V014,Insight Advisory Services,IT,Professional Services,ITM021,Recruitment Service Fee,3,45669.93,137009.79,Net 30,2026-02-16,2026-02-15,North,Vikram Reddy,Closed,On Time
PO202602290,2026-03-24,V005,Vertex Digital Systems,IT,Technology,ITM008,Network Switch - 24 Port,7,18955.75,132690.25,Net 45,2026-04-10,2026-04-10,East,Vikram Reddy,Closed,On Time
PO202602291,2026-02-02,V006,CoreTech Solutions,IT,Technology,ITM004,Wireless Keyboard & Mouse,58,1697.64,98463.12,Net 30,2026-02-09,2026-02-08,West,Vikram Reddy,Closed,On Time
PO202602292,2026-01-28,V001,Apex Office Solutions,Operations,Office Supplies,ITM001,A4 Copier Paper - 500 Sheets,50,240.28,12014.0,Net 60,2026-02-10,2026-02-10,South,Ananya Rao,Closed,On Time
PO202602293,2026-06-12,V014,Insight Advisory Services,Administration,Professional Services,ITM021,Recruitment Service Fee,1,44190.66,44190.66,Net 45,2026-06-29,2026-06-26,North,Meera Joshi,Closed,On Time
PO202602294,2026-04-17,V013,MarketCraft Communications,Sales & Marketing,Marketing,ITM017,Digital Marketing Campaign,1,45754.59,45754.59,Net 45,2026-04-28,2026-04-25,North,Ishita Shah,Closed,On Time
PO202502295,2025-09-28,V001,Apex Office Solutions,Human Resources,Office Supplies,ITM001,A4 Copier Paper - 500 Sheets,11,243.31,2676.41,Net 30,2025-10-07,2025-10-05,North,Neha Kapoor,Closed,On Time
PO202502296,2025-07-01,V002,Metro Business Supplies,Finance,Office Supplies,ITM003,Ergonomic Office Chair,8,7253.11,58024.88,Net 30,2025-07-17,2025-07-24,West,Kavya Iyer,Closed,Late
PO202502297,2025-03-26,V011,ProSafe Equipment,Operations,Safety,ITM015,Safety Helmet,56,1113.44,62352.64,Net 30,2025-04-05,2025-04-05,North,Rohit Mehta,Closed,On Time
PO202502298,2025-02-20,V013,MarketCraft Communications,Sales & Marketing,Marketing,ITM017,Digital Marketing Campaign,3,47302.4,141907.2,Net 30,2025-03-10,2025-03-07,West,Arjun Nair,Closed,On Time
PO202502299,2025-05-12,V012,BrightReach Media,Sales & Marketing,Marketing,ITM018,Printed Marketing Materials,3,13104.42,39313.26,Net 30,2025-05-26,2025-05-23,North,Arjun Nair,Closed,On Time
PO202502300,2025-05-10,V007,SecureNet Systems,Sales & Marketing,Technology,ITM007,USB-C Docking Station,14,9249.47,129492.58,Net 30,2025-05-19,2025-05-16,South,Ishita Shah,Closed,On Time
PO202502301,2025-05-16,V014,Insight Advisory Services,IT,Professional Services,ITM022,Data Reporting Support - Monthly,1,46568.44,46568.44,Net 30,2025-05-24,2025-05-23,South,Vikram Reddy,Closed,On Time
PO202602302,2026-01-11,V002,Metro Business Supplies,Operations,Office Supplies,ITM001,A4 Copier Paper - 500 Sheets,13,221.88,2884.44,Net 30,2026-01-17,2026-01-14,West,Rohit Mehta,Closed,On Time
PO202502303,2025-04-23,V001,Apex Office Solutions,Human Resources,Office Supplies,ITM001,A4 Copier Paper - 500 Sheets,13,237.02,3081.26,Net 30,2025-05-05,2025-05-05,East,Neha Kapoor,Closed,On Time
PO202502304,2025-12-26,V001,Apex Office Solutions,Operations,Office Supplies,ITM001,A4 Copier Paper - 500 Sheets,27,255.14,6888.78,Net 45,2026-01-05,2026-01-02,North,Rohit Mehta,Closed,On Time
PO202502305,2025-11-30,V009,Urban Maintenance Co.,Operations,Facilities,ITM011,Cleaning Supplies Kit,30,1322.83,39684.9,Net 30,2025-12-15,2025-12-15,North,Ananya Rao,Closed,On Time
PO202502306,2025-01-08,V015,TalentBridge Consulting,Administration,Professional Services,ITM022,Data Reporting Support - Monthly,3,49035.61,147106.83,Net 45,2025-01-13,2025-01-13,West,Meera Joshi,Closed,On Time
PO202602307,2026-06-20,V004,Nexa Technologies,Human Resources,Technology,ITM008,Network Switch - 24 Port,4,16072.5,64290.0,Net 30,2026-06-30,2026-06-29,West,Neha Kapoor,Closed,On Time
PO202602308,2026-01-15,V005,Vertex Digital Systems,Finance,Technology,ITM009,Annual Software License,7,23507.12,164549.84,Net 60,2026-01-25,2026-01-25,North,Kavya Iyer,Closed,On Time
PO202602309,2026-06-25,V002,Metro Business Supplies,Operations,Office Supplies,ITM002,Black Toner Cartridge,9,2921.02,26289.18,Net 45,2026-07-12,2026-07-10,West,Ananya Rao,Closed,On Time
PO202502310,2025-11-08,V006,CoreTech Solutions,IT,Technology,ITM006,Business Laptop - Standard,1,53713.77,53713.77,Net 45,2025-11-25,2025-11-25,West,Vikram Reddy,Closed,On Time
PO202502311,2025-09-11,V001,Apex Office Solutions,Human Resources,Office Supplies,ITM001,A4 Copier Paper - 500 Sheets,28,250.83,7023.24,Net 45,2025-09-27,2025-09-24,South,Neha Kapoor,Closed,On Time
PO202502312,2025-10-16,V014,Insight Advisory Services,IT,Professional Services,ITM020,Audit Support - Monthly,1,52021.2,52021.2,Net 45,2025-10-22,2025-10-22,North,Vikram Reddy,Closed,On Time
PO202502313,2025-03-04,V011,ProSafe Equipment,Operations,Safety,ITM016,First Aid Refill Kit,48,1945.65,93391.2,Net 60,2025-03-22,2025-03-21,East,Ananya Rao,Closed,On Time
PO202602314,2026-01-19,V008,FacilityPro Services,Operations,Facilities,ITM013,Electrical Maintenance Service,2,18350.42,36700.84,Net 60,2026-01-31,2026-01-30,West,Ananya Rao,Closed,On Time
PO202502315,2025-03-27,V001,Apex Office Solutions,Sales & Marketing,Office Supplies,ITM001,A4 Copier Paper - 500 Sheets,36,249.54,8983.44,Net 30,2025-04-10,2025-04-07,East,Arjun Nair,Closed,On Time
PO202602316,2026-06-16,V014,Insight Advisory Services,IT,Professional Services,ITM019,Training Workshop - Per Batch,1,38888.39,38888.39,Net 30,2026-07-04,2026-07-03,West,Vikram Reddy,Closed,On Time
PO202602317,2026-04-24,V004,Nexa Technologies,Sales & Marketing,Technology,ITM006,Business Laptop - Standard,3,56383.27,169149.81,Net 60,2026-05-12,2026-05-22,North,Ishita Shah,Closed,Late
PO202502318,2025-07-06,V012,BrightReach Media,Sales & Marketing,Marketing,ITM018,Printed Marketing Materials,2,12144.75,24289.5,Net 30,2025-07-23,2025-07-23,East,Arjun Nair,Closed,On Time
PO202502319,2025-05-01,V013,MarketCraft Communications,Sales & Marketing,Marketing,ITM018,Printed Marketing Materials,1,13927.2,13927.2,Net 45,2025-05-15,2025-05-15,South,Ishita Shah,Closed,On Time
PO202502320,2025-02-20,V002,Metro Business Supplies,Operations,Office Supplies,ITM002,Black Toner Cartridge,9,2988.12,26893.08,Net 30,2025-02-25,2025-02-22,East,Rohit Mehta,Closed,On Time
PO202502321,2025-02-20,V015,TalentBridge Consulting,IT,Professional Services,ITM020,Audit Support - Monthly,1,55427.95,55427.95,Net 45,2025-02-26,2025-02-23,East,Vikram Reddy,Closed,On Time
PO202602322,2026-03-21,V013,MarketCraft Communications,Sales & Marketing,Marketing,ITM018,Printed Marketing Materials,3,13648.0,40944.0,Net 30,2026-04-05,2026-04-04,North,Arjun Nair,Closed,On Time
PO202502323,2025-07-29,V007,SecureNet Systems,Finance,Technology,ITM008,Network Switch - 24 Port,5,17472.9,87364.5,Net 30,2025-08-14,2025-08-13,South,Kavya Iyer,Closed,On Time
PO202602324,2026-01-01,V015,TalentBridge Consulting,Human Resources,Professional Services,ITM022,Data Reporting Support - Monthly,3,49710.89,149132.67,Net 30,2026-01-07,2026-01-07,East,Neha Kapoor,Closed,On Time
PO202602325,2026-06-06,V008,FacilityPro Services,Administration,Facilities,ITM013,Electrical Maintenance Service,6,18382.4,110294.4,Net 30,2026-06-21,2026-06-20,North,Meera Joshi,Closed,On Time
PO202502326,2025-07-01,V004,Nexa Technologies,IT,Technology,ITM008,Network Switch - 24 Port,5,16838.27,84191.35,Net 30,2025-07-12,2025-07-12,East,Vikram Reddy,Closed,On Time
PO202502327,2025-04-02,V014,Insight Advisory Services,Administration,Professional Services,ITM020,Audit Support - Monthly,1,51038.41,51038.41,Net 45,2025-04-10,2025-04-09,East,Meera Joshi,Closed,On Time
PO202502328,2025-02-10,V003,Prime Workplace India,Human Resources,Office Supplies,ITM003,Ergonomic Office Chair,8,8555.76,68446.08,Net 45,2025-02-20,2025-02-18,West,Neha Kapoor,Closed,On Time
PO202502329,2025-06-25,V007,SecureNet Systems,Sales & Marketing,Technology,ITM008,Network Switch - 24 Port,2,16841.64,33683.28,Net 30,2025-07-01,2025-06-30,West,Ishita Shah,Closed,On Time
PO202602330,2026-01-13,V001,Apex Office Solutions,Operations,Office Supplies,ITM001,A4 Copier Paper - 500 Sheets,33,240.07,7922.31,Net 30,2026-01-28,2026-01-25,South,Ananya Rao,Closed,On Time
PO202502331,2025-10-11,V016,StratEdge Partners,IT,Professional Services,ITM021,Recruitment Service Fee,1,44434.62,44434.62,Net 45,2025-10-21,2025-10-18,East,Vikram Reddy,Closed,On Time
PO202502332,2025-03-22,V001,Apex Office Solutions,Operations,Office Supplies,ITM003,Ergonomic Office Chair,6,7699.87,46199.22,Net 30,2025-03-30,2025-03-30,North,Rohit Mehta,Closed,On Time
PO202502333,2025-12-27,V004,Nexa Technologies,Sales & Marketing,Technology,ITM005,24-inch Business Monitor,1,10805.33,10805.33,Net 45,2026-01-12,2026-01-09,North,Ishita Shah,Closed,On Time
PO202502334,2025-09-20,V006,CoreTech Solutions,Sales & Marketing,Technology,ITM008,Network Switch - 24 Port,8,15814.07,126512.56,Net 30,2025-09-25,2025-09-23,East,Ishita Shah,Closed,On Time
PO202502335,2025-10-07,V010,SafeGuard Industrial,Operations,Safety,ITM014,Safety Gloves - Box,36,707.66,25475.76,Net 30,2025-10-24,2025-10-21,West,Rohit Mehta,Closed,On Time
PO202502336,2025-06-03,V003,Prime Workplace India,Administration,Office Supplies,ITM003,Ergonomic Office Chair,15,8894.92,133423.8,Net 30,2025-06-18,2025-06-18,West,Meera Joshi,Closed,On Time
PO202602337,2026-01-14,V001,Apex Office Solutions,Administration,Office Supplies,ITM003,Ergonomic Office Chair,11,8311.42,91425.62,Net 45,2026-01-20,2026-01-18,South,Meera Joshi,Closed,On Time
PO202502338,2025-11-03,V007,SecureNet Systems,Human Resources,Technology,ITM004,Wireless Keyboard & Mouse,23,1953.69,44934.87,Net 30,2025-11-21,2025-11-20,North,Neha Kapoor,Closed,On Time
PO202502339,2025-11-28,V003, Prime Workplace India ,Administration,Office Supplies,ITM001,A4 Copier Paper - 500 Sheets,26,287.53,7475.78,Net 45,2025-12-14,2025-12-11,West,Meera Joshi,Closed,On Time
PO202502340,2025-09-13,V001,Apex Office Solutions,Operations,Office Supplies,ITM002,Black Toner Cartridge,5,3107.66,15538.3,Net 60,2025-09-24,2025-09-24,North,Rohit Mehta,Closed,On Time
PO202502341,2025-02-21,V006,CoreTech Solutions,IT,Technology,ITM008,Network Switch - 24 Port,1,16032.15,16032.15,Net 30,2025-03-05,2025-03-03,West,Vikram Reddy,Closed,On Time
PO202502342,2025-05-17,V002,Metro Business Supplies,Sales & Marketing,Office Supplies,ITM001,A4 Copier Paper - 500 Sheets,15,218.75,3281.25,Net 30,2025-05-24,2025-05-24,East,Arjun Nair,Closed,On Time
PO202602343,2026-01-28,V003,Prime Workplace India,Administration,Facilities,ITM013,Electrical Maintenance Service,6,20481.89,122891.34,Net 45,2026-02-06,2026-02-05,East,Meera Joshi,Closed,On Time
PO202502344,2025-01-13,V005,Vertex Digital Systems,Finance,Technology,ITM004,Wireless Keyboard & Mouse,53,1995.6,105766.8,Net 45,2025-01-23,2025-01-20,South,Kavya Iyer,Closed,On Time
PO202602345,2026-04-30,V001,Apex Office Solutions,Sales & Marketing,Office Supplies,ITM002,Black Toner Cartridge,10,3251.65,32516.5,Net 45,2026-05-07,2026-05-07,South,Ishita Shah,Closed,On Time
PO202502346,2025-06-13,V003,Prime Workplace India,Administration,Facilities,ITM010,Printer Maintenance Kit,13,5694.69,74030.97,Net 45,2025-06-19,2025-06-17,East,Meera Joshi,Closed,On Time
PO202502347,2025-05-04,V003,Prime Workplace India,Operations,Facilities,ITM011,Cleaning Supplies Kit,15,1402.41,21036.15,Net 30,2025-05-22,2025-05-22,South,Ananya Rao,Closed,On Time
PO202502348,2025-02-22,V005,Vertex Digital Systems,Sales & Marketing,Technology,ITM009,Annual Software License,7,24680.16,172761.12,Net 30,2025-03-05,2025-03-03,West,Ishita Shah,Closed,On Time
PO202502349,2025-05-08,V007,SecureNet Systems,Human Resources,Technology,ITM006,Business Laptop - Standard,7,62393.83,436756.81,Net 60,2025-05-17,2025-05-17,North,Neha Kapoor,Closed,On Time
PO202502350,2025-04-11,V012,BrightReach Media,Sales & Marketing,Marketing,ITM017,Digital Marketing Campaign,3,41841.99,125525.97,Net 30,2025-04-28,2025-04-27,North,Arjun Nair,Closed,On Time
PO202502351,2025-05-09,V014,Insight Advisory Services,IT,Professional Services,ITM022,Data Reporting Support - Monthly,1,47778.04,47778.04,Net 30,2025-05-24,2025-05-23,West,Vikram Reddy,Closed,On Time
PO202502352,2025-09-17,V006,CoreTech Solutions,Sales & Marketing,Technology,ITM004,Wireless Keyboard & Mouse,6,1687.99,10127.94,Net 45,2025-09-26,2025-09-25,East,Ishita Shah,Closed,On Time
PO202502353,2025-11-06,V007,SecureNet Systems,Sales & Marketing,Technology,ITM007,USB-C Docking Station,8,8776.19,70209.52,Net 45,2025-11-21,2025-11-19,South,Arjun Nair,Closed,On Time
PO202502354,2025-05-29,V001,Apex Office Solutions,Human Resources,Office Supplies,ITM002,Black Toner Cartridge,5,3146.55,15732.75,Net 45,2025-06-04,2025-06-03,East,Neha Kapoor,Closed,On Time
PO202502355,2025-08-28,V002,Metro Business Supplies,Finance,Office Supplies,ITM001,A4 Copier Paper - 500 Sheets,40,220.86,8834.4,Net 60,2025-09-04,2025-09-03,West,Kavya Iyer,Closed,On Time
PO202602356,2026-04-16,V003,Prime Workplace India,Human Resources,Office Supplies,ITM002,Black Toner Cartridge,1,3459.43,3459.43,Net 30,2026-04-25,2026-04-24,East,Neha Kapoor,Closed,On Time
PO202502357,2025-03-22,V001,Apex Office Solutions,Sales & Marketing,Office Supplies,ITM001,A4 Copier Paper - 500 Sheets,32,236.98,7583.36,Net 45,2025-04-06,2025-04-05,West,Ishita Shah,Closed,On Time
PO202502358,2025-09-13,V001,Apex Office Solutions,Human Resources,Office Supplies,ITM002,Black Toner Cartridge,14,3157.04,44198.56,Net 30,2025-09-28,2025-10-07,North,Neha Kapoor,Closed,Late
PO202602359,2026-02-14,V015,TalentBridge Consulting,Finance,Professional Services,ITM022,Data Reporting Support - Monthly,1,50743.35,50743.35,Net 45,2026-02-22,2026-02-22,North,Kavya Iyer,Closed,On Time
PO202502360,2025-09-21,V014,Insight Advisory Services,IT,Professional Services,ITM020,Audit Support - Monthly,1,51655.28,51655.28,Net 45,2025-10-01,2025-09-30,North,Vikram Reddy,Closed,On Time
PO202502361,2025-12-26,V012,BrightReach Media,Sales & Marketing,Marketing,ITM018,Printed Marketing Materials,1,12841.12,12841.12,Net 30,2025-12-31,2025-12-28,South,Arjun Nair,Closed,On Time
PO202602362,2026-03-16,V006,CoreTech Solutions,IT,Technology,ITM006,Business Laptop - Standard,8,52312.05,418496.4,Net 30,2026-03-24,2026-03-23,North,Vikram Reddy,Closed,On Time
PO202502363,2025-06-26,V006,CoreTech Solutions,IT,Technology,ITM005,24-inch Business Monitor,4,10189.16,40756.64,Net 45,2025-07-06,2025-07-04,North,Vikram Reddy,Closed,On Time
PO202502364,2025-05-03,V011,ProSafe Equipment,Operations,Safety,ITM015,Safety Helmet,53,1090.4,57791.2,Net 30,2025-05-21,2025-05-20,North,Ananya Rao,Closed,On Time
PO202602365,2026-05-31,V002,Metro Business Supplies,Administration,Office Supplies,ITM002,Black Toner Cartridge,10,3074.5,30745.0,Net 30,2026-06-09,2026-06-09,South,Meera Joshi,Closed,On Time
PO202502366,2025-11-01,V001,Apex Office Solutions,Human Resources,Office Supplies,ITM003,Ergonomic Office Chair,2,7519.26,15038.52,Net 45,2025-11-14,2025-11-14,South,Neha Kapoor,Closed,On Time
PO202602367,2026-04-04,V006,CoreTech Solutions,Sales & Marketing,Technology,ITM004,Wireless Keyboard & Mouse,39,1699.52,66281.28,Net 30,2026-04-16,2026-04-15,South,Ishita Shah,Closed,On Time
PO202502368,2025-01-12,V001,Apex Office Solutions,Operations,Office Supplies,ITM002,Black Toner Cartridge,8,3112.28,24898.24,Net 30,2025-01-21,2025-01-20,West,Ananya Rao,Closed,On Time
PO202502369,2025-02-14,V001,Apex Office Solutions,Operations,Office Supplies,ITM001,A4 Copier Paper - 500 Sheets,9,243.91,2195.19,Net 30,2025-02-19,2025-02-19,West,Rohit Mehta,Closed,On Time
PO202602370,2026-01-11,V014,Insight Advisory Services,IT,Professional Services,ITM020,Audit Support - Monthly,1,52130.64,52130.64,Net 45,2026-01-26,2026-01-25,North,Vikram Reddy,Closed,On Time
PO202602371,2026-04-21,V009,Urban Maintenance Co.,Operations,Facilities,ITM010,Printer Maintenance Kit,10,5350.23,53502.3,Net 45,2026-05-08,2026-05-05,East,Rohit Mehta,Closed,On Time
PO202602372,2026-03-10,V014,Insight Advisory Services,Human Resources,Professional Services,ITM019,Training Workshop - Per Batch,1,38122.91,38122.91,Net 30,2026-03-17,2026-03-17,West,Neha Kapoor,Closed,On Time
PO202502373,2025-06-14,V012,BrightReach Media,Sales & Marketing,Marketing,ITM017,Digital Marketing Campaign,1,40761.92,40761.92,Net 60,2025-06-24,2025-06-21,South,Ishita Shah,Closed,On Time
PO202502374,2025-08-17,V002,Metro Business Supplies,Sales & Marketing,Office Supplies,ITM001,A4 Copier Paper - 500 Sheets,47,238.72,11219.84,Net 30,2025-08-28,2025-08-28,South,Ishita Shah,Closed,On Time
PO202602375,2026-06-07,V011,ProSafe Equipment,Operations,Safety,ITM014,Safety Gloves - Box,25,689.84,17246.0,Net 30,2026-06-15,2026-06-14,North,Rohit Mehta,Closed,On Time
PO202502376,2025-07-07,V014,Insight Advisory Services,IT,Professional Services,ITM021,Recruitment Service Fee,3,44862.84,134588.52,Net 30,2025-07-17,2025-07-14,South,Vikram Reddy,Closed,On Time
PO202502377,2025-03-18,V010,SafeGuard Industrial,Operations,Safety,ITM016,First Aid Refill Kit,27,2046.69,55260.63,Net 45,2025-03-28,2025-03-26,West,Rohit Mehta,Closed,On Time
PO202502378,2025-10-01,V006,CoreTech Solutions,IT,Technology,ITM007,USB-C Docking Station,12,8444.47,101333.64,Net 30,2025-10-15,2025-10-12,West,Vikram Reddy,Closed,On Time
PO202502379,2025-11-14,V001,Apex Office Solutions,Administration,Office Supplies,ITM001,A4 Copier Paper - 500 Sheets,33,251.78,8308.74,Net 60,2025-11-24,2025-11-24,North,Meera Joshi,Closed,On Time
PO202502380,2025-11-15,V001,Apex Office Solutions,Human Resources,Office Supplies,ITM003,Ergonomic Office Chair,3,8155.63,24466.89,Net 30,2025-11-26,2025-11-24,East,Neha Kapoor,Closed,On Time
PO202502381,2025-09-22,V003,Prime Workplace India,Human Resources,Office Supplies,ITM001,A4 Copier Paper - 500 Sheets,37,274.78,10166.86,Net 30,2025-10-04,2025-10-04,West,Neha Kapoor,Closed,On Time
PO202502382,2025-10-20,V001,Apex Office Solutions,Operations,Office Supplies,ITM002,Black Toner Cartridge,7,3111.31,21779.17,Net 45,2025-11-04,2025-11-01,North,Ananya Rao,Closed,On Time
PO202502383,2025-08-07,V003,Prime Workplace India,Operations,Office Supplies,ITM003,Ergonomic Office Chair,8,8615.17,68921.36,Net 30,2025-08-21,2025-08-20,West,Rohit Mehta,Closed,On Time
PO202602384,2026-04-24,V003,Prime Workplace India,Administration,Office Supplies,ITM001,A4 Copier Paper - 500 Sheets,8,283.77,2270.16,Net 30,2026-04-30,2026-04-28,West,Meera Joshi,Closed,On Time
PO202502385,2025-04-10,V008,FacilityPro Services,Operations,Facilities,ITM012,LED Panel Light,35,1717.28,60104.8,Net 30,2025-04-15,2025-04-21,East,Rohit Mehta,Closed,Late
PO202502386,2025-06-08,V005,Vertex Digital Systems,Human Resources,Technology,ITM007,USB-C Docking Station,13,10068.81,130894.53,Net 30,2025-06-25,2025-06-24,North,Neha Kapoor,Closed,On Time
PO202502387,2025-06-08,V003,Prime Workplace India,Operations,Facilities,ITM012,LED Panel Light,42,1705.44,71628.48,Net 45,2025-06-26,2025-06-26,South,Rohit Mehta,Closed,On Time
PO202502388,2025-01-12,V014,Insight Advisory Services,Finance,Professional Services,ITM020,Audit Support - Monthly,1,50074.67,50074.67,Net 30,2025-01-19,2025-01-17,East,Kavya Iyer,Closed,On Time
PO202502389,2025-11-20,V009,Urban Maintenance Co.,Operations,Facilities,ITM010,Printer Maintenance Kit,13,5122.52,66592.76,Net 30,2025-12-04,2025-12-02,West,Rohit Mehta,Closed,On Time
PO202502390,2025-03-29,V003,Prime Workplace India,Administration,Facilities,ITM012,LED Panel Light,25,1816.15,45403.75,Net 30,2025-04-11,2025-04-08,North,Meera Joshi,Closed,On Time
PO202502391,2025-04-20,V003,Prime Workplace India,Sales & Marketing,Office Supplies,ITM002,Black Toner Cartridge,4,3291.18,13164.72,Net 45,2025-04-27,2025-04-25,North,Arjun Nair,Closed,On Time
PO202502392,2025-06-25,V001,Apex Office Solutions,Operations,Office Supplies,ITM002,Black Toner Cartridge,12,3271.46,39257.52,Net 45,2025-07-10,2025-07-07,North,Rohit Mehta,Closed,On Time
PO202602393,2026-01-02,V014,Insight Advisory Services,IT,Professional Services,ITM022,Data Reporting Support - Monthly,1,47173.44,47173.44,Net 30,2026-01-16,2026-01-15,East,Vikram Reddy,Closed,On Time
PO202502394,2025-02-24,V011,ProSafe Equipment,Operations,Safety,ITM016,First Aid Refill Kit,29,2081.09,60351.61,Net 60,2025-03-05,2025-03-04,East,Rohit Mehta,Closed,On Time
PO202602395,2026-05-24,V011,ProSafe Equipment,Operations,Safety,ITM015,Safety Helmet,46,1133.88,52158.48,Net 30,2026-06-10,2026-06-10,South,Rohit Mehta,Closed,On Time
PO202502396,2025-01-25,V009,Urban Maintenance Co.,Administration,Facilities,ITM012,LED Panel Light,7,1606.61,11246.27,Net 45,2025-01-31,2025-01-31,West,Meera Joshi,Closed,On Time
PO202502397,2025-09-16,V003,Prime Workplace India,Human Resources,Office Supplies,ITM002,Black Toner Cartridge,15,3345.06,50175.9,Net 30,2025-10-03,2025-09-30,South,Neha Kapoor,Closed,On Time
PO202502398,2025-02-28,V006,CoreTech Solutions,Human Resources,Technology,ITM005,24-inch Business Monitor,5,10681.91,53409.55,Net 60,2025-03-08,2025-03-06,West,Neha Kapoor,Closed,On Time
PO202602399,2026-01-02,V009,Urban Maintenance Co.,Administration,Facilities,ITM010,Printer Maintenance Kit,15,5209.63,78144.45,Net 30,2026-01-11,2026-01-09,North,Meera Joshi,Closed,On Time
PO202502400,2025-06-27,V002,Metro Business Supplies,Operations,Office Supplies,ITM002,Black Toner Cartridge,12,2888.23,34658.76,Net 30,2025-07-15,2025-07-14,South,Ananya Rao,Closed,On Time
PO202502401,2025-06-15,V008,FacilityPro Services,Administration,Facilities,ITM011,Cleaning Supplies Kit,31,1308.44,40561.64,Net 45,2025-07-03,2025-07-03,North,Meera Joshi,Closed,On Time
PO202502402,2025-10-12,V004,Nexa Technologies,Human Resources,Technology,ITM006,Business Laptop - Standard,7,55879.74,391158.18,Net 60,2025-10-20,2025-10-20,North,Neha Kapoor,Closed,On Time
PO202502403,2025-05-15,V013,MarketCraft Communications,Sales & Marketing,Marketing,ITM018,Printed Marketing Materials,1,13561.29,13561.29,Net 30,2025-05-29,2025-05-28,East,Ishita Shah,Closed,On Time
PO202502404,2025-07-06,V010,SafeGuard Industrial,Operations,Safety,ITM015,Safety Helmet,57,1193.65,68038.05,Net 30,2025-07-21,2025-07-18,West,Rohit Mehta,Closed,On Time
PO202602405,2026-03-05,V012,BrightReach Media,Sales & Marketing,Marketing,ITM018,Printed Marketing Materials,2,12013.41,24026.82,Net 30,2026-03-10,2026-03-09,West,Ishita Shah,Closed,On Time
PO202602406,2026-06-19,V016,StratEdge Partners,Administration,Professional Services,ITM022,Data Reporting Support - Monthly,1,48579.77,48579.77,Net 30,2026-06-27,2026-06-27,West,Meera Joshi,Closed,On Time
PO202502407,2025-01-27,V010,SafeGuard Industrial,Operations,Safety,ITM016,First Aid Refill Kit,19,2142.32,40704.08,Net 30,2025-02-01,2025-01-30,West,Ananya Rao,Closed,On Time
PO202602408,2026-04-24,V007,SecureNet Systems,IT,Technology,ITM004,Wireless Keyboard & Mouse,17,1915.51,32563.67,Net 30,2026-05-03,2026-05-01,South,Vikram Reddy,Closed,On Time
PO202602409,2026-01-18,V004,Nexa Technologies,IT,Technology,ITM008,Network Switch - 24 Port,1,16611.68,16611.68,Net 30,2026-01-23,2026-01-20,South,Vikram Reddy,Closed,On Time
PO202502410,2025-05-05,V014,Insight Advisory Services,IT,Professional Services,ITM021,Recruitment Service Fee,1,45614.65,45614.65,Net 30,2025-05-19,2025-05-19,West,Vikram Reddy,Closed,On Time
PO202502411,2025-12-26,V004,Nexa Technologies,Human Resources,Technology,ITM004,Wireless Keyboard & Mouse,57,1772.56,101035.92,Net 45,2026-01-08,2026-01-08,South,Neha Kapoor,Closed,On Time
PO202502412,2025-03-10,V010,SafeGuard Industrial,Operations,Safety,ITM015,Safety Helmet,6,1138.15,6828.9,Net 30,2025-03-15,2025-03-12,North,Rohit Mehta,Closed,On Time
PO202502413,2025-11-29,V013,MarketCraft Communications,Sales & Marketing,Marketing,ITM018,Printed Marketing Materials,1,13320.0,13320.0,Net 30,2025-12-04,2025-12-01,West,Ishita Shah,Closed,On Time
PO202602414,2026-02-27,V004,Nexa Technologies,IT,Technology,ITM007,USB-C Docking Station,6,8710.07,52260.42,Net 30,2026-03-05,2026-03-05,West,Vikram Reddy,Closed,On Time
PO202502415,2025-11-12,V016,StratEdge Partners,Administration,Professional Services,ITM021,Recruitment Service Fee,1,43176.65,43176.65,Net 60,2025-11-27,2025-11-25,West,Meera Joshi,Closed,On Time
PO202502416,2025-10-30,V010,SafeGuard Industrial,Operations,Safety,ITM015,Safety Helmet,50,1197.01,59850.5,Net 30,2025-11-16,2025-11-13,South,Rohit Mehta,Closed,On Time
PO202602417,2026-03-06,V014,Insight Advisory Services,IT,Professional Services,ITM021,Recruitment Service Fee,1,45713.41,45713.41,Net 30,2026-03-11,2026-03-08,West,Vikram Reddy,Closed,On Time
PO202602418,2026-06-01,V011,ProSafe Equipment,Operations,Safety,ITM015,Safety Helmet,18,1136.58,20458.44,Net 60,2026-06-13,2026-06-13,North,Ananya Rao,Closed,On Time
PO202502419,2025-04-23,V006,CoreTech Solutions,Finance,Technology,ITM009,Annual Software License,5,21495.7,107478.5,Net 30,2025-05-01,2025-04-28,North,Kavya Iyer,Closed,On Time
PO202502420,2025-01-03,V001,Apex Office Solutions,Sales & Marketing,Office Supplies,ITM001,A4 Copier Paper - 500 Sheets,37,236.71,8758.27,Net 45,2025-01-21,2025-01-18,West,Ishita Shah,Closed,On Time
PO202502421,2025-06-12,V003,Prime Workplace India,Operations,Facilities,ITM013,Electrical Maintenance Service,8,19652.05,157216.4,Net 60,2025-06-19,2025-06-18,South,Ananya Rao,Closed,On Time
PO202502422,2025-12-16,V003,Prime Workplace India,Sales & Marketing,Office Supplies,ITM002,Black Toner Cartridge,4,3270.61,13082.44,Net 30,2025-12-23,2025-12-22,East,Ishita Shah,Closed,On Time
PO202502423,2025-01-21,V003,Prime Workplace India,Sales & Marketing,Office Supplies,ITM001,A4 Copier Paper - 500 Sheets,36,259.54,9343.44,Net 45,2025-02-07,2025-02-04,South,Arjun Nair,Closed,On Time
PO202502424,2025-02-01,V003,Prime Workplace India,Administration,Office Supplies,ITM001,A4 Copier Paper - 500 Sheets,46,276.91,12737.86,Net 30,2025-02-09,2025-02-07,North,Meera Joshi,Closed,On Time
PO202602425,2026-03-28,V008,FacilityPro Services,Operations,Facilities,ITM010,Printer Maintenance Kit,5,5196.1,25980.5,Net 45,2026-04-08,2026-04-06,West,Rohit Mehta,Closed,On Time
PO202502426,2025-10-12,V011,ProSafe Equipment,Operations,Safety,ITM015,Safety Helmet,23,1136.48,26139.04,Net 30,2025-10-20,2025-10-17,East,Ananya Rao,Closed,On Time
PO202602427,2026-04-15,V009,Urban Maintenance Co.,Administration,Facilities,ITM013,Electrical Maintenance Service,1,18328.31,18328.31,Net 45,2026-05-01,2026-04-29,East,Meera Joshi,Closed,On Time
PO202502428,2025-05-05,V006,CoreTech Solutions,Finance,Technology,ITM009,Annual Software License,3,19779.59,59338.77,Net 45,2025-05-17,2025-05-16,North,Kavya Iyer,Closed,On Time
PO202602429,2026-05-31,V001,Apex Office Solutions,Operations,Office Supplies,ITM003,Ergonomic Office Chair,2,7889.51,15779.02,Net 45,2026-06-15,2026-06-14,West,Ananya Rao,Closed,On Time
PO202502430,2025-11-18,V003,Prime Workplace India,Operations,Facilities,ITM010,Printer Maintenance Kit,11,6051.22,66563.42,Net 30,2025-12-04,2025-12-17,North,Rohit Mehta,Closed,Late
PO202602431,2026-03-06,V006,CoreTech Solutions,IT,Technology,ITM006,Business Laptop - Standard,2,54300.12,108600.24,Net 30,2026-03-22,2026-03-19,North,Vikram Reddy,Closed,On Time
PO202602432,2026-03-04,V006,CoreTech Solutions,IT,Technology,ITM004,Wireless Keyboard & Mouse,24,1740.22,41765.28,Net 30,2026-03-14,2026-03-11,East,Vikram Reddy,Closed,On Time
PO202602433,2026-03-20,V003,Prime Workplace India,Administration,Facilities,ITM013,Electrical Maintenance Service,1,19631.71,19631.71,Net 45,2026-04-02,2026-03-31,West,Meera Joshi,Closed,On Time
PO202502434,2025-11-15,V002,Metro Business Supplies,Finance,Office Supplies,ITM001,A4 Copier Paper - 500 Sheets,41,220.01,9020.41,Net 30,2025-11-29,2025-11-26,East,Kavya Iyer,Closed,On Time
PO202602435,2026-04-25,V004,Nexa Technologies,IT,Technology,ITM005,24-inch Business Monitor,6,10613.03,63678.18,Net 30,2026-05-11,2026-05-22,East,Vikram Reddy,Closed,Late
PO202602436,2026-06-23,V006,CoreTech Solutions,IT,Technology,ITM004,Wireless Keyboard & Mouse,24,1688.73,40529.52,Net 30,2026-07-04,,West,Vikram Reddy,Open,Open
PO202502437,2025-09-21,V010,SafeGuard Industrial,Operations,Safety,ITM016,First Aid Refill Kit,20,2144.33,42886.6,Net 30,2025-09-29,2025-09-29,South,Rohit Mehta,Closed,On Time
PO202502438,2025-01-22,V005,Vertex Digital Systems,Finance,Technology,ITM006,Business Laptop - Standard,6,63485.4,380912.4,Net 30,2025-01-29,2025-01-27,East,Kavya Iyer,Closed,On Time
PO202502439,2025-12-18,V011,ProSafe Equipment,Operations,Safety,ITM015,Safety Helmet,50,1082.86,54143.0,Net 60,2025-12-31,2025-12-31,West,Rohit Mehta,Closed,On Time
PO202502440,2025-12-03,V016,StratEdge Partners,Human Resources,Professional Services,ITM022,Data Reporting Support - Monthly,1,45734.48,45734.48,Net 45,2025-12-20,2025-12-18,East,Neha Kapoor,Closed,On Time
PO202502441,2025-03-11,V013,MarketCraft Communications,Sales & Marketing,Marketing,ITM018,Printed Marketing Materials,1,13679.0,13679.0,Net 45,2025-03-27,2025-03-27,East,Arjun Nair,Closed,On Time
PO202502442,2025-11-10,V001,Apex Office Solutions,Human Resources,Office Supplies,ITM003,Ergonomic Office Chair,11,8050.8,88558.8,Net 30,2025-11-23,2025-11-20,North,Neha Kapoor,Closed,On Time
PO202602443,2026-04-14,V003,Prime Workplace India,Sales & Marketing,Office Supplies,ITM003,Ergonomic Office Chair,14,8048.67,112681.38,Net 45,2026-04-19,2026-04-16,South,Ishita Shah,Closed,On Time
PO202502444,2025-07-12,V007,SecureNet Systems,IT,Technology,ITM004,Wireless Keyboard & Mouse,60,1832.61,109956.6,Net 45,2025-07-29,2025-07-29,North,Vikram Reddy,Closed,On Time
PO202602445,2026-01-27,V006,CoreTech Solutions,Finance,Technology,ITM006,Business Laptop - Standard,1,51981.77,51981.77,Net 30,2026-02-02,2026-01-30,West,Kavya Iyer,Closed,On Time
PO202502446,2025-12-28,V001,Apex Office Solutions,Operations,Office Supplies,ITM003,Ergonomic Office Chair,4,7578.02,30312.08,Net 30,2026-01-12,2026-01-10,South,Rohit Mehta,Closed,On Time
PO202502447,2025-11-18,V014,Insight Advisory Services,Administration,Professional Services,ITM021,Recruitment Service Fee,1,44308.3,44308.3,Net 30,2025-11-23,2025-11-21,West,Meera Joshi,Closed,On Time
PO202502448,2025-02-20,V004,Nexa Technologies,Human Resources,Technology,ITM008,Network Switch - 24 Port,3,17090.3,51270.9,Net 45,2025-03-05,2025-03-16,East,Neha Kapoor,Closed,Late
PO202502449,2025-05-24,V001,Apex Office Solutions,Operations,Office Supplies,ITM001,A4 Copier Paper - 500 Sheets,34,248.87,8461.58,Net 30,2025-06-05,2025-06-04,North,Ananya Rao,Closed,On Time
PO202602450,2026-05-16,V005,Vertex Digital Systems,Sales & Marketing,Technology,ITM007,USB-C Docking Station,7,9450.07,66150.49,Net 30,2026-05-22,2026-05-19,West,Ishita Shah,Closed,On Time
PO202502451,2025-11-25,V009,Urban Maintenance Co.,Administration,Facilities,ITM013,Electrical Maintenance Service,7,17336.87,121358.09,Net 60,2025-12-06,2025-12-04,West,Meera Joshi,Closed,On Time
PO202502452,2025-05-11,V011,ProSafe Equipment,Operations,Safety,ITM014,Safety Gloves - Box,27,715.84,19327.68,Net 30,2025-05-16,2025-05-16,North,Ananya Rao,Closed,On Time
PO202502453,2025-09-13,V015,TalentBridge Consulting,Human Resources,Professional Services,ITM021,Recruitment Service Fee,2,49619.8,99239.6,Net 45,2025-09-25,2025-09-25,South,Neha Kapoor,Closed,On Time
PO202502454,2025-04-23,V006,CoreTech Solutions,Human Resources,Technology,ITM005,24-inch Business Monitor,6,10506.69,63040.14,Net 60,2025-05-05,2025-05-05,West,Neha Kapoor,Closed,On Time
PO202502455,2025-04-02,V006,CoreTech Solutions,IT,Technology,ITM004,Wireless Keyboard & Mouse,59,1723.16,101666.44,Net 45,2025-04-17,2025-04-15,South,Vikram Reddy,Closed,On Time
PO202502456,2025-07-14,V003,Prime Workplace India,Administration,Facilities,ITM012,LED Panel Light,15,1728.29,25924.35,Net 45,2025-07-30,2025-07-27,North,Meera Joshi,Closed,On Time
PO202502457,2025-01-08,V003,Prime Workplace India,Human Resources,Office Supplies,ITM001,A4 Copier Paper - 500 Sheets,30,274.26,8227.8,Net 30,2025-01-24,2025-01-22,South,Neha Kapoor,Closed,On Time
PO202502458,2025-11-24,V010,SafeGuard Industrial,Operations,Safety,ITM014,Safety Gloves - Box,18,747.24,13450.32,Net 30,2025-11-29,2025-12-10,South,Rohit Mehta,Closed,Late
PO202502459,2025-08-05,V011,ProSafe Equipment,Operations,Safety,ITM016,First Aid Refill Kit,35,2031.08,71087.8,Net 30,2025-08-17,2025-08-15,East,Ananya Rao,Closed,On Time
PO202602460,2026-05-06,V014,Insight Advisory Services,IT,Professional Services,ITM019,Training Workshop - Per Batch,2,37417.82,74835.64,Net 45,2026-05-21,2026-05-20,East,Vikram Reddy,Closed,On Time
PO202602461,2026-06-26,V005,Vertex Digital Systems,IT,Technology,ITM006,Business Laptop - Standard,4,62988.8,251955.2,Net 30,2026-07-06,2026-07-04,South,Vikram Reddy,Closed,On Time
PO202602462,2026-05-27,V016,StratEdge Partners,IT,Professional Services,ITM021,Recruitment Service Fee,2,43508.35,87016.7,Net 60,2026-06-01,2026-06-13,West,Vikram Reddy,Closed,Late
PO202502463,2025-06-07,V015,TalentBridge Consulting,IT,Professional Services,ITM021,Recruitment Service Fee,3,46170.97,138512.91,Net 30,2025-06-14,2025-06-13,North,Vikram Reddy,Closed,On Time
PO202502464,2025-12-28,V004,Nexa Technologies,Sales & Marketing,Technology,ITM009,Annual Software License,4,22440.41,89761.64,Net 30,2026-01-09,2026-01-09,North,Arjun Nair,Closed,On Time
PO202602465,2026-03-16,V010,SafeGuard Industrial,Operations,Safety,ITM015,Safety Helmet,55,1123.14,61772.7,Net 30,2026-03-28,2026-03-27,West,Rohit Mehta,Closed,On Time
PO202502466,2025-06-02,V001,Apex Office Solutions,Administration,Office Supplies,ITM003,Ergonomic Office Chair,6,8389.23,50335.38,Net 45,2025-06-07,2025-06-05,West,Meera Joshi,Closed,On Time
PO202502467,2025-01-27,V006,CoreTech Solutions,Human Resources,Technology,ITM009,Annual Software License,1,20261.2,20261.2,Net 45,2025-02-09,2025-02-08,North,Neha Kapoor,Closed,On Time
PO202602468,2026-02-17,V013,MarketCraft Communications,Sales & Marketing,Marketing,ITM018,Printed Marketing Materials,2,13584.5,27169.0,Net 45,2026-02-28,2026-02-25,West,Ishita Shah,Closed,On Time
PO202502469,2025-11-13,V002,Metro Business Supplies,Human Resources,Office Supplies,ITM003,Ergonomic Office Chair,1,7554.95,7554.95,Net 30,2025-11-26,2025-11-25,East,Neha Kapoor,Closed,On Time
PO202602470,2026-01-22,V006,CoreTech Solutions,IT,Technology,ITM005,24-inch Business Monitor,6,10498.02,62988.12,Net 30,2026-02-03,2026-02-02,North,Vikram Reddy,Closed,On Time
PO202502471,2025-06-19,V010,SafeGuard Industrial,Operations,Safety,ITM015,Safety Helmet,48,1135.16,54487.68,Net 60,2025-07-04,2025-07-02,East,Rohit Mehta,Closed,On Time
PO202602472,2026-02-12,V014,Insight Advisory Services,Finance,Professional Services,ITM022,Data Reporting Support - Monthly,2,46288.21,92576.42,Net 30,2026-03-02,2026-03-01,East,Kavya Iyer,Closed,On Time
PO202502473,2025-06-23,V016,StratEdge Partners,Finance,Professional Services,ITM019,Training Workshop - Per Batch,3,37642.03,112926.09,Net 45,2025-07-03,2025-07-11,North,Kavya Iyer,Closed,Late
PO202502474,2025-03-30,V003,Prime Workplace India,Finance,Office Supplies,ITM003,Ergonomic Office Chair,11,8183.31,90016.41,Net 30,2025-04-07,2025-04-06,South,Kavya Iyer,Closed,On Time
PO202502475,2025-07-15,V002,Metro Business Supplies,Human Resources,Office Supplies,ITM001,A4 Copier Paper - 500 Sheets,18,234.94,4228.92,Net 45,2025-07-27,2025-07-26,South,Neha Kapoor,Closed,On Time
PO202502476,2025-06-11,V004,Nexa Technologies,IT,Technology,ITM007,USB-C Docking Station,6,8766.53,52599.18,Net 30,2025-06-18,2025-06-30,South,Vikram Reddy,Closed,Late
PO202502477,2025-06-05,V002,Metro Business Supplies,Administration,Office Supplies,ITM002,Black Toner Cartridge,11,3172.7,34899.7,Net 45,2025-06-11,2025-06-11,West,Meera Joshi,Closed,On Time
PO202502478,2025-06-21,V002,Metro Business Supplies,Operations,Office Supplies,ITM003,Ergonomic Office Chair,3,7242.25,21726.75,Net 45,2025-06-26,2025-06-25,South,Ananya Rao,Closed,On Time
PO202602479,2026-04-13,V006,CoreTech Solutions,Finance,Technology,ITM009,Annual Software License,1,19670.38,19670.38,Net 45,2026-04-29,2026-05-10,South,Kavya Iyer,Closed,Late
PO202502480,2025-11-13,V003,Prime Workplace India,Finance,Office Supplies,ITM003,Ergonomic Office Chair,6,8373.43,50240.58,Net 30,2025-11-19,2025-11-16,South,Kavya Iyer,Closed,On Time
PO202602481,2026-04-09,V003,Prime Workplace India,Sales & Marketing,Office Supplies,ITM001,A4 Copier Paper - 500 Sheets,8,271.57,2172.56,Net 60,2026-04-14,2026-04-14,West,Ishita Shah,Closed,On Time
PO202502482,2025-04-27,V002,Metro Business Supplies,Operations,Office Supplies,ITM002,Black Toner Cartridge,6,2815.65,16893.9,Net 30,2025-05-15,2025-05-14,South,Ananya Rao,Closed,On Time
PO202502483,2025-12-25,V001,Apex Office Solutions,Human Resources,Office Supplies,ITM002,Black Toner Cartridge,15,3270.35,49055.25,Net 30,2026-01-01,2026-01-01,East,Neha Kapoor,Closed,On Time
PO202502484,2025-10-25,V014,Insight Advisory Services,Administration,Professional Services,ITM020,Audit Support - Monthly,1,51727.79,51727.79,Net 30,2025-10-31,2025-10-31,South,Meera Joshi,Closed,On Time
PO202502485,2025-01-08,V001,Apex Office Solutions,Operations,Office Supplies,ITM003,Ergonomic Office Chair,3,7668.13,23004.39,Net 30,2025-01-19,2025-01-19,South,Rohit Mehta,Closed,On Time
PO202502486,2025-03-27,V015,TalentBridge Consulting,IT,Professional Services,ITM020,Audit Support - Monthly,1,53030.07,53030.07,Net 45,2025-04-06,2025-04-06,North,Vikram Reddy,Closed,On Time
PO202502487,2025-03-04,V003,Prime Workplace India,Operations,Facilities,ITM012,LED Panel Light,25,1736.11,43402.75,Net 60,2025-03-11,2025-03-08,East,Ananya Rao,Closed,On Time
PO202602488,2026-06-01,V015,TalentBridge Consulting,Human Resources,Professional Services,ITM019,Training Workshop - Per Batch,1,40695.77,40695.77,Net 30,2026-06-06,2026-06-03,North,Neha Kapoor,Closed,On Time
PO202502489,2025-08-26,V006,CoreTech Solutions,IT,Technology,ITM004,Wireless Keyboard & Mouse,15,1640.92,24613.8,Net 30,2025-09-07,2025-09-04,West,Vikram Reddy,Closed,On Time
PO202502490,2025-01-27,V004,Nexa Technologies,IT,Technology,ITM005,24-inch Business Monitor,3,10643.59,31930.77,Net 30,2025-02-02,2025-01-31,West,Vikram Reddy,Closed,On Time
PO202502491,2025-02-01,V012,BrightReach Media,Sales & Marketing,Marketing,ITM018,Printed Marketing Materials,2,12340.7,24681.4,Net 30,2025-02-11,2025-02-23,North,Ishita Shah,Closed,Late
PO202502492,2025-03-21,V005,Vertex Digital Systems,Human Resources,Technology,ITM007,USB-C Docking Station,13,9531.72,123912.36,Net 60,2025-04-08,2025-04-05,East,Neha Kapoor,Closed,On Time
PO202502493,2025-04-02,V008,FacilityPro Services,Administration,Facilities,ITM010,Printer Maintenance Kit,1,5504.88,5504.88,Net 60,2025-04-11,2025-04-11,South,Meera Joshi,Closed,On Time
PO202502494,2025-05-08,V015, TalentBridge Consulting ,IT,Professional Services,ITM021,Recruitment Service Fee,2,47937.85,95875.7,Net 45,2025-05-20,2025-05-20,North,Vikram Reddy,Closed,On Time
PO202502495,2025-10-02,V004,Nexa Technologies,IT,Technology,ITM007,USB-C Docking Station,2,8493.44,16986.88,Net 30,2025-10-14,2025-10-12,East,Vikram Reddy,Closed,On Time
PO202502496,2025-02-11,V001,Apex Office Solutions,Operations,Office Supplies,ITM003,Ergonomic Office Chair,6,7982.19,47893.14,Net 30,2025-02-19,2025-02-18,West,Rohit Mehta,Closed,On Time
PO202502497,2025-03-02,V006,CoreTech Solutions,Finance,Technology,ITM009,Annual Software License,8,20636.56,165092.48,Net 30,2025-03-19,2025-04-01,West,Kavya Iyer,Closed,Late
PO202502498,2025-06-25,V002,Metro Business Supplies,Administration,Office Supplies,ITM001,A4 Copier Paper - 500 Sheets,35,239.24,8373.4,Net 45,2025-07-10,2025-07-09,North,Meera Joshi,Closed,On Time
PO202502499,2025-09-06,V015,TalentBridge Consulting,Human Resources,Professional Services,ITM020,Audit Support - Monthly,1,56883.39,56883.39,Net 30,2025-09-23,2025-09-21,East,Neha Kapoor,Closed,On Time
PO202502500,2025-08-27,V015,TalentBridge Consulting,IT,Professional Services,ITM020,Audit Support - Monthly,3,55905.62,167716.86,Net 30,2025-09-12,2025-09-09,West,Vikram Reddy,Closed,On Time
PO202502501,2025-09-12,V003,Prime Workplace India,Administration,Office Supplies,ITM001,A4 Copier Paper - 500 Sheets,29,289.15,8385.35,Net 30,2025-09-27,2025-09-27,West,Meera Joshi,Closed,On Time
PO202502502,2025-10-04,V010,SafeGuard Industrial,Operations,Safety,ITM014,Safety Gloves - Box,17,724.18,12311.06,Net 30,2025-10-13,2025-10-11,East,Ananya Rao,Closed,On Time
PO202602503,2026-02-15,V014,Insight Advisory Services,Administration,Professional Services,ITM022,Data Reporting Support - Monthly,1,47018.08,47018.08,Net 30,2026-02-27,2026-03-05,North,Meera Joshi,Closed,Late
PO202502504,2025-11-10,V001,Apex Office Solutions,Administration,Office Supplies,ITM001,A4 Copier Paper - 500 Sheets,21,260.23,5464.83,Net 30,2025-11-24,2025-11-22,North,Meera Joshi,Closed,On Time
PO202502505,2025-03-24,V007,SecureNet Systems,Sales & Marketing,Technology,ITM005,24-inch Business Monitor,7,11756.95,82298.65,Net 30,2025-04-01,2025-03-30,South,Arjun Nair,Closed,On Time
PO202602506,2026-02-22,V003,Prime Workplace India,Sales & Marketing,Office Supplies,ITM001,A4 Copier Paper - 500 Sheets,23,267.25,6146.75,Net 30,2026-03-01,2026-02-26,East,Arjun Nair,Closed,On Time
PO202502507,2025-11-27,V014,Insight Advisory Services,Administration,Professional Services,ITM022,Data Reporting Support - Monthly,1,48867.04,48867.04,Net 30,2025-12-07,2025-12-07,North,Meera Joshi,Closed,On Time
PO202502508,2025-09-25,V001,Apex Office Solutions,Administration,Office Supplies,ITM003,Ergonomic Office Chair,15,8144.11,122161.65,Net 30,2025-10-09,2025-10-08,East,Meera Joshi,Closed,On Time
PO202502509,2025-09-24,V002,Metro Business Supplies,Operations,Office Supplies,ITM001,A4 Copier Paper - 500 Sheets,21,220.62,4633.02,Net 45,2025-10-05,2025-10-04,East,Ananya Rao,Closed,On Time
PO202502510,2025-11-12,V011,ProSafe Equipment,Operations,Safety,ITM014,Safety Gloves - Box,5,695.54,3477.7,Net 30,2025-11-23,2025-11-20,South,Rohit Mehta,Closed,On Time
PO202602511,2026-02-28,V016,StratEdge Partners,Human Resources,Professional Services,ITM019,Training Workshop - Per Batch,1,35873.37,35873.37,Net 30,2026-03-13,2026-03-13,South,Neha Kapoor,Closed,On Time
PO202502512,2025-09-30,V001,Apex Office Solutions,Finance,Office Supplies,ITM001,A4 Copier Paper - 500 Sheets,5,238.83,1194.15,Net 30,2025-10-07,2025-10-06,South,Kavya Iyer,Closed,On Time
PO202602513,2026-05-08,V016,StratEdge Partners,Administration,Professional Services,ITM022,Data Reporting Support - Monthly,3,48729.77,146189.31,Net 60,2026-05-16,2026-05-16,South,Meera Joshi,Closed,On Time
PO202502514,2025-03-23,V014,Insight Advisory Services,IT,Professional Services,ITM020,Audit Support - Monthly,3,53900.19,161700.57,Net 30,2025-04-03,2025-03-31,North,Vikram Reddy,Closed,On Time
PO202502515,2025-03-11,V014,Insight Advisory Services,Finance,Professional Services,ITM020,Audit Support - Monthly,2,49984.77,99969.54,Net 30,2025-03-19,2025-03-18,East,Kavya Iyer,Closed,On Time
PO202502516,2025-12-29,V011,ProSafe Equipment,Operations,Safety,ITM015,Safety Helmet,43,1118.48,48094.64,Net 45,2026-01-07,2026-01-05,East,Ananya Rao,Closed,On Time
PO202602517,2026-05-31,V008,FacilityPro Services,Operations,Facilities,ITM012,LED Panel Light,47,1669.36,78459.92,Net 30,2026-06-18,2026-06-17,East,Ananya Rao,Closed,On Time
PO202602518,2026-04-26,V013,MarketCraft Communications,Sales & Marketing,Marketing,ITM018,Printed Marketing Materials,3,13948.99,41846.97,Net 45,2026-05-02,2026-04-30,West,Arjun Nair,Closed,On Time
PO202502519,2025-08-31,V006,CoreTech Solutions,IT,Technology,ITM005,24-inch Business Monitor,7,10488.33,73418.31,Net 30,2025-09-14,2025-09-11,South,Vikram Reddy,Closed,On Time
PO202502520,2025-08-05,V016,StratEdge Partners,IT,Professional Services,ITM019,Training Workshop - Per Batch,1,36469.24,36469.24,Net 30,2025-08-22,2025-08-22,North,Vikram Reddy,Closed,On Time
PO202602521,2026-02-03,V009,Urban Maintenance Co.,Operations,Facilities,ITM012,LED Panel Light,55,1595.68,87762.4,Net 45,2026-02-10,2026-02-08,South,Rohit Mehta,Closed,On Time
PO202502522,2025-08-28,V016,StratEdge Partners,Human Resources,Professional Services,ITM020,Audit Support - Monthly,2,51331.87,102663.74,Net 30,2025-09-14,2025-09-12,East,Neha Kapoor,Closed,On Time
PO202502523,2025-11-27,V009,Urban Maintenance Co.,Operations,Facilities,ITM012,LED Panel Light,26,1627.55,42316.3,Net 60,2025-12-03,2025-12-01,North,Rohit Mehta,Closed,On Time
PO202502524,2025-02-22,V007,SecureNet Systems,Sales & Marketing,Technology,ITM005,24-inch Business Monitor,3,11842.95,35528.85,Net 30,2025-03-08,2025-03-05,West,Arjun Nair,Closed,On Time
PO202602525,2026-02-11,V004,Nexa Technologies,IT,Technology,ITM005,24-inch Business Monitor,6,10758.31,64549.86,Net 30,2026-02-20,2026-02-22,North,Vikram Reddy,Closed,Late
PO202502526,2025-12-17,V001,Apex Office Solutions,Operations,Office Supplies,ITM002,Black Toner Cartridge,6,3183.96,19103.76,Net 45,2025-12-29,2025-12-28,North,Ananya Rao,Closed,On Time
PO202602527,2026-05-09,V001,Apex Office Solutions,Finance,Office Supplies,ITM003,Ergonomic Office Chair,3,7537.37,22612.11,Net 30,2026-05-25,2026-05-24,South,Kavya Iyer,Closed,On Time
PO202502528,2025-05-25,V007,SecureNet Systems,IT,Technology,ITM006,Business Laptop - Standard,8,57692.58,461540.64,Net 30,2025-06-07,2025-06-04,West,Vikram Reddy,Closed,On Time
PO202602529,2026-06-04,V010,SafeGuard Industrial,Operations,Safety,ITM014,Safety Gloves - Box,56,750.76,42042.56,Net 30,2026-06-15,2026-06-20,West,Ananya Rao,Closed,Late
PO202502530,2025-10-26,V006,CoreTech Solutions,Sales & Marketing,Technology,ITM005,24-inch Business Monitor,7,10522.13,73654.91,Net 45,2025-10-31,2025-10-31,West,Arjun Nair,Closed,On Time
PO202502531,2025-08-16,V013,MarketCraft Communications,Sales & Marketing,Marketing,ITM017,Digital Marketing Campaign,3,44629.81,133889.43,Net 45,2025-08-24,2025-08-21,East,Ishita Shah,Closed,On Time
PO202602532,2026-04-11,V014,Insight Advisory Services,Human Resources,Professional Services,ITM022,Data Reporting Support - Monthly,1,47585.93,47585.93,Net 30,2026-04-25,2026-04-24,South,Neha Kapoor,Closed,On Time
PO202502533,2025-09-14,V007,SecureNet Systems,IT,Technology,ITM004,Wireless Keyboard & Mouse,44,1835.25,80751.0,Net 30,2025-09-22,2025-09-20,South,Vikram Reddy,Closed,On Time
PO202502534,2025-03-26,V007,SecureNet Systems,IT,Technology,ITM006,Business Laptop - Standard,6,60075.87,360455.22,Net 30,2025-04-11,2025-04-08,East,Vikram Reddy,Closed,On Time
PO202502535,2025-01-18,V014,Insight Advisory Services,IT,Professional Services,ITM019,Training Workshop - Per Batch,1,37442.53,37442.53,Net 45,2025-01-28,2025-01-28,North,Vikram Reddy,Closed,On Time
PO202602536,2026-06-04,V008,FacilityPro Services,Operations,Facilities,ITM012,LED Panel Light,21,1620.34,34027.14,Net 30,2026-06-19,2026-06-16,West,Rohit Mehta,Closed,On Time
PO202502537,2025-02-24,V014,Insight Advisory Services,Finance,Professional Services,ITM020,Audit Support - Monthly,1,53040.14,53040.14,Net 30,2025-03-04,2025-03-02,West,Kavya Iyer,Closed,On Time
PO202502538,2025-06-14,V008,FacilityPro Services,Operations,Facilities,ITM010,Printer Maintenance Kit,12,5616.7,67400.4,Net 45,2025-06-28,2025-06-26,North,Ananya Rao,Closed,On Time
PO202502539,2025-12-08,V011,ProSafe Equipment,Operations,Safety,ITM016,First Aid Refill Kit,57,1971.5,112375.5,Net 60,2025-12-19,2025-12-17,East,Rohit Mehta,Closed,On Time
PO202502540,2025-11-26,V005,Vertex Digital Systems,IT,Technology,ITM004,Wireless Keyboard & Mouse,15,2092.24,31383.6,Net 30,2025-12-05,2025-12-02,North,Vikram Reddy,Closed,On Time
PO202502541,2025-09-19,V002,Metro Business Supplies,Operations,Office Supplies,ITM003,Ergonomic Office Chair,10,7461.38,74613.8,Net 30,2025-10-04,2025-10-04,North,Rohit Mehta,Closed,On Time
PO202502542,2025-08-22,V011,ProSafe Equipment,Operations,Safety,ITM015,Safety Helmet,37,1121.85,41508.45,Net 45,2025-09-07,2025-09-21,South,Rohit Mehta,Closed,Late
PO202602543,2026-05-23,V015,TalentBridge Consulting,IT,Professional Services,ITM019,Training Workshop - Per Batch,1,39052.51,39052.51,Net 45,2026-05-31,2026-05-31,West,Vikram Reddy,Closed,On Time
PO202502544,2025-12-25,V014,Insight Advisory Services,IT,Professional Services,ITM021,Recruitment Service Fee,3,43925.69,131777.07,Net 60,2026-01-10,2026-01-09,East,Vikram Reddy,Closed,On Time
PO202602545,2026-05-30,V008,FacilityPro Services,Operations,Facilities,ITM010,Printer Maintenance Kit,9,5613.87,50524.83,Net 45,2026-06-12,2026-06-10,South,Rohit Mehta,Closed,On Time
PO202602546,2026-03-03,V007,SecureNet Systems,Human Resources,Technology,ITM008,Network Switch - 24 Port,4,17962.5,71850.0,Net 30,2026-03-14,2026-03-13,East,Neha Kapoor,Closed,On Time
PO202502547,2025-12-16,V001,Apex Office Solutions,Human Resources,Office Supplies,ITM003,Ergonomic Office Chair,2,8094.26,16188.52,Net 30,2025-12-24,2025-12-22,West,Neha Kapoor,Closed,On Time
PO202502548,2025-05-15,V001,Apex Office Solutions,Human Resources,Office Supplies,ITM003,Ergonomic Office Chair,7,7765.24,54356.68,Net 60,2025-05-21,2025-05-21,East,Neha Kapoor,Closed,On Time
PO202502549,2025-11-16,V015,TalentBridge Consulting,IT,Professional Services,ITM022,Data Reporting Support - Monthly,3,51251.6,153754.8,Net 45,2025-12-03,2025-11-30,South,Vikram Reddy,Closed,On Time
PO202502550,2025-08-18,V010,SafeGuard Industrial,Operations,Safety,ITM014,Safety Gloves - Box,41,711.52,29172.32,Net 45,2025-09-05,2025-09-04,South,Rohit Mehta,Closed,On Time
PO202502551,2025-09-14,V002,Metro Business Supplies,Operations,Office Supplies,ITM001,A4 Copier Paper - 500 Sheets,50,227.05,11352.5,Net 30,2025-10-01,2025-10-10,South,Ananya Rao,Closed,Late
PO202502552,2025-09-07,V005,Vertex Digital Systems,IT,Technology,ITM008,Network Switch - 24 Port,7,17983.08,125881.56,Net 30,2025-09-12,2025-09-11,South,Vikram Reddy,Closed,On Time
PO202502553,2025-07-13,V001,Apex Office Solutions,Sales & Marketing,Office Supplies,ITM003,Ergonomic Office Chair,7,7807.25,54650.75,Net 45,2025-07-27,2025-07-26,North,Arjun Nair,Closed,On Time
PO202502554,2025-02-06,V014,Insight Advisory Services,IT,Professional Services,ITM020,Audit Support - Monthly,1,53441.22,53441.22,Net 30,2025-02-23,2025-02-20,East,Vikram Reddy,Closed,On Time
PO202502555,2025-11-29,V014,Insight Advisory Services,IT,Professional Services,ITM022,Data Reporting Support - Monthly,1,48485.33,48485.33,Net 45,2025-12-04,2025-12-04,East,Vikram Reddy,Closed,On Time
PO202502556,2025-03-10,V011,ProSafe Equipment,Operations,Safety,ITM016,First Aid Refill Kit,11,2042.71,22469.81,Net 30,2025-03-25,2025-03-25,South,Ananya Rao,Closed,On Time
PO202602557,2026-02-05,V014,Insight Advisory Services,Human Resources,Professional Services,ITM021,Recruitment Service Fee,1,45253.83,45253.83,Net 45,2026-02-12,2026-02-10,North,Neha Kapoor,Closed,On Time
PO202502558,2025-01-11,V009,Urban Maintenance Co.,Administration,Facilities,ITM010,Printer Maintenance Kit,10,5288.23,52882.3,Net 45,2025-01-20,2025-01-20,East,Meera Joshi,Closed,On Time
PO202502559,2025-08-12,V004,Nexa Technologies,IT,Technology,ITM009,Annual Software License,6,22577.97,135467.82,Net 60,2025-08-19,2025-08-16,North,Vikram Reddy,Closed,On Time
PO202502560,2025-12-17,V005,Vertex Digital Systems,IT,Technology,ITM004,Wireless Keyboard & Mouse,40,2008.23,80329.2,Net 30,2025-12-22,2025-12-22,East,Vikram Reddy,Closed,On Time
PO202502561,2025-06-05,V008,FacilityPro Services,Administration,Facilities,ITM010,Printer Maintenance Kit,12,5261.75,63141.0,Net 30,2025-06-19,2025-06-18,West,Meera Joshi,Closed,On Time
PO202502562,2025-03-17,V014,Insight Advisory Services,Finance,Professional Services,ITM022,Data Reporting Support - Monthly,1,47238.83,47238.83,Net 30,2025-03-25,2025-03-25,North,Kavya Iyer,Closed,On Time
PO202502563,2025-05-21,V003,Prime Workplace India,Administration,Office Supplies,ITM003,Ergonomic Office Chair,2,9090.74,18181.48,Net 45,2025-06-08,2025-06-06,South,Meera Joshi,Closed,On Time
PO202502564,2025-11-09,V015,TalentBridge Consulting,Finance,Professional Services,ITM020,Audit Support - Monthly,1,56609.41,56609.41,Net 30,2025-11-25,2025-11-22,East,Kavya Iyer,Closed,On Time
PO202502565,2025-03-20,V011,ProSafe Equipment,Operations,Safety,ITM016,First Aid Refill Kit,26,1976.83,51397.58,Net 45,2025-03-25,2025-03-25,South,Rohit Mehta,Closed,On Time
PO202602566,2026-03-31,V002,Metro Business Supplies,Operations,Office Supplies,ITM003,Ergonomic Office Chair,13,7599.06,98787.78,Net 30,2026-04-17,2026-04-16,South,Ananya Rao,Closed,On Time
PO202502567,2025-10-19,V012,BrightReach Media,Sales & Marketing,Marketing,ITM018,Printed Marketing Materials,1,12632.16,12632.16,Net 45,2025-11-03,2025-11-03,East,Arjun Nair,Closed,On Time
PO202602568,2026-03-25,V007,SecureNet Systems,IT,Technology,ITM005,24-inch Business Monitor,2,11699.04,23398.08,Net 30,2026-03-31,2026-03-28,East,Vikram Reddy,Closed,On Time
PO202502569,2025-08-14,V001,Apex Office Solutions,Administration,Office Supplies,ITM003,Ergonomic Office Chair,5,8156.97,40784.85,Net 30,2025-08-27,2025-08-24,East,Meera Joshi,Closed,On Time
PO202502570,2025-01-03,V016,StratEdge Partners,IT,Professional Services,ITM022,Data Reporting Support - Monthly,1,48213.32,48213.32,Net 30,2025-01-17,2025-01-14,North,Vikram Reddy,Closed,On Time
PO202602571,2026-04-07,V015,TalentBridge Consulting,Finance,Professional Services,ITM021,Recruitment Service Fee,1,45816.2,45816.2,Net 45,2026-04-16,2026-04-13,West,Kavya Iyer,Closed,On Time
PO202502572,2025-12-29,V001,Apex Office Solutions,Sales & Marketing,Office Supplies,ITM001,A4 Copier Paper - 500 Sheets,18,238.75,4297.5,Net 30,2026-01-04,2026-01-03,East,Arjun Nair,Closed,On Time
PO202502573,2025-11-20,V002,Metro Business Supplies,Sales & Marketing,Office Supplies,ITM001,A4 Copier Paper - 500 Sheets,38,230.29,8751.02,Net 45,2025-11-25,2025-11-25,East,Arjun Nair,Closed,On Time
PO202502574,2025-11-20,V004,Nexa Technologies,Human Resources,Technology,ITM004,Wireless Keyboard & Mouse,42,1751.96,73582.32,Net 30,2025-12-05,2025-12-07,North,Neha Kapoor,Closed,Late
PO202602575,2026-02-06,V005,Vertex Digital Systems,IT,Technology,ITM009,Annual Software License,4,24413.07,97652.28,Net 45,2026-02-24,2026-02-23,South,Vikram Reddy,Closed,On Time
PO202502576,2025-04-18,V006,CoreTech Solutions,Sales & Marketing,Technology,ITM008,Network Switch - 24 Port,4,14769.61,59078.44,Net 30,2025-04-25,2025-04-27,West,Ishita Shah,Closed,Late
PO202502577,2025-06-29,V002,Metro Business Supplies,Operations,Office Supplies,ITM003,Ergonomic Office Chair,6,7092.01,42552.06,Net 45,2025-07-13,2025-07-13,West,Rohit Mehta,Closed,On Time
PO202502578,2025-11-18,V001,Apex Office Solutions,Sales & Marketing,Office Supplies,ITM003,Ergonomic Office Chair,13,7967.64,103579.32,Net 45,2025-12-05,2025-12-02,East,Ishita Shah,Closed,On Time
PO202602579,2026-03-17,V013,MarketCraft Communications,Sales & Marketing,Marketing,ITM018,Printed Marketing Materials,1,14236.44,14236.44,Net 30,2026-04-03,2026-04-01,West,Ishita Shah,Closed,On Time
PO202502580,2025-08-12,V006,CoreTech Solutions,Finance,Technology,ITM009,Annual Software License,2,19695.34,39390.68,Net 30,2025-08-25,2025-08-30,West,Kavya Iyer,Closed,Late
PO202502581,2025-01-09,V004,Nexa Technologies,IT,Technology,ITM008,Network Switch - 24 Port,2,15811.98,31623.96,Net 45,2025-01-19,2025-01-19,South,Vikram Reddy,Closed,On Time
PO202502582,2025-04-18,V014,Insight Advisory Services,Human Resources,Professional Services,ITM019,Training Workshop - Per Batch,2,39315.89,78631.78,Net 45,2025-05-06,2025-05-06,West,Neha Kapoor,Closed,On Time
PO202502583,2025-08-22,V009,Urban Maintenance Co.,Operations,Facilities,ITM012,LED Panel Light,27,1559.1,42095.7,Net 30,2025-09-04,2025-09-03,South,Ananya Rao,Closed,On Time
PO202602584,2026-03-04,V004,Nexa Technologies,Human Resources,Technology,ITM007,USB-C Docking Station,3,9057.55,27172.65,Net 45,2026-03-13,2026-03-10,West,Neha Kapoor,Closed,On Time
PO202502585,2025-11-28,V003,Prime Workplace India,Administration,Office Supplies,ITM001,A4 Copier Paper - 500 Sheets,58,273.81,15880.98,Net 45,2025-12-09,2025-12-07,South,Meera Joshi,Closed,On Time
PO202502586,2025-11-20,V001,Apex Office Solutions,Finance,Office Supplies,ITM002,Black Toner Cartridge,13,3109.18,40419.34,Net 60,2025-11-29,2025-11-28,North,Kavya Iyer,Closed,On Time
PO202602587,2026-03-06,V015,TalentBridge Consulting,Administration,Professional Services,ITM019,Training Workshop - Per Batch,1,41628.31,41628.31,Net 45,2026-03-12,2026-03-12,North,Meera Joshi,Closed,On Time
PO202502588,2025-08-26,V014,Insight Advisory Services,Finance,professional services,ITM022,Data Reporting Support - Monthly,2,49259.64,98519.28,Net 45,2025-08-31,2025-08-31,South,Kavya Iyer,Closed,On Time
PO202502589,2025-08-17,V002,Metro Business Supplies,Finance,Office Supplies,ITM001,A4 Copier Paper - 500 Sheets,32,225.3,7209.6,Net 45,2025-08-22,2025-08-20,North,Kavya Iyer,Closed,On Time
PO202502590,2025-06-04,V005,Vertex Digital Systems,Sales & Marketing,Technology,ITM005,24-inch Business Monitor,1,11961.64,11961.64,Net 45,2025-06-14,2025-06-12,West,Ishita Shah,Closed,On Time
PO202502591,2025-07-16,V011,ProSafe Equipment,Operations,Safety,ITM014,Safety Gloves - Box,48,715.83,34359.84,Net 30,2025-08-01,2025-07-31,East,Ananya Rao,Closed,On Time
PO202602592,2026-01-22,V006,CoreTech Solutions,Human Resources,Technology,ITM006,Business Laptop - Standard,3,54571.23,163713.69,Net 30,2026-01-30,2026-01-30,North,Neha Kapoor,Closed,On Time
PO202602593,2026-04-26,V006,CoreTech Solutions,Human Resources,Technology,ITM005,24-inch Business Monitor,4,9872.36,39489.44,Net 30,2026-05-02,2026-05-01,North,Neha Kapoor,Closed,On Time
PO202502594,2025-08-17,V004,Nexa Technologies,IT,Technology,ITM007,USB-C Docking Station,10,8562.03,85620.3,Net 60,2025-08-26,2025-08-26,North,Vikram Reddy,Closed,On Time
PO202502595,2025-12-16,V010,SafeGuard Industrial,Operations,Safety,ITM016,First Aid Refill Kit,38,2139.01,81282.38,Net 30,2025-12-24,2025-12-24,West,Rohit Mehta,Closed,On Time
PO202602596,2026-02-16,V001,Apex Office Solutions,Operations,Office Supplies,ITM003,Ergonomic Office Chair,6,7821.34,46928.04,Net 30,2026-03-03,2026-03-03,East,Rohit Mehta,Closed,On Time
PO202602597,2026-01-04,V006,CoreTech Solutions,Human Resources,Technology,ITM008,Network Switch - 24 Port,2,15576.67,31153.34,Net 45,2026-01-12,2026-01-25,South,Neha Kapoor,Closed,Late
PO202502598,2025-11-18,V001,Apex Office Solutions,Administration,Office Supplies,ITM002,Black Toner Cartridge,11,3220.63,35426.93,Net 30,2025-12-01,2025-11-30,West,Meera Joshi,Closed,On Time
PO202602599,2026-03-26,V001,Apex Office Solutions,Sales & Marketing,Office Supplies,ITM003,Ergonomic Office Chair,15,7815.72,117235.8,Net 30,2026-04-10,2026-04-09,West,Arjun Nair,Closed,On Time
PO202502600,2025-10-28,V001,Apex Office Solutions,Operations,Office Supplies,ITM003,Ergonomic Office Chair,9,8114.3,73028.7,Net 45,2025-11-14,2025-11-19,East,Rohit Mehta,Closed,Late
